timestamp,source_node,destination_node,channel_type,latency_ms,message_size,status
2025-01-01 00:00:04,NODE-7724,NODE-7514,RF,196,698,SUCCESS
2025-01-01 00:00:08,NODE-1382,NODE-9809,RF,236,606,SUCCESS
2025-01-01 00:00:10,NODE-7325,NODE-6773,SATCOM,209,1471,SUCCESS
2025-01-01 00:00:13,NODE-8273,NODE-2077,FIBER,205,568,SUCCESS
2025-01-01 00:00:15,NODE-5636,NODE-2933,FIBER,239,815,SUCCESS
2025-01-01 00:00:16,NODE-6974,NODE-8366,RF,1312,564,DELAY
2025-01-01 00:00:20,NODE-2688,NODE-4716,FIBER,210,880,SUCCESS
2025-01-01 00:00:22,NODE-3565,NODE-1526,FIBER,198,816,SUCCESS
2025-01-01 00:00:25,NODE-7600,NODE-2928,FIBER,147,855,SUCCESS
2025-01-01 00:00:27,NODE-2828,NODE-9712,RF,112,1018,SUCCESS
2025-01-01 00:00:28,NODE-5570,NODE-5693,SATCOM,246,544,SUCCESS
2025-01-01 00:00:30,NODE-8815,NODE-5510,RF,44,662,SUCCESS
2025-01-01 00:00:33,NODE-4248,NODE-7225,SATCOM,99,1034,SUCCESS
2025-01-01 00:00:34,NODE-5444,NODE-1293,SATCOM,226,1495,SUCCESS
2025-01-01 00:00:38,NODE-8516,NODE-4875,FIBER,237,941,SUCCESS
2025-01-01 00:00:40,NODE-7090,NODE-9403,FIBER,1188,1211,DELAY
2025-01-01 00:00:41,NODE-5781,NODE-8545,SATCOM,130,1301,SUCCESS
2025-01-01 00:00:45,NODE-6016,NODE-9946,FIBER,159,1329,SUCCESS
2025-01-01 00:00:47,NODE-6527,NODE-1686,RF,86,579,SUCCESS
2025-01-01 00:00:51,NODE-1137,NODE-3987,FIBER,196,1032,SUCCESS
2025-01-01 00:00:55,NODE-1034,NODE-8545,FIBER,150,524,SUCCESS
2025-01-01 00:00:57,NODE-7792,NODE-6970,RF,234,554,SUCCESS
2025-01-01 00:00:59,NODE-3373,NODE-9408,SATCOM,172,452,SUCCESS
2025-01-01 00:01:00,NODE-8971,NODE-1838,SATCOM,203,1007,SUCCESS
2025-01-01 00:01:04,NODE-5022,NODE-9309,SATCOM,170,1188,SUCCESS
2025-01-01 00:01:05,NODE-7185,NODE-9599,RF,219,853,SUCCESS
2025-01-01 00:01:07,NODE-5882,NODE-2142,SATCOM,78,856,SUCCESS
2025-01-01 00:01:09,NODE-1720,NODE-2383,SATCOM,167,842,SUCCESS
2025-01-01 00:01:11,NODE-4785,NODE-2512,SATCOM,175,227,SUCCESS
2025-01-01 00:01:12,NODE-2919,NODE-1241,SATCOM,236,1417,SUCCESS
2025-01-01 00:01:13,NODE-6738,NODE-2956,RF,129,478,SUCCESS
2025-01-01 00:01:14,NODE-5545,NODE-1561,FIBER,170,367,SUCCESS
2025-01-01 00:01:15,NODE-2536,NODE-2456,FIBER,166,1153,SUCCESS
2025-01-01 00:01:19,NODE-4763,NODE-2145,SATCOM,85,596,SUCCESS
2025-01-01 00:01:21,NODE-3006,NODE-3057,RF,185,339,SUCCESS
2025-01-01 00:01:22,NODE-4573,NODE-7295,SATCOM,2167,4857,FAIL
2025-01-01 00:01:26,NODE-5945,NODE-4040,SATCOM,1092,1013,DELAY
2025-01-01 00:01:28,NODE-4823,NODE-8190,SATCOM,66,1481,SUCCESS
2025-01-01 00:01:29,NODE-6302,NODE-6079,FIBER,149,961,SUCCESS
2025-01-01 00:01:33,NODE-7971,NODE-3637,FIBER,134,287,SUCCESS
2025-01-01 00:01:37,NODE-1648,NODE-1229,SATCOM,243,484,SUCCESS
2025-01-01 00:01:39,NODE-8138,NODE-3821,SATCOM,101,1117,SUCCESS
2025-01-01 00:01:40,NODE-3068,NODE-6688,SATCOM,44,737,SUCCESS
2025-01-01 00:01:44,NODE-3212,NODE-1932,FIBER,169,978,SUCCESS
2025-01-01 00:01:46,NODE-1768,NODE-3084,SATCOM,84,1111,SUCCESS
2025-01-01 00:01:47,NODE-9606,NODE-7486,RF,225,1461,SUCCESS
2025-01-01 00:01:51,NODE-5237,NODE-8438,RF,125,936,SUCCESS
2025-01-01 00:01:53,NODE-8579,NODE-5081,SATCOM,131,903,SUCCESS
2025-01-01 00:01:55,NODE-1390,NODE-1206,RF,122,1120,SUCCESS
2025-01-01 00:01:59,NODE-6611,NODE-3806,SATCOM,238,1230,SUCCESS
2025-01-01 00:02:02,NODE-5792,NODE-5966,SATCOM,90,739,SUCCESS
2025-01-01 00:02:03,NODE-3857,NODE-7366,RF,243,417,SUCCESS
2025-01-01 00:02:05,NODE-9880,NODE-9621,SATCOM,162,1055,SUCCESS
2025-01-01 00:02:09,NODE-8843,NODE-7316,RF,162,1127,SUCCESS
2025-01-01 00:02:13,NODE-9141,NODE-7458,SATCOM,139,1294,SUCCESS
2025-01-01 00:02:17,NODE-5785,NODE-5502,SATCOM,213,1290,SUCCESS
2025-01-01 00:02:20,NODE-3663,NODE-3324,SATCOM,2971,4868,FAIL
2025-01-01 00:02:24,NODE-2207,NODE-3752,SATCOM,84,818,SUCCESS
2025-01-01 00:02:27,NODE-1485,NODE-5403,RF,945,1227,DELAY
2025-01-01 00:02:28,NODE-8079,NODE-3566,SATCOM,130,876,SUCCESS
2025-01-01 00:02:30,NODE-5886,NODE-3807,FIBER,247,1317,SUCCESS
2025-01-01 00:02:31,NODE-8607,NODE-8986,RF,77,265,SUCCESS
2025-01-01 00:02:34,NODE-3917,NODE-9650,SATCOM,157,717,SUCCESS
2025-01-01 00:02:36,NODE-3553,NODE-3893,RF,140,1380,SUCCESS
2025-01-01 00:02:39,NODE-2198,NODE-5211,FIBER,197,683,SUCCESS
2025-01-01 00:02:40,NODE-2955,NODE-2767,SATCOM,115,446,SUCCESS
2025-01-01 00:02:41,NODE-9821,NODE-4739,RF,120,622,SUCCESS
2025-01-01 00:02:44,NODE-1272,NODE-5550,FIBER,81,1041,SUCCESS
2025-01-01 00:02:45,NODE-1287,NODE-8455,RF,58,335,SUCCESS
2025-01-01 00:02:48,NODE-4689,NODE-6311,FIBER,133,836,SUCCESS
2025-01-01 00:02:49,NODE-9955,NODE-2338,FIBER,2026,5315,FAIL
2025-01-01 00:02:50,NODE-3422,NODE-4442,SATCOM,57,311,SUCCESS
2025-01-01 00:02:53,NODE-4090,NODE-3664,RF,1152,1495,DELAY
2025-01-01 00:02:54,NODE-9431,NODE-1072,SATCOM,192,967,SUCCESS
2025-01-01 00:02:57,NODE-2310,NODE-7277,RF,190,1175,SUCCESS
2025-01-01 00:02:59,NODE-5291,NODE-8709,RF,117,265,SUCCESS
2025-01-01 00:03:00,NODE-6643,NODE-9361,RF,70,1148,SUCCESS
2025-01-01 00:03:03,NODE-7641,NODE-7408,FIBER,230,812,SUCCESS
2025-01-01 00:03:05,NODE-8332,NODE-1800,SATCOM,1196,1273,DELAY
2025-01-01 00:03:07,NODE-5591,NODE-2509,SATCOM,61,460,SUCCESS
2025-01-01 00:03:10,NODE-1453,NODE-7365,SATCOM,77,524,SUCCESS
2025-01-01 00:03:13,NODE-7065,NODE-4599,SATCOM,186,666,SUCCESS
2025-01-01 00:03:15,NODE-9422,NODE-7894,SATCOM,211,235,SUCCESS
2025-01-01 00:03:16,NODE-9538,NODE-2953,SATCOM,99,1135,SUCCESS
2025-01-01 00:03:17,NODE-3815,NODE-1480,FIBER,1158,215,DELAY
2025-01-01 00:03:21,NODE-4338,NODE-5272,SATCOM,237,645,SUCCESS
2025-01-01 00:03:24,NODE-3989,NODE-2960,SATCOM,197,722,SUCCESS
2025-01-01 00:03:26,NODE-1429,NODE-4064,SATCOM,167,1146,SUCCESS
2025-01-01 00:03:27,NODE-6369,NODE-4834,RF,182,415,SUCCESS
2025-01-01 00:03:30,NODE-6212,NODE-3810,SATCOM,186,848,SUCCESS
2025-01-01 00:03:34,NODE-1424,NODE-2849,SATCOM,42,515,SUCCESS
2025-01-01 00:03:37,NODE-1470,NODE-7391,SATCOM,138,1116,SUCCESS
2025-01-01 00:03:41,NODE-4240,NODE-1220,RF,1553,534,DELAY
2025-01-01 00:03:44,NODE-6955,NODE-4017,FIBER,245,673,SUCCESS
2025-01-01 00:03:45,NODE-3087,NODE-4842,FIBER,43,1255,SUCCESS
2025-01-01 00:03:48,NODE-5094,NODE-2071,RF,40,1135,SUCCESS
2025-01-01 00:03:51,NODE-7702,NODE-5012,FIBER,1439,639,DELAY
2025-01-01 00:03:53,NODE-4031,NODE-7099,FIBER,231,1170,SUCCESS
2025-01-01 00:03:57,NODE-3266,NODE-8823,SATCOM,185,724,SUCCESS
2025-01-01 00:04:01,NODE-2071,NODE-7387,FIBER,80,229,SUCCESS
2025-01-01 00:04:02,NODE-8861,NODE-7466,FIBER,180,1032,SUCCESS
2025-01-01 00:04:03,NODE-8250,NODE-4298,SATCOM,226,1128,SUCCESS
2025-01-01 00:04:04,NODE-7609,NODE-7164,SATCOM,137,1177,SUCCESS
2025-01-01 00:04:06,NODE-3952,NODE-4878,RF,42,408,SUCCESS
2025-01-01 00:04:07,NODE-6899,NODE-6759,RF,177,747,SUCCESS
2025-01-01 00:04:11,NODE-8599,NODE-2584,SATCOM,2759,3342,FAIL
2025-01-01 00:04:14,NODE-6758,NODE-8532,FIBER,97,330,SUCCESS
2025-01-01 00:04:18,NODE-2942,NODE-5165,RF,937,454,DELAY
2025-01-01 00:04:21,NODE-7576,NODE-7795,SATCOM,210,701,SUCCESS
2025-01-01 00:04:24,NODE-3610,NODE-8419,FIBER,115,280,SUCCESS
2025-01-01 00:04:25,NODE-3446,NODE-9386,SATCOM,2170,4920,FAIL
2025-01-01 00:04:29,NODE-8469,NODE-2690,SATCOM,179,265,SUCCESS
2025-01-01 00:04:32,NODE-1714,NODE-6218,RF,134,868,SUCCESS
2025-01-01 00:04:33,NODE-1538,NODE-2238,SATCOM,128,1480,SUCCESS
2025-01-01 00:04:34,NODE-9965,NODE-9283,SATCOM,44,917,SUCCESS
2025-01-01 00:04:36,NODE-4114,NODE-6647,FIBER,120,1059,SUCCESS
2025-01-01 00:04:37,NODE-5972,NODE-6342,FIBER,230,247,SUCCESS
2025-01-01 00:04:38,NODE-9964,NODE-8160,RF,867,878,DELAY
2025-01-01 00:04:39,NODE-1556,NODE-5405,FIBER,131,1285,SUCCESS
2025-01-01 00:04:40,NODE-3611,NODE-6050,FIBER,197,1225,SUCCESS
2025-01-01 00:04:44,NODE-8968,NODE-4599,FIBER,3195,5053,FAIL
2025-01-01 00:04:48,NODE-1619,NODE-6439,FIBER,44,609,SUCCESS
2025-01-01 00:04:50,NODE-5234,NODE-6098,RF,62,484,SUCCESS
2025-01-01 00:04:51,NODE-2490,NODE-4208,FIBER,122,732,SUCCESS
2025-01-01 00:04:55,NODE-2408,NODE-5977,RF,233,976,SUCCESS
2025-01-01 00:04:57,NODE-9093,NODE-2402,SATCOM,1360,836,DELAY
2025-01-01 00:05:01,NODE-3301,NODE-4652,RF,218,1280,SUCCESS
2025-01-01 00:05:02,NODE-6875,NODE-7442,FIBER,44,1157,SUCCESS
2025-01-01 00:05:03,NODE-8255,NODE-4517,FIBER,1303,1136,DELAY
2025-01-01 00:05:06,NODE-2374,NODE-1190,RF,1197,664,DELAY
2025-01-01 00:05:08,NODE-2843,NODE-7290,RF,201,208,SUCCESS
2025-01-01 00:05:09,NODE-5130,NODE-2689,RF,244,1283,SUCCESS
2025-01-01 00:05:11,NODE-6767,NODE-7409,FIBER,70,345,SUCCESS
2025-01-01 00:05:13,NODE-1297,NODE-3443,RF,71,514,SUCCESS
2025-01-01 00:05:14,NODE-1276,NODE-7355,SATCOM,133,599,SUCCESS
2025-01-01 00:05:18,NODE-6669,NODE-9017,SATCOM,157,969,SUCCESS
2025-01-01 00:05:21,NODE-3150,NODE-2942,RF,206,1220,SUCCESS
2025-01-01 00:05:23,NODE-7197,NODE-2086,SATCOM,49,387,SUCCESS
2025-01-01 00:05:24,NODE-4646,NODE-6281,SATCOM,213,1115,SUCCESS
2025-01-01 00:05:28,NODE-7138,NODE-4490,RF,91,1436,SUCCESS
2025-01-01 00:05:32,NODE-1346,NODE-1489,FIBER,100,700,SUCCESS
2025-01-01 00:05:33,NODE-5669,NODE-4986,SATCOM,121,783,SUCCESS
2025-01-01 00:05:37,NODE-6894,NODE-4048,FIBER,1952,6463,FAIL
2025-01-01 00:05:39,NODE-1229,NODE-7049,SATCOM,200,1140,SUCCESS
2025-01-01 00:05:41,NODE-2608,NODE-5125,SATCOM,131,875,SUCCESS
2025-01-01 00:05:42,NODE-3871,NODE-3201,RF,121,1472,SUCCESS
2025-01-01 00:05:45,NODE-7332,NODE-2862,FIBER,67,346,SUCCESS
2025-01-01 00:05:49,NODE-2964,NODE-2741,RF,186,362,SUCCESS
2025-01-01 00:05:52,NODE-7688,NODE-1108,FIBER,57,1111,SUCCESS
2025-01-01 00:05:53,NODE-8790,NODE-3208,SATCOM,212,829,SUCCESS
2025-01-01 00:05:57,NODE-1362,NODE-6122,SATCOM,154,286,SUCCESS
2025-01-01 00:05:58,NODE-5998,NODE-3833,FIBER,141,534,SUCCESS
2025-01-01 00:06:00,NODE-6997,NODE-9488,SATCOM,68,1245,SUCCESS
2025-01-01 00:06:03,NODE-8339,NODE-7163,FIBER,103,1010,SUCCESS
2025-01-01 00:06:06,NODE-2753,NODE-6757,SATCOM,2096,5993,FAIL
2025-01-01 00:06:09,NODE-2982,NODE-7902,RF,85,1110,SUCCESS
2025-01-01 00:06:11,NODE-8337,NODE-6562,RF,88,672,SUCCESS
2025-01-01 00:06:14,NODE-8890,NODE-1992,FIBER,228,1083,SUCCESS
2025-01-01 00:06:18,NODE-3022,NODE-3994,RF,216,1310,SUCCESS
2025-01-01 00:06:19,NODE-7126,NODE-1647,FIBER,83,1259,SUCCESS
2025-01-01 00:06:22,NODE-6374,NODE-8919,SATCOM,46,222,SUCCESS
2025-01-01 00:06:25,NODE-3837,NODE-9885,RF,54,351,SUCCESS
2025-01-01 00:06:28,NODE-3536,NODE-7251,RF,202,1305,SUCCESS
2025-01-01 00:06:30,NODE-4429,NODE-4210,RF,165,817,SUCCESS
2025-01-01 00:06:32,NODE-8746,NODE-5641,SATCOM,53,921,SUCCESS
2025-01-01 00:06:35,NODE-3910,NODE-9216,SATCOM,121,875,SUCCESS
2025-01-01 00:06:37,NODE-9371,NODE-7601,RF,50,261,SUCCESS
2025-01-01 00:06:41,NODE-7667,NODE-2163,SATCOM,67,962,SUCCESS
2025-01-01 00:06:45,NODE-5588,NODE-6690,SATCOM,225,373,SUCCESS
2025-01-01 00:06:49,NODE-7947,NODE-3968,FIBER,2822,6076,FAIL
2025-01-01 00:06:51,NODE-6391,NODE-3027,SATCOM,51,815,SUCCESS
2025-01-01 00:06:53,NODE-8880,NODE-3850,FIBER,167,1476,SUCCESS
2025-01-01 00:06:57,NODE-3278,NODE-3744,FIBER,118,212,SUCCESS
2025-01-01 00:07:01,NODE-3381,NODE-7551,FIBER,118,1174,SUCCESS
2025-01-01 00:07:03,NODE-9376,NODE-1423,SATCOM,58,649,SUCCESS
2025-01-01 00:07:04,NODE-5754,NODE-4074,RF,230,1007,SUCCESS
2025-01-01 00:07:08,NODE-5372,NODE-2513,FIBER,216,1241,SUCCESS
2025-01-01 00:07:09,NODE-3550,NODE-6681,RF,171,581,SUCCESS
2025-01-01 00:07:12,NODE-1849,NODE-5072,FIBER,235,457,SUCCESS
2025-01-01 00:07:15,NODE-4894,NODE-8854,SATCOM,193,712,SUCCESS
2025-01-01 00:07:16,NODE-6371,NODE-5290,RF,210,1252,SUCCESS
2025-01-01 00:07:19,NODE-1905,NODE-1494,SATCOM,43,679,SUCCESS
2025-01-01 00:07:21,NODE-6064,NODE-1355,SATCOM,110,895,SUCCESS
2025-01-01 00:07:24,NODE-7450,NODE-5568,FIBER,1087,1431,DELAY
2025-01-01 00:07:27,NODE-7569,NODE-3196,RF,243,970,SUCCESS
2025-01-01 00:07:31,NODE-4577,NODE-8183,SATCOM,72,1218,SUCCESS
2025-01-01 00:07:35,NODE-5166,NODE-1651,SATCOM,142,1163,SUCCESS
2025-01-01 00:07:39,NODE-8203,NODE-2635,FIBER,131,831,SUCCESS
2025-01-01 00:07:41,NODE-3681,NODE-7404,RF,166,294,SUCCESS
2025-01-01 00:07:43,NODE-8280,NODE-8243,RF,236,904,SUCCESS
2025-01-01 00:07:45,NODE-1790,NODE-9503,RF,201,255,SUCCESS
2025-01-01 00:07:47,NODE-1727,NODE-1702,SATCOM,66,1493,SUCCESS
2025-01-01 00:07:51,NODE-7032,NODE-4876,SATCOM,123,845,SUCCESS
2025-01-01 00:07:52,NODE-2758,NODE-6331,RF,190,1116,SUCCESS
2025-01-01 00:07:54,NODE-6563,NODE-1631,FIBER,2524,4935,FAIL
2025-01-01 00:07:58,NODE-2353,NODE-3564,SATCOM,195,934,SUCCESS
2025-01-01 00:08:02,NODE-8811,NODE-9663,SATCOM,47,605,SUCCESS
2025-01-01 00:08:03,NODE-7097,NODE-8513,RF,233,869,SUCCESS
2025-01-01 00:08:04,NODE-3037,NODE-2233,SATCOM,74,1383,SUCCESS
2025-01-01 00:08:08,NODE-6068,NODE-4081,RF,124,1092,SUCCESS
2025-01-01 00:08:12,NODE-4091,NODE-8383,RF,130,201,SUCCESS
2025-01-01 00:08:16,NODE-8675,NODE-9482,FIBER,145,896,SUCCESS
2025-01-01 00:08:19,NODE-6556,NODE-1246,SATCOM,132,477,SUCCESS
2025-01-01 00:08:21,NODE-3778,NODE-4961,FIBER,182,904,SUCCESS
2025-01-01 00:08:24,NODE-8149,NODE-3223,SATCOM,165,202,SUCCESS
2025-01-01 00:08:26,NODE-8769,NODE-6636,RF,42,353,SUCCESS
2025-01-01 00:08:28,NODE-5217,NODE-4970,RF,60,1080,SUCCESS
2025-01-01 00:08:30,NODE-6002,NODE-5947,FIBER,1584,349,DELAY
2025-01-01 00:08:33,NODE-9570,NODE-2552,RF,2927,3927,FAIL
2025-01-01 00:08:36,NODE-1937,NODE-3295,RF,62,818,SUCCESS
2025-01-01 00:08:38,NODE-5357,NODE-4503,FIBER,234,1172,SUCCESS
2025-01-01 00:08:42,NODE-1966,NODE-9481,FIBER,131,1469,SUCCESS
2025-01-01 00:08:44,NODE-9541,NODE-3606,RF,71,1397,SUCCESS
2025-01-01 00:08:48,NODE-4909,NODE-1694,RF,206,1211,SUCCESS
2025-01-01 00:08:49,NODE-7097,NODE-9592,RF,1305,311,DELAY
2025-01-01 00:08:50,NODE-1238,NODE-6481,FIBER,213,671,SUCCESS
2025-01-01 00:08:54,NODE-1193,NODE-2560,FIBER,47,624,SUCCESS
2025-01-01 00:08:57,NODE-7320,NODE-1117,FIBER,150,478,SUCCESS
2025-01-01 00:08:58,NODE-9257,NODE-6890,FIBER,135,472,SUCCESS
2025-01-01 00:08:59,NODE-5462,NODE-4459,FIBER,138,648,SUCCESS
2025-01-01 00:09:02,NODE-5058,NODE-6143,FIBER,239,1243,SUCCESS
2025-01-01 00:09:05,NODE-6863,NODE-5954,RF,235,977,SUCCESS
2025-01-01 00:09:07,NODE-5108,NODE-3280,FIBER,1199,1172,DELAY
2025-01-01 00:09:09,NODE-8291,NODE-5001,SATCOM,87,1286,SUCCESS
2025-01-01 00:09:13,NODE-6545,NODE-5023,SATCOM,136,1046,SUCCESS
2025-01-01 00:09:16,NODE-2089,NODE-5383,FIBER,54,738,SUCCESS
2025-01-01 00:09:17,NODE-6782,NODE-9393,RF,146,1132,SUCCESS
2025-01-01 00:09:19,NODE-9920,NODE-5208,FIBER,181,776,SUCCESS
2025-01-01 00:09:21,NODE-8220,NODE-1530,RF,134,333,SUCCESS
2025-01-01 00:09:25,NODE-8165,NODE-7256,FIBER,96,490,SUCCESS
2025-01-01 00:09:26,NODE-3898,NODE-6535,SATCOM,76,1436,SUCCESS
2025-01-01 00:09:27,NODE-4505,NODE-3690,RF,75,1047,SUCCESS
2025-01-01 00:09:31,NODE-9266,NODE-9074,RF,227,534,SUCCESS
2025-01-01 00:09:33,NODE-7223,NODE-3839,FIBER,108,1303,SUCCESS
2025-01-01 00:09:36,NODE-3861,NODE-7057,RF,118,1114,SUCCESS
2025-01-01 00:09:37,NODE-3791,NODE-5815,FIBER,126,545,SUCCESS
2025-01-01 00:09:38,NODE-8076,NODE-4477,SATCOM,193,677,SUCCESS
2025-01-01 00:09:41,NODE-6517,NODE-3922,SATCOM,172,470,SUCCESS
2025-01-01 00:09:42,NODE-2160,NODE-7153,FIBER,123,891,SUCCESS
2025-01-01 00:09:45,NODE-4246,NODE-4219,FIBER,1532,1088,DELAY
2025-01-01 00:09:48,NODE-2384,NODE-8158,FIBER,1387,1349,DELAY
2025-01-01 00:09:49,NODE-7601,NODE-6086,RF,229,656,SUCCESS
2025-01-01 00:09:53,NODE-2300,NODE-7608,FIBER,196,803,SUCCESS
2025-01-01 00:09:55,NODE-5996,NODE-7464,RF,189,1344,SUCCESS
2025-01-01 00:09:58,NODE-1632,NODE-3473,RF,199,1114,SUCCESS
2025-01-01 00:10:00,NODE-3067,NODE-5230,FIBER,211,915,SUCCESS
2025-01-01 00:10:01,NODE-1562,NODE-8171,SATCOM,228,496,SUCCESS
2025-01-01 00:10:04,NODE-1505,NODE-6366,SATCOM,64,364,SUCCESS
2025-01-01 00:10:06,NODE-1110,NODE-4945,RF,1212,868,DELAY
2025-01-01 00:10:07,NODE-7720,NODE-8661,RF,90,947,SUCCESS
2025-01-01 00:10:11,NODE-6104,NODE-5834,SATCOM,86,912,SUCCESS
2025-01-01 00:10:12,NODE-6846,NODE-4221,FIBER,221,1137,SUCCESS
2025-01-01 00:10:15,NODE-7186,NODE-4860,SATCOM,140,1382,SUCCESS
2025-01-01 00:10:17,NODE-8228,NODE-6661,SATCOM,239,575,SUCCESS
2025-01-01 00:10:20,NODE-3851,NODE-3877,RF,100,629,SUCCESS
2025-01-01 00:10:21,NODE-9076,NODE-8736,RF,1886,5786,FAIL
2025-01-01 00:10:23,NODE-4106,NODE-2875,FIBER,163,1034,SUCCESS
2025-01-01 00:10:26,NODE-4344,NODE-2196,SATCOM,131,535,SUCCESS
2025-01-01 00:10:30,NODE-4120,NODE-7490,SATCOM,223,364,SUCCESS
2025-01-01 00:10:32,NODE-2534,NODE-1779,RF,208,877,SUCCESS
2025-01-01 00:10:36,NODE-6268,NODE-1608,RF,41,1479,SUCCESS
2025-01-01 00:10:39,NODE-6539,NODE-9197,SATCOM,2664,3539,FAIL
2025-01-01 00:10:41,NODE-9346,NODE-2621,FIBER,61,885,SUCCESS
2025-01-01 00:10:42,NODE-8761,NODE-2994,RF,125,1016,SUCCESS
2025-01-01 00:10:46,NODE-2254,NODE-5500,FIBER,52,1426,SUCCESS
2025-01-01 00:10:47,NODE-8058,NODE-1595,SATCOM,227,1042,SUCCESS
2025-01-01 00:10:51,NODE-6985,NODE-5906,SATCOM,124,476,SUCCESS
2025-01-01 00:10:52,NODE-9493,NODE-7587,RF,66,549,SUCCESS
2025-01-01 00:10:55,NODE-9565,NODE-6657,FIBER,99,721,SUCCESS
2025-01-01 00:10:57,NODE-6833,NODE-3927,SATCOM,1170,237,DELAY
2025-01-01 00:10:59,NODE-3474,NODE-9516,SATCOM,82,1440,SUCCESS
2025-01-01 00:11:00,NODE-5186,NODE-5686,SATCOM,176,1432,SUCCESS
2025-01-01 00:11:02,NODE-3322,NODE-7725,RF,74,735,SUCCESS
2025-01-01 00:11:05,NODE-7662,NODE-7329,SATCOM,155,856,SUCCESS
2025-01-01 00:11:06,NODE-5296,NODE-6091,FIBER,159,1358,SUCCESS
2025-01-01 00:11:09,NODE-6244,NODE-8767,SATCOM,120,870,SUCCESS
2025-01-01 00:11:13,NODE-4285,NODE-5439,FIBER,224,437,SUCCESS
2025-01-01 00:11:15,NODE-2458,NODE-1129,FIBER,146,1370,SUCCESS
2025-01-01 00:11:17,NODE-1514,NODE-9112,FIBER,158,1388,SUCCESS
2025-01-01 00:11:21,NODE-6767,NODE-9711,FIBER,130,622,SUCCESS
2025-01-01 00:11:22,NODE-3440,NODE-7563,RF,65,645,SUCCESS
2025-01-01 00:11:25,NODE-6585,NODE-7774,FIBER,148,262,SUCCESS
2025-01-01 00:11:29,NODE-8541,NODE-8908,RF,222,1364,SUCCESS
2025-01-01 00:11:31,NODE-4918,NODE-3830,FIBER,124,1461,SUCCESS
2025-01-01 00:11:33,NODE-1289,NODE-5037,FIBER,2687,6787,FAIL
2025-01-01 00:11:35,NODE-8215,NODE-8471,FIBER,100,1374,SUCCESS
2025-01-01 00:11:36,NODE-6907,NODE-1740,RF,54,485,SUCCESS
2025-01-01 00:11:38,NODE-1475,NODE-4278,SATCOM,88,1495,SUCCESS
2025-01-01 00:11:42,NODE-6144,NODE-5928,RF,237,878,SUCCESS
2025-01-01 00:11:43,NODE-1209,NODE-8708,RF,164,435,SUCCESS
2025-01-01 00:11:44,NODE-2369,NODE-5857,FIBER,55,244,SUCCESS
2025-01-01 00:11:48,NODE-5960,NODE-7947,RF,100,1439,SUCCESS
2025-01-01 00:11:51,NODE-7287,NODE-5411,FIBER,80,910,SUCCESS
2025-01-01 00:11:55,NODE-5730,NODE-6177,FIBER,236,225,SUCCESS
2025-01-01 00:11:59,NODE-9172,NODE-5389,FIBER,188,1399,SUCCESS
2025-01-01 00:12:01,NODE-4677,NODE-3973,SATCOM,115,418,SUCCESS
2025-01-01 00:12:04,NODE-6368,NODE-1877,FIBER,143,815,SUCCESS
2025-01-01 00:12:06,NODE-7854,NODE-3993,SATCOM,131,358,SUCCESS
2025-01-01 00:12:09,NODE-9625,NODE-8058,FIBER,198,571,SUCCESS
2025-01-01 00:12:11,NODE-8481,NODE-4507,RF,100,1212,SUCCESS
2025-01-01 00:12:14,NODE-2391,NODE-3956,FIBER,105,559,SUCCESS
2025-01-01 00:12:16,NODE-5673,NODE-4201,FIBER,79,429,SUCCESS
2025-01-01 00:12:20,NODE-1891,NODE-6625,RF,64,558,SUCCESS
2025-01-01 00:12:21,NODE-5262,NODE-5822,RF,63,1419,SUCCESS
2025-01-01 00:12:25,NODE-3274,NODE-1760,FIBER,224,1490,SUCCESS
2025-01-01 00:12:29,NODE-4298,NODE-3656,SATCOM,71,1419,SUCCESS
2025-01-01 00:12:31,NODE-8111,NODE-2634,RF,136,1215,SUCCESS
2025-01-01 00:12:34,NODE-4134,NODE-7265,SATCOM,229,469,SUCCESS
2025-01-01 00:12:38,NODE-2776,NODE-1687,FIBER,169,1075,SUCCESS
2025-01-01 00:12:42,NODE-6349,NODE-5328,RF,239,569,SUCCESS
2025-01-01 00:12:46,NODE-7233,NODE-3700,SATCOM,242,1426,SUCCESS
2025-01-01 00:12:47,NODE-4399,NODE-6644,SATCOM,3005,4394,FAIL
2025-01-01 00:12:50,NODE-9855,NODE-5721,FIBER,183,1161,SUCCESS
2025-01-01 00:12:53,NODE-7361,NODE-5808,SATCOM,937,1261,DELAY
2025-01-01 00:12:56,NODE-4522,NODE-9418,SATCOM,964,480,DELAY
2025-01-01 00:13:00,NODE-7967,NODE-7707,SATCOM,223,979,SUCCESS
2025-01-01 00:13:03,NODE-5929,NODE-6572,RF,105,435,SUCCESS
2025-01-01 00:13:06,NODE-2624,NODE-7908,RF,96,332,SUCCESS
2025-01-01 00:13:09,NODE-5203,NODE-1741,FIBER,101,265,SUCCESS
2025-01-01 00:13:11,NODE-4111,NODE-5240,SATCOM,127,529,SUCCESS
2025-01-01 00:13:14,NODE-1656,NODE-4777,SATCOM,865,546,DELAY
2025-01-01 00:13:18,NODE-7604,NODE-5740,RF,105,521,SUCCESS
2025-01-01 00:13:20,NODE-2670,NODE-3830,RF,144,723,SUCCESS
2025-01-01 00:13:22,NODE-5849,NODE-1942,RF,146,975,SUCCESS
2025-01-01 00:13:26,NODE-3501,NODE-9720,RF,179,293,SUCCESS
2025-01-01 00:13:27,NODE-4181,NODE-2201,SATCOM,220,1364,SUCCESS
2025-01-01 00:13:28,NODE-6446,NODE-3240,FIBER,1445,249,DELAY
2025-01-01 00:13:32,NODE-2657,NODE-3476,SATCOM,159,416,SUCCESS
2025-01-01 00:13:33,NODE-5827,NODE-4510,SATCOM,204,893,SUCCESS
2025-01-01 00:13:36,NODE-4393,NODE-3795,RF,243,406,SUCCESS
2025-01-01 00:13:40,NODE-2829,NODE-9233,FIBER,112,312,SUCCESS
2025-01-01 00:13:43,NODE-6618,NODE-6122,SATCOM,246,1440,SUCCESS
2025-01-01 00:13:44,NODE-4198,NODE-7489,SATCOM,83,948,SUCCESS
2025-01-01 00:13:45,NODE-8886,NODE-9368,SATCOM,134,285,SUCCESS
2025-01-01 00:13:49,NODE-5650,NODE-4895,SATCOM,91,328,SUCCESS
2025-01-01 00:13:53,NODE-3339,NODE-5511,FIBER,68,974,SUCCESS
2025-01-01 00:13:57,NODE-9806,NODE-6371,FIBER,148,1052,SUCCESS
2025-01-01 00:13:59,NODE-8839,NODE-9875,FIBER,57,275,SUCCESS
2025-01-01 00:14:00,NODE-3169,NODE-5298,SATCOM,133,249,SUCCESS
2025-01-01 00:14:04,NODE-8120,NODE-3999,FIBER,224,341,SUCCESS
2025-01-01 00:14:05,NODE-4817,NODE-4933,FIBER,101,670,SUCCESS
2025-01-01 00:14:09,NODE-7938,NODE-8666,RF,43,563,SUCCESS
2025-01-01 00:14:10,NODE-3769,NODE-8940,RF,246,1108,SUCCESS
2025-01-01 00:14:13,NODE-9566,NODE-1777,FIBER,173,1351,SUCCESS
2025-01-01 00:14:16,NODE-9807,NODE-5356,SATCOM,85,526,SUCCESS
2025-01-01 00:14:20,NODE-3726,NODE-3761,FIBER,60,656,SUCCESS
2025-01-01 00:14:21,NODE-4536,NODE-6396,SATCOM,1467,1117,DELAY
2025-01-01 00:14:25,NODE-6438,NODE-2128,SATCOM,76,1243,SUCCESS
2025-01-01 00:14:26,NODE-8567,NODE-1290,RF,109,1239,SUCCESS
2025-01-01 00:14:29,NODE-6370,NODE-9226,SATCOM,1111,872,DELAY
2025-01-01 00:14:33,NODE-3349,NODE-3104,SATCOM,86,1359,SUCCESS
2025-01-01 00:14:36,NODE-3696,NODE-3357,FIBER,1418,635,DELAY
2025-01-01 00:14:40,NODE-9373,NODE-2337,SATCOM,225,562,SUCCESS
2025-01-01 00:14:43,NODE-7676,NODE-5499,SATCOM,63,1083,SUCCESS
2025-01-01 00:14:47,NODE-8734,NODE-3264,SATCOM,92,1387,SUCCESS
2025-01-01 00:14:49,NODE-8898,NODE-7479,FIBER,65,513,SUCCESS
2025-01-01 00:14:51,NODE-9469,NODE-1065,FIBER,65,1449,SUCCESS
2025-01-01 00:14:54,NODE-4900,NODE-5786,FIBER,164,730,SUCCESS
2025-01-01 00:14:56,NODE-6674,NODE-1764,FIBER,3172,4401,FAIL
2025-01-01 00:14:59,NODE-9178,NODE-5955,SATCOM,244,1136,SUCCESS
2025-01-01 00:15:02,NODE-3147,NODE-3497,FIBER,150,379,SUCCESS
2025-01-01 00:15:05,NODE-3133,NODE-6972,FIBER,850,834,DELAY
2025-01-01 00:15:07,NODE-6169,NODE-3857,RF,147,417,SUCCESS
2025-01-01 00:15:10,NODE-8542,NODE-1332,RF,124,871,SUCCESS
2025-01-01 00:15:11,NODE-4173,NODE-9781,SATCOM,81,1027,SUCCESS
2025-01-01 00:15:15,NODE-7495,NODE-5761,SATCOM,156,305,SUCCESS
2025-01-01 00:15:16,NODE-3896,NODE-8892,SATCOM,222,1009,SUCCESS
2025-01-01 00:15:19,NODE-3770,NODE-8279,RF,42,979,SUCCESS
2025-01-01 00:15:21,NODE-2677,NODE-9871,RF,210,1067,SUCCESS
2025-01-01 00:15:24,NODE-2619,NODE-8058,FIBER,2782,6094,FAIL
2025-01-01 00:15:26,NODE-9377,NODE-6302,FIBER,222,1472,SUCCESS
2025-01-01 00:15:28,NODE-6104,NODE-4637,SATCOM,1341,1270,DELAY
2025-01-01 00:15:30,NODE-8945,NODE-1964,SATCOM,99,234,SUCCESS
2025-01-01 00:15:32,NODE-4811,NODE-7145,RF,212,348,SUCCESS
2025-01-01 00:15:34,NODE-7138,NODE-4902,SATCOM,216,209,SUCCESS
2025-01-01 00:15:38,NODE-2620,NODE-1461,RF,103,1452,SUCCESS
2025-01-01 00:15:41,NODE-3309,NODE-8575,SATCOM,157,1052,SUCCESS
2025-01-01 00:15:45,NODE-4624,NODE-4128,RF,124,301,SUCCESS
2025-01-01 00:15:49,NODE-1649,NODE-5562,SATCOM,147,397,SUCCESS
2025-01-01 00:15:51,NODE-8898,NODE-9261,FIBER,1593,1291,DELAY
2025-01-01 00:15:55,NODE-7203,NODE-3211,SATCOM,217,601,SUCCESS
2025-01-01 00:15:57,NODE-7729,NODE-1379,RF,51,433,SUCCESS
2025-01-01 00:16:00,NODE-2079,NODE-9982,FIBER,109,1336,SUCCESS
2025-01-01 00:16:02,NODE-2910,NODE-7450,SATCOM,97,955,SUCCESS
2025-01-01 00:16:05,NODE-8942,NODE-9411,RF,81,815,SUCCESS
2025-01-01 00:16:07,NODE-7716,NODE-9138,FIBER,182,930,SUCCESS
2025-01-01 00:16:09,NODE-8948,NODE-2420,SATCOM,114,552,SUCCESS
2025-01-01 00:16:13,NODE-4260,NODE-1317,RF,225,482,SUCCESS
2025-01-01 00:16:17,NODE-6527,NODE-6443,FIBER,182,1492,SUCCESS
2025-01-01 00:16:21,NODE-7564,NODE-4734,FIBER,81,581,SUCCESS
2025-01-01 00:16:23,NODE-5256,NODE-8639,SATCOM,850,1453,DELAY
2025-01-01 00:16:26,NODE-6790,NODE-2675,SATCOM,44,1204,SUCCESS
2025-01-01 00:16:30,NODE-1653,NODE-2907,FIBER,68,1024,SUCCESS
2025-01-01 00:16:31,NODE-4284,NODE-1306,FIBER,126,477,SUCCESS
2025-01-01 00:16:35,NODE-8180,NODE-1973,SATCOM,112,288,SUCCESS
2025-01-01 00:16:39,NODE-6655,NODE-2332,FIBER,115,1469,SUCCESS
2025-01-01 00:16:43,NODE-7742,NODE-7034,FIBER,148,339,SUCCESS
2025-01-01 00:16:46,NODE-9383,NODE-7487,FIBER,181,1388,SUCCESS
2025-01-01 00:16:47,NODE-8002,NODE-4988,SATCOM,245,209,SUCCESS
2025-01-01 00:16:50,NODE-1991,NODE-1072,SATCOM,74,236,SUCCESS
2025-01-01 00:16:54,NODE-6093,NODE-9594,SATCOM,2872,6249,FAIL
2025-01-01 00:16:56,NODE-6955,NODE-3664,RF,233,619,SUCCESS
2025-01-01 00:16:58,NODE-9608,NODE-6696,SATCOM,117,795,SUCCESS
2025-01-01 00:16:59,NODE-2550,NODE-5076,RF,89,430,SUCCESS
2025-01-01 00:17:03,NODE-5198,NODE-4557,SATCOM,128,246,SUCCESS
2025-01-01 00:17:06,NODE-4876,NODE-3279,RF,177,443,SUCCESS
2025-01-01 00:17:07,NODE-6623,NODE-5083,FIBER,118,1262,SUCCESS
2025-01-01 00:17:10,NODE-3684,NODE-8835,RF,2681,3159,FAIL
2025-01-01 00:17:12,NODE-6461,NODE-8551,FIBER,50,1376,SUCCESS
2025-01-01 00:17:16,NODE-9951,NODE-7418,SATCOM,1189,750,DELAY
2025-01-01 00:17:20,NODE-2583,NODE-4172,RF,201,255,SUCCESS
2025-01-01 00:17:23,NODE-7029,NODE-3757,RF,137,912,SUCCESS
2025-01-01 00:17:26,NODE-3683,NODE-1937,FIBER,194,1078,SUCCESS
2025-01-01 00:17:28,NODE-4362,NODE-9172,RF,114,1418,SUCCESS
2025-01-01 00:17:31,NODE-1919,NODE-2169,FIBER,190,328,SUCCESS
2025-01-01 00:17:33,NODE-4782,NODE-5311,RF,79,683,SUCCESS
2025-01-01 00:17:37,NODE-1815,NODE-8888,SATCOM,71,964,SUCCESS
2025-01-01 00:17:41,NODE-5383,NODE-1638,FIBER,62,1136,SUCCESS
2025-01-01 00:17:44,NODE-4306,NODE-5337,FIBER,151,975,SUCCESS
2025-01-01 00:17:48,NODE-8381,NODE-7216,FIBER,65,372,SUCCESS
2025-01-01 00:17:49,NODE-8440,NODE-1957,SATCOM,2491,5288,FAIL
2025-01-01 00:17:52,NODE-9531,NODE-8383,RF,184,825,SUCCESS
2025-01-01 00:17:56,NODE-6147,NODE-4697,RF,128,880,SUCCESS
2025-01-01 00:17:58,NODE-6998,NODE-8021,RF,76,809,SUCCESS
2025-01-01 00:18:00,NODE-7543,NODE-4213,FIBER,66,1316,SUCCESS
2025-01-01 00:18:04,NODE-8035,NODE-1737,RF,69,1314,SUCCESS
2025-01-01 00:18:06,NODE-6491,NODE-5299,SATCOM,220,886,SUCCESS
2025-01-01 00:18:08,NODE-2911,NODE-4029,FIBER,89,736,SUCCESS
2025-01-01 00:18:12,NODE-3171,NODE-8580,SATCOM,249,381,SUCCESS
2025-01-01 00:18:15,NODE-4551,NODE-8476,SATCOM,204,837,SUCCESS
2025-01-01 00:18:18,NODE-4044,NODE-1994,SATCOM,98,235,SUCCESS
2025-01-01 00:18:20,NODE-4018,NODE-3578,SATCOM,226,607,SUCCESS
2025-01-01 00:18:22,NODE-3859,NODE-3199,RF,216,654,SUCCESS
2025-01-01 00:18:25,NODE-7987,NODE-8882,FIBER,1498,366,DELAY
2025-01-01 00:18:29,NODE-3676,NODE-8486,RF,173,1007,SUCCESS
2025-01-01 00:18:30,NODE-2206,NODE-2757,SATCOM,2251,6833,FAIL
2025-01-01 00:18:32,NODE-9412,NODE-2631,FIBER,41,414,SUCCESS
2025-01-01 00:18:35,NODE-4835,NODE-5597,RF,56,443,SUCCESS
2025-01-01 00:18:37,NODE-3302,NODE-2953,RF,167,1166,SUCCESS
2025-01-01 00:18:41,NODE-4639,NODE-1973,SATCOM,112,1025,SUCCESS
2025-01-01 00:18:43,NODE-1210,NODE-2325,SATCOM,211,866,SUCCESS
2025-01-01 00:18:44,NODE-5522,NODE-4309,RF,247,347,SUCCESS
2025-01-01 00:18:47,NODE-7186,NODE-7904,SATCOM,1390,602,DELAY
2025-01-01 00:18:50,NODE-7901,NODE-5710,FIBER,100,918,SUCCESS
2025-01-01 00:18:54,NODE-9404,NODE-8330,RF,249,616,SUCCESS
2025-01-01 00:18:56,NODE-4762,NODE-9691,RF,1252,450,DELAY
2025-01-01 00:18:59,NODE-2757,NODE-9408,FIBER,168,1202,SUCCESS
2025-01-01 00:19:02,NODE-4044,NODE-3021,RF,123,1148,SUCCESS
2025-01-01 00:19:06,NODE-9008,NODE-1858,FIBER,2721,4363,FAIL
2025-01-01 00:19:07,NODE-8439,NODE-3272,RF,42,559,SUCCESS
2025-01-01 00:19:08,NODE-7266,NODE-1657,FIBER,77,210,SUCCESS
2025-01-01 00:19:10,NODE-8866,NODE-6403,FIBER,249,1458,SUCCESS
2025-01-01 00:19:13,NODE-2527,NODE-6323,SATCOM,250,867,SUCCESS
2025-01-01 00:19:14,NODE-7153,NODE-7010,FIBER,97,446,SUCCESS
2025-01-01 00:19:15,NODE-2927,NODE-2496,SATCOM,190,1301,SUCCESS
2025-01-01 00:19:19,NODE-7406,NODE-4741,FIBER,1497,794,DELAY
2025-01-01 00:19:22,NODE-4188,NODE-2434,SATCOM,74,331,SUCCESS
2025-01-01 00:19:24,NODE-3347,NODE-6112,SATCOM,192,1308,SUCCESS
2025-01-01 00:19:28,NODE-1922,NODE-3319,RF,52,656,SUCCESS
2025-01-01 00:19:31,NODE-3822,NODE-8855,SATCOM,175,582,SUCCESS
2025-01-01 00:19:33,NODE-8146,NODE-2476,FIBER,194,1200,SUCCESS
2025-01-01 00:19:35,NODE-4321,NODE-5587,SATCOM,165,867,SUCCESS
2025-01-01 00:19:39,NODE-7229,NODE-3935,FIBER,63,684,SUCCESS
2025-01-01 00:19:40,NODE-8969,NODE-6401,RF,80,1427,SUCCESS
2025-01-01 00:19:43,NODE-4952,NODE-6120,FIBER,94,504,SUCCESS
2025-01-01 00:19:47,NODE-4584,NODE-9898,RF,170,297,SUCCESS
2025-01-01 00:19:48,NODE-5172,NODE-5918,RF,1289,1273,DELAY
2025-01-01 00:19:49,NODE-9356,NODE-3489,RF,2232,4123,FAIL
2025-01-01 00:19:51,NODE-9177,NODE-7380,FIBER,115,211,SUCCESS
2025-01-01 00:19:54,NODE-1016,NODE-9061,FIBER,41,1062,SUCCESS
2025-01-01 00:19:55,NODE-1612,NODE-6681,FIBER,67,398,SUCCESS
2025-01-01 00:19:56,NODE-8942,NODE-1554,FIBER,193,943,SUCCESS
2025-01-01 00:20:00,NODE-2127,NODE-4096,RF,203,952,SUCCESS
2025-01-01 00:20:01,NODE-2815,NODE-1797,RF,103,1269,SUCCESS
2025-01-01 00:20:05,NODE-7856,NODE-5775,FIBER,150,418,SUCCESS
2025-01-01 00:20:08,NODE-7040,NODE-3526,RF,2922,5824,FAIL
2025-01-01 00:20:09,NODE-4665,NODE-9734,RF,148,971,SUCCESS
2025-01-01 00:20:11,NODE-6729,NODE-9386,FIBER,138,341,SUCCESS
2025-01-01 00:20:15,NODE-2078,NODE-9291,FIBER,206,737,SUCCESS
2025-01-01 00:20:19,NODE-6946,NODE-2578,RF,1171,448,DELAY
2025-01-01 00:20:22,NODE-6214,NODE-8570,FIBER,118,1472,SUCCESS
2025-01-01 00:20:25,NODE-3742,NODE-6899,SATCOM,167,1317,SUCCESS
2025-01-01 00:20:27,NODE-8390,NODE-1343,RF,227,860,SUCCESS
2025-01-01 00:20:30,NODE-1572,NODE-3413,RF,1540,898,DELAY
2025-01-01 00:20:32,NODE-3752,NODE-3929,FIBER,1184,943,DELAY
2025-01-01 00:20:33,NODE-7684,NODE-6658,FIBER,184,800,SUCCESS
2025-01-01 00:20:35,NODE-3690,NODE-2350,RF,201,751,SUCCESS
2025-01-01 00:20:38,NODE-4833,NODE-7620,SATCOM,47,1143,SUCCESS
2025-01-01 00:20:40,NODE-2237,NODE-5310,SATCOM,244,1461,SUCCESS
2025-01-01 00:20:41,NODE-9788,NODE-4184,FIBER,205,1062,SUCCESS
2025-01-01 00:20:42,NODE-8084,NODE-7080,RF,2294,3101,FAIL
2025-01-01 00:20:46,NODE-4719,NODE-5471,FIBER,149,924,SUCCESS
2025-01-01 00:20:48,NODE-4899,NODE-3653,RF,210,908,SUCCESS
2025-01-01 00:20:50,NODE-6905,NODE-8019,SATCOM,197,363,SUCCESS
2025-01-01 00:20:54,NODE-3908,NODE-5205,FIBER,3050,4829,FAIL
2025-01-01 00:20:58,NODE-5974,NODE-7184,FIBER,205,472,SUCCESS
2025-01-01 00:21:00,NODE-5807,NODE-3158,FIBER,42,216,SUCCESS
2025-01-01 00:21:02,NODE-6093,NODE-4266,SATCOM,173,524,SUCCESS
2025-01-01 00:21:06,NODE-7440,NODE-1894,RF,102,483,SUCCESS
2025-01-01 00:21:08,NODE-2116,NODE-5336,SATCOM,1067,938,DELAY
2025-01-01 00:21:11,NODE-1492,NODE-5518,FIBER,152,958,SUCCESS
2025-01-01 00:21:14,NODE-7566,NODE-5191,FIBER,1239,818,DELAY
2025-01-01 00:21:16,NODE-6410,NODE-8399,SATCOM,219,1005,SUCCESS
2025-01-01 00:21:19,NODE-9876,NODE-5702,RF,201,210,SUCCESS
2025-01-01 00:21:22,NODE-4316,NODE-3691,SATCOM,142,1227,SUCCESS
2025-01-01 00:21:23,NODE-2102,NODE-9652,RF,63,1288,SUCCESS
2025-01-01 00:21:27,NODE-4190,NODE-8279,FIBER,173,786,SUCCESS
2025-01-01 00:21:29,NODE-2225,NODE-1900,SATCOM,140,1350,SUCCESS
2025-01-01 00:21:31,NODE-9891,NODE-4548,FIBER,147,1354,SUCCESS
2025-01-01 00:21:35,NODE-5840,NODE-5259,RF,907,1313,DELAY
2025-01-01 00:21:36,NODE-4382,NODE-1130,SATCOM,155,1319,SUCCESS
2025-01-01 00:21:37,NODE-1919,NODE-2672,RF,176,904,SUCCESS
2025-01-01 00:21:40,NODE-2437,NODE-5807,SATCOM,1286,981,DELAY
2025-01-01 00:21:42,NODE-8520,NODE-7325,FIBER,212,1336,SUCCESS
2025-01-01 00:21:46,NODE-1643,NODE-9203,RF,103,1289,SUCCESS
2025-01-01 00:21:48,NODE-6773,NODE-6955,RF,182,943,SUCCESS
2025-01-01 00:21:51,NODE-9752,NODE-1080,SATCOM,127,639,SUCCESS
2025-01-01 00:21:55,NODE-7547,NODE-7432,SATCOM,128,1374,SUCCESS
2025-01-01 00:21:59,NODE-5956,NODE-5167,SATCOM,248,358,SUCCESS
2025-01-01 00:22:00,NODE-1989,NODE-4204,FIBER,69,1375,SUCCESS
2025-01-01 00:22:03,NODE-8095,NODE-9035,RF,153,1167,SUCCESS
2025-01-01 00:22:05,NODE-3178,NODE-4150,RF,132,1225,SUCCESS
2025-01-01 00:22:07,NODE-5346,NODE-7582,SATCOM,217,346,SUCCESS
2025-01-01 00:22:11,NODE-1670,NODE-7581,RF,219,1343,SUCCESS
2025-01-01 00:22:14,NODE-2784,NODE-2281,RF,207,575,SUCCESS
2025-01-01 00:22:17,NODE-8093,NODE-5994,SATCOM,2742,3619,FAIL
2025-01-01 00:22:20,NODE-1953,NODE-3471,RF,56,1309,SUCCESS
2025-01-01 00:22:24,NODE-6201,NODE-2610,RF,1174,1190,DELAY
2025-01-01 00:22:26,NODE-5331,NODE-8755,FIBER,115,1198,SUCCESS
2025-01-01 00:22:29,NODE-1461,NODE-6711,FIBER,182,1267,SUCCESS
2025-01-01 00:22:31,NODE-8819,NODE-8552,FIBER,104,482,SUCCESS
2025-01-01 00:22:33,NODE-9876,NODE-2994,FIBER,101,286,SUCCESS
2025-01-01 00:22:37,NODE-9479,NODE-6125,RF,137,449,SUCCESS
2025-01-01 00:22:39,NODE-2974,NODE-5080,FIBER,106,1187,SUCCESS
2025-01-01 00:22:42,NODE-5938,NODE-3523,RF,82,1200,SUCCESS
2025-01-01 00:22:44,NODE-5957,NODE-9228,SATCOM,41,816,SUCCESS
2025-01-01 00:22:47,NODE-7946,NODE-4407,RF,208,1197,SUCCESS
2025-01-01 00:22:48,NODE-3533,NODE-6244,RF,181,894,SUCCESS
2025-01-01 00:22:49,NODE-3084,NODE-1909,SATCOM,117,1091,SUCCESS
2025-01-01 00:22:50,NODE-2176,NODE-7492,FIBER,194,1398,SUCCESS
2025-01-01 00:22:52,NODE-6361,NODE-3314,SATCOM,164,1013,SUCCESS
2025-01-01 00:22:54,NODE-9808,NODE-6339,RF,3111,4356,FAIL
2025-01-01 00:22:57,NODE-7920,NODE-1468,RF,49,1389,SUCCESS
2025-01-01 00:23:00,NODE-6356,NODE-3577,RF,95,1485,SUCCESS
2025-01-01 00:23:03,NODE-2047,NODE-8465,FIBER,55,1093,SUCCESS
2025-01-01 00:23:04,NODE-7495,NODE-5957,SATCOM,141,1247,SUCCESS
2025-01-01 00:23:05,NODE-4618,NODE-4043,SATCOM,1148,1282,DELAY
2025-01-01 00:23:08,NODE-3195,NODE-4710,FIBER,247,988,SUCCESS
2025-01-01 00:23:10,NODE-7409,NODE-1282,FIBER,102,705,SUCCESS
2025-01-01 00:23:11,NODE-1865,NODE-6838,FIBER,155,959,SUCCESS
2025-01-01 00:23:14,NODE-5891,NODE-4714,FIBER,2379,6582,FAIL
2025-01-01 00:23:17,NODE-5423,NODE-8017,SATCOM,2618,3515,FAIL
2025-01-01 00:23:19,NODE-3935,NODE-6781,SATCOM,45,548,SUCCESS
2025-01-01 00:23:23,NODE-2802,NODE-5709,RF,199,1245,SUCCESS
2025-01-01 00:23:27,NODE-9333,NODE-9821,RF,48,769,SUCCESS
2025-01-01 00:23:29,NODE-7585,NODE-3118,FIBER,2605,5454,FAIL
2025-01-01 00:23:32,NODE-8881,NODE-6447,FIBER,90,730,SUCCESS
2025-01-01 00:23:34,NODE-6818,NODE-5988,SATCOM,2834,6096,FAIL
2025-01-01 00:23:36,NODE-6273,NODE-1709,RF,108,1348,SUCCESS
2025-01-01 00:23:37,NODE-1309,NODE-8056,FIBER,198,607,SUCCESS
2025-01-01 00:23:38,NODE-7152,NODE-1703,SATCOM,69,666,SUCCESS
2025-01-01 00:23:39,NODE-7107,NODE-8910,RF,133,1134,SUCCESS
2025-01-01 00:23:40,NODE-7663,NODE-2998,FIBER,163,1004,SUCCESS
2025-01-01 00:23:44,NODE-7947,NODE-3896,FIBER,122,964,SUCCESS
2025-01-01 00:23:45,NODE-6543,NODE-9440,RF,146,1119,SUCCESS
2025-01-01 00:23:47,NODE-2406,NODE-1783,FIBER,147,435,SUCCESS
2025-01-01 00:23:49,NODE-7573,NODE-3045,RF,225,537,SUCCESS
2025-01-01 00:23:51,NODE-3254,NODE-2092,SATCOM,193,693,SUCCESS
2025-01-01 00:23:53,NODE-8624,NODE-7330,RF,132,350,SUCCESS
2025-01-01 00:23:57,NODE-4652,NODE-2042,SATCOM,227,871,SUCCESS
2025-01-01 00:23:58,NODE-9828,NODE-2842,FIBER,106,1226,SUCCESS
2025-01-01 00:24:00,NODE-1727,NODE-3026,SATCOM,1319,901,DELAY
2025-01-01 00:24:01,NODE-7821,NODE-4028,FIBER,188,346,SUCCESS
2025-01-01 00:24:02,NODE-7526,NODE-5637,SATCOM,215,906,SUCCESS
2025-01-01 00:24:05,NODE-9720,NODE-3580,RF,102,1000,SUCCESS
2025-01-01 00:24:07,NODE-2734,NODE-5603,RF,61,888,SUCCESS
2025-01-01 00:24:10,NODE-9399,NODE-9371,SATCOM,2003,6965,FAIL
2025-01-01 00:24:13,NODE-3936,NODE-5039,RF,105,985,SUCCESS
2025-01-01 00:24:15,NODE-2099,NODE-1521,FIBER,207,812,SUCCESS
2025-01-01 00:24:17,NODE-9057,NODE-5862,SATCOM,135,679,SUCCESS
2025-01-01 00:24:20,NODE-6430,NODE-5930,RF,1077,293,DELAY
2025-01-01 00:24:23,NODE-4957,NODE-1787,RF,213,837,SUCCESS
2025-01-01 00:24:27,NODE-7172,NODE-4332,SATCOM,84,1122,SUCCESS
2025-01-01 00:24:30,NODE-6804,NODE-4097,RF,129,1144,SUCCESS
2025-01-01 00:24:34,NODE-2152,NODE-6870,FIBER,135,515,SUCCESS
2025-01-01 00:24:35,NODE-6490,NODE-9180,FIBER,89,377,SUCCESS
2025-01-01 00:24:38,NODE-7907,NODE-9690,FIBER,84,599,SUCCESS
2025-01-01 00:24:39,NODE-1534,NODE-9419,SATCOM,911,761,DELAY
2025-01-01 00:24:42,NODE-6946,NODE-9310,RF,157,351,SUCCESS
2025-01-01 00:24:44,NODE-5499,NODE-7636,RF,1296,1313,DELAY
2025-01-01 00:24:47,NODE-1835,NODE-9731,FIBER,82,902,SUCCESS
2025-01-01 00:24:48,NODE-7226,NODE-8622,FIBER,72,1294,SUCCESS
2025-01-01 00:24:50,NODE-1637,NODE-5000,RF,215,1408,SUCCESS
2025-01-01 00:24:51,NODE-5584,NODE-5614,SATCOM,196,495,SUCCESS
2025-01-01 00:24:55,NODE-2936,NODE-5232,SATCOM,250,1311,SUCCESS
2025-01-01 00:24:59,NODE-3591,NODE-9630,SATCOM,242,1266,SUCCESS
2025-01-01 00:25:01,NODE-4761,NODE-3958,SATCOM,191,880,SUCCESS
2025-01-01 00:25:02,NODE-6840,NODE-5210,SATCOM,211,995,SUCCESS
2025-01-01 00:25:06,NODE-6901,NODE-1020,FIBER,234,1004,SUCCESS
2025-01-01 00:25:08,NODE-1606,NODE-5856,SATCOM,196,683,SUCCESS
2025-01-01 00:25:11,NODE-1444,NODE-6069,SATCOM,82,447,SUCCESS
2025-01-01 00:25:12,NODE-4737,NODE-2828,FIBER,829,920,DELAY
2025-01-01 00:25:16,NODE-1895,NODE-5949,FIBER,118,1464,SUCCESS
2025-01-01 00:25:18,NODE-3639,NODE-4714,SATCOM,191,1395,SUCCESS
2025-01-01 00:25:20,NODE-8255,NODE-9404,SATCOM,108,663,SUCCESS
2025-01-01 00:25:21,NODE-8906,NODE-9285,SATCOM,106,211,SUCCESS
2025-01-01 00:25:22,NODE-7724,NODE-8431,RF,125,440,SUCCESS
2025-01-01 00:25:23,NODE-5925,NODE-7871,SATCOM,97,330,SUCCESS
2025-01-01 00:25:26,NODE-4068,NODE-6763,FIBER,225,1478,SUCCESS
2025-01-01 00:25:29,NODE-4928,NODE-7525,FIBER,52,1119,SUCCESS
2025-01-01 00:25:33,NODE-2704,NODE-4711,SATCOM,103,986,SUCCESS
2025-01-01 00:25:35,NODE-1478,NODE-3544,SATCOM,94,621,SUCCESS
2025-01-01 00:25:36,NODE-3878,NODE-9312,SATCOM,205,1069,SUCCESS
2025-01-01 00:25:40,NODE-9917,NODE-4526,FIBER,1291,354,DELAY
2025-01-01 00:25:43,NODE-7223,NODE-2247,FIBER,192,827,SUCCESS
2025-01-01 00:25:46,NODE-1354,NODE-7680,RF,181,488,SUCCESS
2025-01-01 00:25:47,NODE-4253,NODE-5923,FIBER,165,1154,SUCCESS
2025-01-01 00:25:50,NODE-2283,NODE-8918,SATCOM,1934,4999,FAIL
2025-01-01 00:25:51,NODE-3107,NODE-8009,SATCOM,234,922,SUCCESS
2025-01-01 00:25:52,NODE-3774,NODE-6501,FIBER,182,1270,SUCCESS
2025-01-01 00:25:56,NODE-1348,NODE-9583,FIBER,54,894,SUCCESS
2025-01-01 00:25:59,NODE-4376,NODE-9524,RF,238,1178,SUCCESS
2025-01-01 00:26:00,NODE-9864,NODE-4518,RF,239,967,SUCCESS
2025-01-01 00:26:02,NODE-9642,NODE-4773,RF,244,1333,SUCCESS
2025-01-01 00:26:05,NODE-9471,NODE-3320,SATCOM,204,1149,SUCCESS
2025-01-01 00:26:08,NODE-1025,NODE-4668,FIBER,66,958,SUCCESS
2025-01-01 00:26:12,NODE-2890,NODE-3842,RF,84,397,SUCCESS
2025-01-01 00:26:14,NODE-3302,NODE-5555,SATCOM,55,772,SUCCESS
2025-01-01 00:26:15,NODE-2036,NODE-3352,FIBER,59,1129,SUCCESS
2025-01-01 00:26:17,NODE-9578,NODE-7204,RF,186,570,SUCCESS
2025-01-01 00:26:20,NODE-4384,NODE-3627,FIBER,204,506,SUCCESS
2025-01-01 00:26:23,NODE-7046,NODE-9233,RF,155,506,SUCCESS
2025-01-01 00:26:24,NODE-2527,NODE-8574,SATCOM,97,382,SUCCESS
2025-01-01 00:26:28,NODE-8676,NODE-2722,SATCOM,50,983,SUCCESS
2025-01-01 00:26:29,NODE-3958,NODE-4907,RF,150,546,SUCCESS
2025-01-01 00:26:32,NODE-5836,NODE-3269,FIBER,180,1064,SUCCESS
2025-01-01 00:26:34,NODE-6564,NODE-7323,SATCOM,77,291,SUCCESS
2025-01-01 00:26:37,NODE-1108,NODE-5108,SATCOM,185,1423,SUCCESS
2025-01-01 00:26:40,NODE-6951,NODE-5656,FIBER,44,1253,SUCCESS
2025-01-01 00:26:41,NODE-4685,NODE-8811,RF,918,847,DELAY
2025-01-01 00:26:43,NODE-9147,NODE-2333,SATCOM,220,1365,SUCCESS
2025-01-01 00:26:46,NODE-5118,NODE-6728,FIBER,170,1164,SUCCESS
2025-01-01 00:26:48,NODE-5569,NODE-7073,RF,123,1278,SUCCESS
2025-01-01 00:26:49,NODE-4553,NODE-9508,SATCOM,81,1418,SUCCESS
2025-01-01 00:26:51,NODE-4984,NODE-8538,RF,105,696,SUCCESS
2025-01-01 00:26:55,NODE-2189,NODE-2221,SATCOM,156,394,SUCCESS
2025-01-01 00:26:56,NODE-8518,NODE-5064,SATCOM,2158,6959,FAIL
2025-01-01 00:27:00,NODE-9795,NODE-6488,RF,143,1042,SUCCESS
2025-01-01 00:27:01,NODE-4374,NODE-2385,RF,116,1099,SUCCESS
2025-01-01 00:27:03,NODE-1397,NODE-9693,FIBER,180,530,SUCCESS
2025-01-01 00:27:05,NODE-2678,NODE-4122,SATCOM,904,396,DELAY
2025-01-01 00:27:08,NODE-4891,NODE-7033,FIBER,1257,222,DELAY
2025-01-01 00:27:09,NODE-3582,NODE-3448,FIBER,110,235,SUCCESS
2025-01-01 00:27:13,NODE-8955,NODE-2201,SATCOM,44,401,SUCCESS
2025-01-01 00:27:14,NODE-4340,NODE-6906,RF,47,1289,SUCCESS
2025-01-01 00:27:15,NODE-3200,NODE-2673,SATCOM,188,997,SUCCESS
2025-01-01 00:27:19,NODE-5720,NODE-7428,SATCOM,2769,6209,FAIL
2025-01-01 00:27:23,NODE-9456,NODE-7569,RF,148,1201,SUCCESS
2025-01-01 00:27:27,NODE-1439,NODE-4491,SATCOM,223,1269,SUCCESS
2025-01-01 00:27:28,NODE-3257,NODE-5102,SATCOM,221,1345,SUCCESS
2025-01-01 00:27:31,NODE-6221,NODE-5700,RF,187,233,SUCCESS
2025-01-01 00:27:34,NODE-1247,NODE-7929,RF,1426,1410,DELAY
2025-01-01 00:27:38,NODE-8477,NODE-4765,FIBER,133,960,SUCCESS
2025-01-01 00:27:42,NODE-9690,NODE-2174,RF,72,547,SUCCESS
2025-01-01 00:27:45,NODE-2894,NODE-9541,RF,169,385,SUCCESS
2025-01-01 00:27:46,NODE-5126,NODE-4501,SATCOM,84,285,SUCCESS
2025-01-01 00:27:50,NODE-7846,NODE-5594,RF,225,1282,SUCCESS
2025-01-01 00:27:53,NODE-8439,NODE-9732,RF,813,333,DELAY
2025-01-01 00:27:56,NODE-3359,NODE-8938,SATCOM,2235,4940,FAIL
2025-01-01 00:27:59,NODE-1312,NODE-4884,SATCOM,195,626,SUCCESS
2025-01-01 00:28:02,NODE-1428,NODE-3489,FIBER,63,1259,SUCCESS
2025-01-01 00:28:06,NODE-4879,NODE-2199,FIBER,162,381,SUCCESS
2025-01-01 00:28:08,NODE-8717,NODE-6605,FIBER,1201,1099,DELAY
2025-01-01 00:28:11,NODE-7632,NODE-1080,RF,1305,803,DELAY
2025-01-01 00:28:15,NODE-6754,NODE-4613,SATCOM,173,947,SUCCESS
2025-01-01 00:28:17,NODE-4467,NODE-7953,FIBER,79,1009,SUCCESS
2025-01-01 00:28:20,NODE-2552,NODE-2443,SATCOM,102,602,SUCCESS
2025-01-01 00:28:22,NODE-5513,NODE-7353,FIBER,1199,1056,DELAY
2025-01-01 00:28:23,NODE-4499,NODE-4278,RF,227,846,SUCCESS
2025-01-01 00:28:24,NODE-9813,NODE-4760,FIBER,105,812,SUCCESS
2025-01-01 00:28:27,NODE-4783,NODE-2433,SATCOM,126,1035,SUCCESS
2025-01-01 00:28:29,NODE-1731,NODE-1558,FIBER,99,770,SUCCESS
2025-01-01 00:28:30,NODE-7076,NODE-4535,SATCOM,105,307,SUCCESS
2025-01-01 00:28:33,NODE-6528,NODE-4601,FIBER,46,831,SUCCESS
2025-01-01 00:28:35,NODE-1355,NODE-9796,FIBER,1027,1125,DELAY
2025-01-01 00:28:36,NODE-4379,NODE-9515,FIBER,191,324,SUCCESS
2025-01-01 00:28:38,NODE-4473,NODE-8066,RF,222,750,SUCCESS
2025-01-01 00:28:39,NODE-1129,NODE-6048,RF,60,436,SUCCESS
2025-01-01 00:28:43,NODE-6675,NODE-6877,SATCOM,165,947,SUCCESS
2025-01-01 00:28:45,NODE-7274,NODE-1642,RF,238,1383,SUCCESS
2025-01-01 00:28:49,NODE-6173,NODE-4486,SATCOM,232,721,SUCCESS
2025-01-01 00:28:52,NODE-4594,NODE-1285,SATCOM,48,815,SUCCESS
2025-01-01 00:28:55,NODE-9755,NODE-6804,SATCOM,52,458,SUCCESS
2025-01-01 00:28:57,NODE-9790,NODE-8975,SATCOM,2223,4866,FAIL
2025-01-01 00:28:59,NODE-2476,NODE-3362,FIBER,1062,1214,DELAY
2025-01-01 00:29:03,NODE-3327,NODE-2762,FIBER,228,522,SUCCESS
2025-01-01 00:29:04,NODE-8977,NODE-1902,RF,216,837,SUCCESS
2025-01-01 00:29:08,NODE-3954,NODE-8176,RF,78,437,SUCCESS
2025-01-01 00:29:11,NODE-1809,NODE-7286,SATCOM,172,1492,SUCCESS
2025-01-01 00:29:15,NODE-3437,NODE-1494,RF,188,509,SUCCESS
2025-01-01 00:29:19,NODE-6710,NODE-9134,SATCOM,108,857,SUCCESS
2025-01-01 00:29:22,NODE-1168,NODE-7460,RF,1242,1289,DELAY
2025-01-01 00:29:26,NODE-7449,NODE-2363,SATCOM,156,907,SUCCESS
2025-01-01 00:29:29,NODE-8396,NODE-2957,RF,81,848,SUCCESS
2025-01-01 00:29:32,NODE-6765,NODE-6541,FIBER,1244,1028,DELAY
2025-01-01 00:29:36,NODE-5802,NODE-2904,SATCOM,82,590,SUCCESS
2025-01-01 00:29:40,NODE-4765,NODE-6620,FIBER,237,626,SUCCESS
2025-01-01 00:29:41,NODE-9067,NODE-6832,SATCOM,2807,5864,FAIL
2025-01-01 00:29:45,NODE-9709,NODE-2865,FIBER,147,1422,SUCCESS
2025-01-01 00:29:49,NODE-9604,NODE-8453,FIBER,187,509,SUCCESS
2025-01-01 00:29:53,NODE-8260,NODE-5986,FIBER,74,664,SUCCESS
2025-01-01 00:29:56,NODE-5965,NODE-1990,FIBER,84,351,SUCCESS
2025-01-01 00:30:00,NODE-9408,NODE-9255,RF,144,841,SUCCESS
2025-01-01 00:30:02,NODE-5948,NODE-8935,SATCOM,157,1047,SUCCESS
2025-01-01 00:30:06,NODE-5410,NODE-8556,RF,1131,1318,DELAY
2025-01-01 00:30:10,NODE-1693,NODE-6758,RF,138,1319,SUCCESS
2025-01-01 00:30:14,NODE-8196,NODE-8277,SATCOM,244,678,SUCCESS
2025-01-01 00:30:15,NODE-5679,NODE-9066,FIBER,148,333,SUCCESS
2025-01-01 00:30:18,NODE-2613,NODE-9970,RF,199,1264,SUCCESS
2025-01-01 00:30:21,NODE-3145,NODE-5543,RF,1436,364,DELAY
2025-01-01 00:30:25,NODE-7512,NODE-8579,FIBER,226,995,SUCCESS
2025-01-01 00:30:26,NODE-7741,NODE-2718,RF,218,1219,SUCCESS
2025-01-01 00:30:29,NODE-2679,NODE-5566,SATCOM,174,476,SUCCESS
2025-01-01 00:30:33,NODE-5594,NODE-5158,FIBER,244,1256,SUCCESS
2025-01-01 00:30:36,NODE-8262,NODE-8703,RF,211,749,SUCCESS
2025-01-01 00:30:37,NODE-7560,NODE-1440,RF,102,851,SUCCESS
2025-01-01 00:30:41,NODE-9568,NODE-6023,FIBER,59,408,SUCCESS
2025-01-01 00:30:42,NODE-3993,NODE-7059,FIBER,172,776,SUCCESS
2025-01-01 00:30:43,NODE-1596,NODE-4702,RF,192,1304,SUCCESS
2025-01-01 00:30:44,NODE-4275,NODE-1660,RF,67,426,SUCCESS
2025-01-01 00:30:45,NODE-5888,NODE-6505,SATCOM,192,906,SUCCESS
2025-01-01 00:30:46,NODE-2564,NODE-9731,RF,175,1063,SUCCESS
2025-01-01 00:30:50,NODE-4199,NODE-8919,RF,105,1077,SUCCESS
2025-01-01 00:30:54,NODE-9134,NODE-1679,RF,149,402,SUCCESS
2025-01-01 00:30:56,NODE-5688,NODE-6167,SATCOM,56,1360,SUCCESS
2025-01-01 00:31:00,NODE-1001,NODE-9562,RF,44,1252,SUCCESS
2025-01-01 00:31:01,NODE-6532,NODE-4322,SATCOM,104,492,SUCCESS
2025-01-01 00:31:03,NODE-9022,NODE-4958,FIBER,89,902,SUCCESS
2025-01-01 00:31:05,NODE-2444,NODE-7073,SATCOM,2386,3781,FAIL
2025-01-01 00:31:06,NODE-6035,NODE-1444,SATCOM,194,721,SUCCESS
2025-01-01 00:31:07,NODE-6736,NODE-8833,FIBER,3112,5426,FAIL
2025-01-01 00:31:08,NODE-8987,NODE-1922,RF,82,1138,SUCCESS
2025-01-01 00:31:10,NODE-6709,NODE-7985,SATCOM,1491,993,DELAY
2025-01-01 00:31:12,NODE-9739,NODE-5186,FIBER,47,918,SUCCESS
2025-01-01 00:31:14,NODE-5815,NODE-5789,RF,218,893,SUCCESS
2025-01-01 00:31:17,NODE-6431,NODE-8199,RF,61,749,SUCCESS
2025-01-01 00:31:21,NODE-7888,NODE-7744,FIBER,1589,275,DELAY
2025-01-01 00:31:22,NODE-9576,NODE-2304,SATCOM,3197,4880,FAIL
2025-01-01 00:31:24,NODE-4733,NODE-8298,SATCOM,106,1300,SUCCESS
2025-01-01 00:31:28,NODE-5884,NODE-2613,FIBER,145,917,SUCCESS
2025-01-01 00:31:29,NODE-5282,NODE-4783,SATCOM,139,1291,SUCCESS
2025-01-01 00:31:33,NODE-9830,NODE-6662,FIBER,197,851,SUCCESS
2025-01-01 00:31:37,NODE-8161,NODE-4306,SATCOM,216,209,SUCCESS
2025-01-01 00:31:41,NODE-8296,NODE-8225,SATCOM,181,389,SUCCESS
2025-01-01 00:31:44,NODE-7130,NODE-1509,SATCOM,101,695,SUCCESS
2025-01-01 00:31:46,NODE-3053,NODE-5326,RF,83,447,SUCCESS
2025-01-01 00:31:50,NODE-7188,NODE-6111,FIBER,1244,1309,DELAY
2025-01-01 00:31:53,NODE-4229,NODE-6576,RF,118,227,SUCCESS
2025-01-01 00:31:54,NODE-4622,NODE-9602,SATCOM,78,1153,SUCCESS
2025-01-01 00:31:58,NODE-5021,NODE-1215,RF,138,219,SUCCESS
2025-01-01 00:32:02,NODE-4313,NODE-9853,RF,116,204,SUCCESS
2025-01-01 00:32:06,NODE-8376,NODE-4434,RF,90,599,SUCCESS
2025-01-01 00:32:10,NODE-5614,NODE-3702,FIBER,100,860,SUCCESS
2025-01-01 00:32:11,NODE-3102,NODE-3237,RF,160,1033,SUCCESS
2025-01-01 00:32:14,NODE-6909,NODE-8159,FIBER,217,1353,SUCCESS
2025-01-01 00:32:16,NODE-3460,NODE-9631,RF,81,1469,SUCCESS
2025-01-01 00:32:19,NODE-4034,NODE-1518,FIBER,87,691,SUCCESS
2025-01-01 00:32:23,NODE-6064,NODE-4245,RF,1312,561,DELAY
2025-01-01 00:32:24,NODE-9484,NODE-7319,RF,126,1385,SUCCESS
2025-01-01 00:32:27,NODE-3413,NODE-2999,FIBER,2086,5079,FAIL
2025-01-01 00:32:30,NODE-6134,NODE-3678,SATCOM,166,1358,SUCCESS
2025-01-01 00:32:31,NODE-9942,NODE-2448,FIBER,56,1030,SUCCESS
2025-01-01 00:32:32,NODE-1097,NODE-7771,RF,216,804,SUCCESS
2025-01-01 00:32:33,NODE-4340,NODE-3299,FIBER,215,1333,SUCCESS
2025-01-01 00:32:37,NODE-7843,NODE-2631,FIBER,78,912,SUCCESS
2025-01-01 00:32:40,NODE-1336,NODE-1504,FIBER,192,407,SUCCESS
2025-01-01 00:32:42,NODE-7503,NODE-6152,FIBER,202,406,SUCCESS
2025-01-01 00:32:43,NODE-7214,NODE-4390,SATCOM,140,286,SUCCESS
2025-01-01 00:32:44,NODE-8415,NODE-3569,RF,216,1240,SUCCESS
2025-01-01 00:32:47,NODE-8136,NODE-1808,SATCOM,120,415,SUCCESS
2025-01-01 00:32:50,NODE-4794,NODE-2067,FIBER,55,376,SUCCESS
2025-01-01 00:32:51,NODE-7346,NODE-3394,RF,42,1466,SUCCESS
2025-01-01 00:32:52,NODE-6800,NODE-5675,FIBER,115,953,SUCCESS
2025-01-01 00:32:54,NODE-5831,NODE-7148,SATCOM,59,907,SUCCESS
2025-01-01 00:32:57,NODE-2526,NODE-1505,SATCOM,92,1309,SUCCESS
2025-01-01 00:33:01,NODE-3960,NODE-5774,FIBER,1121,710,DELAY
2025-01-01 00:33:02,NODE-8619,NODE-8899,FIBER,111,931,SUCCESS
2025-01-01 00:33:05,NODE-3787,NODE-7971,FIBER,70,1155,SUCCESS
2025-01-01 00:33:08,NODE-5889,NODE-2829,SATCOM,101,1212,SUCCESS
2025-01-01 00:33:09,NODE-8971,NODE-9902,RF,200,1245,SUCCESS
2025-01-01 00:33:13,NODE-2331,NODE-1054,RF,230,323,SUCCESS
2025-01-01 00:33:15,NODE-7134,NODE-8300,SATCOM,158,780,SUCCESS
2025-01-01 00:33:16,NODE-3015,NODE-6556,FIBER,152,1168,SUCCESS
2025-01-01 00:33:20,NODE-2797,NODE-6054,FIBER,95,1309,SUCCESS
2025-01-01 00:33:21,NODE-9605,NODE-9604,RF,1435,243,DELAY
2025-01-01 00:33:25,NODE-7590,NODE-7501,FIBER,50,532,SUCCESS
2025-01-01 00:33:27,NODE-8646,NODE-1082,SATCOM,40,1174,SUCCESS
2025-01-01 00:33:28,NODE-4458,NODE-1420,SATCOM,177,588,SUCCESS
2025-01-01 00:33:29,NODE-2127,NODE-6022,FIBER,1108,314,DELAY
2025-01-01 00:33:30,NODE-9357,NODE-9250,RF,1119,1423,DELAY
2025-01-01 00:33:32,NODE-1847,NODE-7219,RF,247,1000,SUCCESS
2025-01-01 00:33:36,NODE-8316,NODE-3467,FIBER,1287,867,DELAY
2025-01-01 00:33:39,NODE-4001,NODE-1725,SATCOM,243,1025,SUCCESS
2025-01-01 00:33:40,NODE-8472,NODE-9698,FIBER,157,1328,SUCCESS
2025-01-01 00:33:42,NODE-9233,NODE-5402,SATCOM,73,1456,SUCCESS
2025-01-01 00:33:46,NODE-7903,NODE-9868,FIBER,2112,3232,FAIL
2025-01-01 00:33:48,NODE-6177,NODE-9674,SATCOM,243,1029,SUCCESS
2025-01-01 00:33:51,NODE-4477,NODE-2790,RF,85,1133,SUCCESS
2025-01-01 00:33:55,NODE-6493,NODE-6679,RF,197,1073,SUCCESS
2025-01-01 00:33:57,NODE-1022,NODE-7622,SATCOM,224,1197,SUCCESS
2025-01-01 00:34:01,NODE-3061,NODE-1689,SATCOM,98,585,SUCCESS
2025-01-01 00:34:03,NODE-4120,NODE-2599,SATCOM,100,1099,SUCCESS
2025-01-01 00:34:06,NODE-7821,NODE-8611,SATCOM,219,646,SUCCESS
2025-01-01 00:34:09,NODE-3918,NODE-9274,SATCOM,41,793,SUCCESS
2025-01-01 00:34:10,NODE-8319,NODE-2886,RF,248,751,SUCCESS
2025-01-01 00:34:13,NODE-8958,NODE-8465,FIBER,79,872,SUCCESS
2025-01-01 00:34:17,NODE-6952,NODE-6936,SATCOM,184,881,SUCCESS
2025-01-01 00:34:18,NODE-1567,NODE-1894,RF,222,1127,SUCCESS
2025-01-01 00:34:21,NODE-4880,NODE-3029,FIBER,184,1499,SUCCESS
2025-01-01 00:34:22,NODE-4507,NODE-7373,RF,75,372,SUCCESS
2025-01-01 00:34:25,NODE-9641,NODE-2594,SATCOM,1546,1378,DELAY
2025-01-01 00:34:28,NODE-4900,NODE-6854,FIBER,1215,1040,DELAY
2025-01-01 00:34:29,NODE-3353,NODE-1799,SATCOM,242,323,SUCCESS
2025-01-01 00:34:33,NODE-3104,NODE-8012,RF,1402,446,DELAY
2025-01-01 00:34:34,NODE-3552,NODE-3083,SATCOM,164,731,SUCCESS
2025-01-01 00:34:38,NODE-5856,NODE-1359,RF,241,668,SUCCESS
2025-01-01 00:34:39,NODE-1384,NODE-7294,SATCOM,1594,1143,DELAY
2025-01-01 00:34:42,NODE-5895,NODE-5356,RF,1513,1355,DELAY
2025-01-01 00:34:43,NODE-8973,NODE-8657,RF,207,201,SUCCESS
2025-01-01 00:34:45,NODE-3839,NODE-7111,RF,906,1179,DELAY
2025-01-01 00:34:47,NODE-7557,NODE-6213,SATCOM,228,1142,SUCCESS
2025-01-01 00:34:50,NODE-3815,NODE-3415,FIBER,67,445,SUCCESS
2025-01-01 00:34:54,NODE-1312,NODE-6386,RF,130,831,SUCCESS
2025-01-01 00:34:58,NODE-1408,NODE-2421,RF,209,1343,SUCCESS
2025-01-01 00:35:02,NODE-4936,NODE-9589,FIBER,245,541,SUCCESS
2025-01-01 00:35:03,NODE-1537,NODE-4003,RF,214,694,SUCCESS
2025-01-01 00:35:05,NODE-6451,NODE-9177,FIBER,44,208,SUCCESS
2025-01-01 00:35:08,NODE-5213,NODE-3517,FIBER,219,484,SUCCESS
2025-01-01 00:35:09,NODE-8997,NODE-3479,RF,1511,1081,DELAY
2025-01-01 00:35:13,NODE-2170,NODE-2688,FIBER,105,1078,SUCCESS
2025-01-01 00:35:16,NODE-8591,NODE-4464,SATCOM,117,1129,SUCCESS
2025-01-01 00:35:19,NODE-7653,NODE-1542,SATCOM,249,587,SUCCESS
2025-01-01 00:35:22,NODE-3358,NODE-3557,RF,248,411,SUCCESS
2025-01-01 00:35:24,NODE-7472,NODE-4838,RF,44,1047,SUCCESS
2025-01-01 00:35:25,NODE-7344,NODE-3959,RF,85,1109,SUCCESS
2025-01-01 00:35:29,NODE-3620,NODE-4998,RF,179,1028,SUCCESS
2025-01-01 00:35:31,NODE-9755,NODE-3166,RF,249,552,SUCCESS
2025-01-01 00:35:32,NODE-9723,NODE-4301,SATCOM,201,306,SUCCESS
2025-01-01 00:35:33,NODE-7269,NODE-2665,RF,89,715,SUCCESS
2025-01-01 00:35:37,NODE-9661,NODE-3477,RF,45,1347,SUCCESS
2025-01-01 00:35:38,NODE-5148,NODE-6283,SATCOM,1167,1475,DELAY
2025-01-01 00:35:40,NODE-6669,NODE-5613,RF,188,1080,SUCCESS
2025-01-01 00:35:44,NODE-2220,NODE-9112,SATCOM,2815,3417,FAIL
2025-01-01 00:35:48,NODE-5601,NODE-1123,RF,1280,903,DELAY
2025-01-01 00:35:50,NODE-6538,NODE-9272,SATCOM,41,559,SUCCESS
2025-01-01 00:35:51,NODE-5707,NODE-7824,SATCOM,120,278,SUCCESS
2025-01-01 00:35:55,NODE-1869,NODE-6910,RF,192,530,SUCCESS
2025-01-01 00:35:58,NODE-1880,NODE-6320,FIBER,73,1400,SUCCESS
2025-01-01 00:36:01,NODE-9499,NODE-9296,RF,92,812,SUCCESS
2025-01-01 00:36:03,NODE-2565,NODE-8591,FIBER,144,791,SUCCESS
2025-01-01 00:36:04,NODE-2376,NODE-2614,RF,200,990,SUCCESS
2025-01-01 00:36:08,NODE-3208,NODE-5786,FIBER,146,295,SUCCESS
2025-01-01 00:36:09,NODE-3870,NODE-1904,RF,178,684,SUCCESS
2025-01-01 00:36:12,NODE-8601,NODE-2253,RF,239,255,SUCCESS
2025-01-01 00:36:15,NODE-8901,NODE-2324,RF,54,956,SUCCESS
2025-01-01 00:36:19,NODE-8329,NODE-1966,SATCOM,82,1140,SUCCESS
2025-01-01 00:36:22,NODE-1629,NODE-7397,RF,2388,5265,FAIL
2025-01-01 00:36:23,NODE-2267,NODE-2840,RF,104,1439,SUCCESS
2025-01-01 00:36:25,NODE-6585,NODE-5540,SATCOM,82,860,SUCCESS
2025-01-01 00:36:26,NODE-8104,NODE-6139,FIBER,203,1319,SUCCESS
2025-01-01 00:36:27,NODE-6960,NODE-7300,RF,212,897,SUCCESS
2025-01-01 00:36:29,NODE-8887,NODE-9186,SATCOM,62,774,SUCCESS
2025-01-01 00:36:31,NODE-9929,NODE-8170,RF,84,1068,SUCCESS
2025-01-01 00:36:34,NODE-6809,NODE-1990,SATCOM,69,681,SUCCESS
2025-01-01 00:36:36,NODE-9219,NODE-4505,RF,63,709,SUCCESS
2025-01-01 00:36:37,NODE-9564,NODE-8139,FIBER,1292,333,DELAY
2025-01-01 00:36:40,NODE-8993,NODE-3023,SATCOM,232,541,SUCCESS
2025-01-01 00:36:43,NODE-8846,NODE-4964,RF,72,280,SUCCESS
2025-01-01 00:36:45,NODE-9885,NODE-6523,RF,40,1106,SUCCESS
2025-01-01 00:36:46,NODE-1607,NODE-5509,RF,80,1431,SUCCESS
2025-01-01 00:36:49,NODE-3001,NODE-5005,SATCOM,125,1223,SUCCESS
2025-01-01 00:36:52,NODE-8444,NODE-6495,SATCOM,195,818,SUCCESS
2025-01-01 00:36:54,NODE-7673,NODE-2415,RF,232,380,SUCCESS
2025-01-01 00:36:55,NODE-5922,NODE-5107,RF,218,969,SUCCESS
2025-01-01 00:36:58,NODE-5307,NODE-3468,SATCOM,1465,482,DELAY
2025-01-01 00:37:00,NODE-7555,NODE-4686,SATCOM,120,449,SUCCESS
2025-01-01 00:37:01,NODE-4272,NODE-8691,RF,147,1113,SUCCESS
2025-01-01 00:37:04,NODE-5525,NODE-8977,RF,68,1176,SUCCESS
2025-01-01 00:37:07,NODE-9914,NODE-5454,SATCOM,41,361,SUCCESS
2025-01-01 00:37:08,NODE-7270,NODE-2107,RF,81,510,SUCCESS
2025-01-01 00:37:12,NODE-1437,NODE-6698,SATCOM,150,992,SUCCESS
2025-01-01 00:37:14,NODE-6159,NODE-1881,SATCOM,183,1236,SUCCESS
2025-01-01 00:37:17,NODE-3341,NODE-3585,FIBER,154,957,SUCCESS
2025-01-01 00:37:21,NODE-5552,NODE-7076,SATCOM,79,389,SUCCESS
2025-01-01 00:37:24,NODE-7256,NODE-2343,SATCOM,200,1186,SUCCESS
2025-01-01 00:37:28,NODE-1392,NODE-7882,SATCOM,59,1091,SUCCESS
2025-01-01 00:37:32,NODE-5893,NODE-7402,SATCOM,65,1418,SUCCESS
2025-01-01 00:37:33,NODE-2177,NODE-6432,RF,118,806,SUCCESS
2025-01-01 00:37:34,NODE-2846,NODE-5783,SATCOM,72,1436,SUCCESS
2025-01-01 00:37:36,NODE-4327,NODE-7557,RF,83,849,SUCCESS
2025-01-01 00:37:40,NODE-4411,NODE-4432,FIBER,235,578,SUCCESS
2025-01-01 00:37:43,NODE-6609,NODE-6111,SATCOM,232,426,SUCCESS
2025-01-01 00:37:47,NODE-3738,NODE-8046,SATCOM,154,559,SUCCESS
2025-01-01 00:37:50,NODE-1231,NODE-1897,FIBER,167,313,SUCCESS
2025-01-01 00:37:52,NODE-9664,NODE-5940,SATCOM,1101,841,DELAY
2025-01-01 00:37:55,NODE-5435,NODE-7658,SATCOM,92,262,SUCCESS
2025-01-01 00:37:59,NODE-9669,NODE-2504,RF,1929,3083,FAIL
2025-01-01 00:38:03,NODE-5894,NODE-5745,FIBER,53,213,SUCCESS
2025-01-01 00:38:06,NODE-9931,NODE-2346,RF,232,314,SUCCESS
2025-01-01 00:38:08,NODE-1832,NODE-4382,SATCOM,52,1395,SUCCESS
2025-01-01 00:38:12,NODE-5392,NODE-9488,FIBER,233,910,SUCCESS
2025-01-01 00:38:14,NODE-4386,NODE-1621,RF,2711,6922,FAIL
2025-01-01 00:38:17,NODE-7719,NODE-5813,FIBER,61,1346,SUCCESS
2025-01-01 00:38:21,NODE-3435,NODE-2732,RF,44,982,SUCCESS
2025-01-01 00:38:24,NODE-8224,NODE-6146,RF,94,454,SUCCESS
2025-01-01 00:38:25,NODE-5053,NODE-9969,FIBER,1163,646,DELAY
2025-01-01 00:38:26,NODE-6496,NODE-7321,FIBER,2187,4678,FAIL
2025-01-01 00:38:29,NODE-5557,NODE-6898,FIBER,245,369,SUCCESS
2025-01-01 00:38:30,NODE-8775,NODE-7784,SATCOM,183,1040,SUCCESS
2025-01-01 00:38:31,NODE-6282,NODE-1203,FIBER,65,1035,SUCCESS
2025-01-01 00:38:32,NODE-9315,NODE-1131,FIBER,81,1146,SUCCESS
2025-01-01 00:38:33,NODE-1371,NODE-5384,SATCOM,69,1119,SUCCESS
2025-01-01 00:38:37,NODE-9237,NODE-2317,RF,95,685,SUCCESS
2025-01-01 00:38:39,NODE-9913,NODE-6950,FIBER,247,766,SUCCESS
2025-01-01 00:38:42,NODE-4718,NODE-6787,SATCOM,177,553,SUCCESS
2025-01-01 00:38:43,NODE-3805,NODE-1729,SATCOM,152,1350,SUCCESS
2025-01-01 00:38:45,NODE-2484,NODE-6147,FIBER,223,1223,SUCCESS
2025-01-01 00:38:48,NODE-6144,NODE-4285,SATCOM,175,1347,SUCCESS
2025-01-01 00:38:52,NODE-9334,NODE-9914,FIBER,161,882,SUCCESS
2025-01-01 00:38:54,NODE-5186,NODE-4138,RF,63,1100,SUCCESS
2025-01-01 00:38:58,NODE-9806,NODE-5904,FIBER,116,878,SUCCESS
2025-01-01 00:38:59,NODE-6313,NODE-5100,SATCOM,151,540,SUCCESS
2025-01-01 00:39:01,NODE-7053,NODE-9125,RF,173,1423,SUCCESS
2025-01-01 00:39:05,NODE-5241,NODE-3069,RF,120,254,SUCCESS
2025-01-01 00:39:09,NODE-6952,NODE-4460,RF,114,1402,SUCCESS
2025-01-01 00:39:11,NODE-3384,NODE-1118,RF,96,208,SUCCESS
2025-01-01 00:39:13,NODE-5390,NODE-5871,FIBER,215,869,SUCCESS
2025-01-01 00:39:17,NODE-1220,NODE-9584,FIBER,246,290,SUCCESS
2025-01-01 00:39:19,NODE-4627,NODE-3853,FIBER,1286,590,DELAY
2025-01-01 00:39:23,NODE-6923,NODE-9337,SATCOM,988,282,DELAY
2025-01-01 00:39:27,NODE-8664,NODE-4242,RF,94,1343,SUCCESS
2025-01-01 00:39:31,NODE-6162,NODE-2745,FIBER,241,1092,SUCCESS
2025-01-01 00:39:34,NODE-2646,NODE-6443,SATCOM,115,733,SUCCESS
2025-01-01 00:39:36,NODE-4430,NODE-9980,RF,104,1192,SUCCESS
2025-01-01 00:39:38,NODE-4708,NODE-4132,RF,817,1023,DELAY
2025-01-01 00:39:42,NODE-5320,NODE-8500,SATCOM,114,1120,SUCCESS
2025-01-01 00:39:46,NODE-9232,NODE-1064,FIBER,97,1348,SUCCESS
2025-01-01 00:39:49,NODE-9319,NODE-8042,SATCOM,227,1281,SUCCESS
2025-01-01 00:39:50,NODE-2466,NODE-1717,FIBER,82,524,SUCCESS
2025-01-01 00:39:52,NODE-2198,NODE-8612,RF,193,914,SUCCESS
2025-01-01 00:39:54,NODE-4975,NODE-1347,FIBER,77,460,SUCCESS
2025-01-01 00:39:57,NODE-6053,NODE-3146,FIBER,48,752,SUCCESS
2025-01-01 00:40:01,NODE-5667,NODE-6035,SATCOM,123,755,SUCCESS
2025-01-01 00:40:03,NODE-1956,NODE-7929,RF,242,816,SUCCESS
2025-01-01 00:40:07,NODE-8631,NODE-6579,SATCOM,172,1450,SUCCESS
2025-01-01 00:40:09,NODE-4844,NODE-2184,FIBER,226,1420,SUCCESS
2025-01-01 00:40:12,NODE-3670,NODE-1372,FIBER,114,1488,SUCCESS
2025-01-01 00:40:13,NODE-8362,NODE-2784,SATCOM,53,871,SUCCESS
2025-01-01 00:40:14,NODE-3783,NODE-7130,RF,86,986,SUCCESS
2025-01-01 00:40:15,NODE-9630,NODE-5301,SATCOM,79,571,SUCCESS
2025-01-01 00:40:18,NODE-8584,NODE-9301,RF,157,773,SUCCESS
2025-01-01 00:40:21,NODE-9363,NODE-3054,SATCOM,145,505,SUCCESS
2025-01-01 00:40:22,NODE-1929,NODE-8201,RF,169,1451,SUCCESS
2025-01-01 00:40:25,NODE-7378,NODE-2299,SATCOM,113,1342,SUCCESS
2025-01-01 00:40:28,NODE-9547,NODE-2567,RF,56,1319,SUCCESS
2025-01-01 00:40:29,NODE-6823,NODE-2024,FIBER,51,438,SUCCESS
2025-01-01 00:40:30,NODE-1916,NODE-4903,FIBER,803,1391,DELAY
2025-01-01 00:40:32,NODE-8847,NODE-9655,RF,165,588,SUCCESS
2025-01-01 00:40:35,NODE-6660,NODE-4133,SATCOM,115,735,SUCCESS
2025-01-01 00:40:36,NODE-6815,NODE-1330,RF,214,560,SUCCESS
2025-01-01 00:40:38,NODE-5578,NODE-9874,FIBER,250,904,SUCCESS
2025-01-01 00:40:39,NODE-7737,NODE-5840,SATCOM,150,637,SUCCESS
2025-01-01 00:40:42,NODE-2213,NODE-1824,SATCOM,193,726,SUCCESS
2025-01-01 00:40:44,NODE-8879,NODE-1607,RF,103,664,SUCCESS
2025-01-01 00:40:46,NODE-3763,NODE-2614,SATCOM,249,1220,SUCCESS
2025-01-01 00:40:49,NODE-1888,NODE-6429,SATCOM,90,969,SUCCESS
2025-01-01 00:40:53,NODE-6940,NODE-7590,FIBER,67,871,SUCCESS
2025-01-01 00:40:55,NODE-7277,NODE-9132,SATCOM,155,1404,SUCCESS
2025-01-01 00:40:59,NODE-3513,NODE-9436,FIBER,239,1395,SUCCESS
2025-01-01 00:41:03,NODE-5199,NODE-3448,FIBER,1549,836,DELAY
2025-01-01 00:41:05,NODE-5801,NODE-4549,RF,176,1090,SUCCESS
2025-01-01 00:41:06,NODE-6291,NODE-3898,SATCOM,189,352,SUCCESS
2025-01-01 00:41:10,NODE-2641,NODE-4519,SATCOM,177,200,SUCCESS
2025-01-01 00:41:13,NODE-6672,NODE-9735,SATCOM,151,1290,SUCCESS
2025-01-01 00:41:14,NODE-6124,NODE-1797,RF,187,1170,SUCCESS
2025-01-01 00:41:17,NODE-7205,NODE-6480,SATCOM,219,286,SUCCESS
2025-01-01 00:41:21,NODE-6762,NODE-2199,SATCOM,177,1271,SUCCESS
2025-01-01 00:41:24,NODE-1367,NODE-4959,SATCOM,204,727,SUCCESS
2025-01-01 00:41:27,NODE-3214,NODE-5349,SATCOM,196,715,SUCCESS
2025-01-01 00:41:30,NODE-9336,NODE-1515,RF,178,353,SUCCESS
2025-01-01 00:41:34,NODE-6204,NODE-5246,RF,167,855,SUCCESS
2025-01-01 00:41:37,NODE-7311,NODE-3511,SATCOM,225,1228,SUCCESS
2025-01-01 00:41:41,NODE-6282,NODE-4818,RF,167,1003,SUCCESS
2025-01-01 00:41:42,NODE-8449,NODE-6457,FIBER,154,1260,SUCCESS
2025-01-01 00:41:43,NODE-7696,NODE-6681,RF,1470,604,DELAY
2025-01-01 00:41:44,NODE-8859,NODE-3273,RF,126,373,SUCCESS
2025-01-01 00:41:45,NODE-8956,NODE-9870,RF,851,1453,DELAY
2025-01-01 00:41:46,NODE-7029,NODE-6252,SATCOM,126,363,SUCCESS
2025-01-01 00:41:49,NODE-5534,NODE-2924,RF,192,402,SUCCESS
2025-01-01 00:41:53,NODE-5990,NODE-6228,FIBER,104,671,SUCCESS
2025-01-01 00:41:56,NODE-1520,NODE-9193,RF,57,269,SUCCESS
2025-01-01 00:41:57,NODE-9670,NODE-5900,RF,221,484,SUCCESS
2025-01-01 00:42:01,NODE-8152,NODE-8849,SATCOM,855,487,DELAY
2025-01-01 00:42:03,NODE-8852,NODE-5199,SATCOM,188,1094,SUCCESS
2025-01-01 00:42:06,NODE-2306,NODE-7466,FIBER,221,1353,SUCCESS
2025-01-01 00:42:08,NODE-7518,NODE-1772,FIBER,119,1097,SUCCESS
2025-01-01 00:42:09,NODE-7505,NODE-2185,RF,45,1306,SUCCESS
2025-01-01 00:42:10,NODE-7525,NODE-8449,SATCOM,207,249,SUCCESS
2025-01-01 00:42:14,NODE-9971,NODE-2087,FIBER,128,1160,SUCCESS
2025-01-01 00:42:15,NODE-7049,NODE-5806,FIBER,160,1417,SUCCESS
2025-01-01 00:42:16,NODE-5022,NODE-8072,FIBER,183,924,SUCCESS
2025-01-01 00:42:18,NODE-3997,NODE-1251,FIBER,88,897,SUCCESS
2025-01-01 00:42:21,NODE-1569,NODE-9114,RF,139,722,SUCCESS
2025-01-01 00:42:23,NODE-4651,NODE-1125,RF,40,385,SUCCESS
2025-01-01 00:42:25,NODE-3035,NODE-6840,SATCOM,160,1392,SUCCESS
2025-01-01 00:42:29,NODE-2548,NODE-1400,SATCOM,159,1307,SUCCESS
2025-01-01 00:42:32,NODE-1966,NODE-2579,FIBER,51,211,SUCCESS
2025-01-01 00:42:35,NODE-8813,NODE-4165,SATCOM,133,601,SUCCESS
2025-01-01 00:42:36,NODE-1464,NODE-2189,FIBER,208,798,SUCCESS
2025-01-01 00:42:39,NODE-2360,NODE-1533,RF,86,946,SUCCESS
2025-01-01 00:42:43,NODE-3323,NODE-4623,FIBER,233,575,SUCCESS
2025-01-01 00:42:47,NODE-4518,NODE-2239,FIBER,178,954,SUCCESS
2025-01-01 00:42:51,NODE-1719,NODE-1113,RF,173,1128,SUCCESS
2025-01-01 00:42:55,NODE-2618,NODE-3664,SATCOM,203,294,SUCCESS
2025-01-01 00:42:56,NODE-1151,NODE-3511,RF,67,578,SUCCESS
2025-01-01 00:42:58,NODE-9447,NODE-8276,FIBER,141,1151,SUCCESS
2025-01-01 00:43:01,NODE-4464,NODE-1226,SATCOM,168,900,SUCCESS
2025-01-01 00:43:04,NODE-7365,NODE-2648,SATCOM,51,640,SUCCESS
2025-01-01 00:43:05,NODE-2907,NODE-1797,RF,210,1027,SUCCESS
2025-01-01 00:43:06,NODE-2720,NODE-8106,RF,144,972,SUCCESS
2025-01-01 00:43:08,NODE-3094,NODE-9758,FIBER,225,1313,SUCCESS
2025-01-01 00:43:09,NODE-5551,NODE-1775,SATCOM,201,1453,SUCCESS
2025-01-01 00:43:12,NODE-7743,NODE-6821,RF,246,941,SUCCESS
2025-01-01 00:43:15,NODE-8296,NODE-7103,RF,129,512,SUCCESS
2025-01-01 00:43:19,NODE-8894,NODE-4286,FIBER,98,1259,SUCCESS
2025-01-01 00:43:21,NODE-2874,NODE-7289,RF,1157,620,DELAY
2025-01-01 00:43:23,NODE-4018,NODE-2672,SATCOM,89,1352,SUCCESS
2025-01-01 00:43:26,NODE-2776,NODE-2455,RF,58,883,SUCCESS
2025-01-01 00:43:28,NODE-7160,NODE-3849,SATCOM,136,862,SUCCESS
2025-01-01 00:43:30,NODE-5911,NODE-6280,FIBER,191,1132,SUCCESS
2025-01-01 00:43:32,NODE-9481,NODE-8259,SATCOM,200,789,SUCCESS
2025-01-01 00:43:35,NODE-5673,NODE-6102,FIBER,79,1095,SUCCESS
2025-01-01 00:43:36,NODE-4933,NODE-8272,FIBER,128,231,SUCCESS
2025-01-01 00:43:37,NODE-4612,NODE-7880,SATCOM,190,635,SUCCESS
2025-01-01 00:43:39,NODE-1506,NODE-9720,SATCOM,180,1397,SUCCESS
2025-01-01 00:43:43,NODE-5675,NODE-9421,RF,174,1494,SUCCESS
2025-01-01 00:43:45,NODE-5813,NODE-5978,FIBER,1174,425,DELAY
2025-01-01 00:43:47,NODE-7170,NODE-2703,RF,1525,596,DELAY
2025-01-01 00:43:50,NODE-9729,NODE-9330,RF,1407,948,DELAY
2025-01-01 00:43:54,NODE-4350,NODE-4375,SATCOM,56,1226,SUCCESS
2025-01-01 00:43:58,NODE-5628,NODE-1339,FIBER,89,1408,SUCCESS
2025-01-01 00:43:59,NODE-8644,NODE-6849,RF,104,1368,SUCCESS
2025-01-01 00:44:01,NODE-2437,NODE-1518,RF,212,726,SUCCESS
2025-01-01 00:44:03,NODE-1322,NODE-8595,RF,2123,5082,FAIL
2025-01-01 00:44:04,NODE-2648,NODE-4339,FIBER,247,467,SUCCESS
2025-01-01 00:44:07,NODE-6112,NODE-5319,FIBER,207,680,SUCCESS
2025-01-01 00:44:11,NODE-3694,NODE-3497,FIBER,109,253,SUCCESS
2025-01-01 00:44:12,NODE-7342,NODE-8823,FIBER,191,970,SUCCESS
2025-01-01 00:44:13,NODE-2456,NODE-8759,SATCOM,171,1469,SUCCESS
2025-01-01 00:44:17,NODE-4276,NODE-8730,FIBER,46,352,SUCCESS
2025-01-01 00:44:20,NODE-6996,NODE-2467,RF,223,627,SUCCESS
2025-01-01 00:44:24,NODE-1742,NODE-9495,FIBER,96,377,SUCCESS
2025-01-01 00:44:28,NODE-1942,NODE-9177,FIBER,961,516,DELAY
2025-01-01 00:44:31,NODE-2966,NODE-8173,FIBER,230,208,SUCCESS
2025-01-01 00:44:34,NODE-5313,NODE-1916,SATCOM,92,1346,SUCCESS
2025-01-01 00:44:38,NODE-4338,NODE-9553,SATCOM,119,690,SUCCESS
2025-01-01 00:44:41,NODE-8649,NODE-4887,SATCOM,228,254,SUCCESS
2025-01-01 00:44:44,NODE-7665,NODE-8352,RF,45,713,SUCCESS
2025-01-01 00:44:47,NODE-2019,NODE-4196,FIBER,52,316,SUCCESS
2025-01-01 00:44:51,NODE-3298,NODE-5654,SATCOM,183,1183,SUCCESS
2025-01-01 00:44:54,NODE-6199,NODE-1080,SATCOM,129,1440,SUCCESS
2025-01-01 00:44:57,NODE-2212,NODE-1672,SATCOM,146,1278,SUCCESS
2025-01-01 00:44:59,NODE-7856,NODE-8140,RF,200,1093,SUCCESS
2025-01-01 00:45:02,NODE-4278,NODE-1655,FIBER,171,1287,SUCCESS
2025-01-01 00:45:06,NODE-9110,NODE-1798,RF,220,762,SUCCESS
2025-01-01 00:45:08,NODE-5212,NODE-2186,SATCOM,246,740,SUCCESS
2025-01-01 00:45:11,NODE-6361,NODE-1008,FIBER,55,517,SUCCESS
2025-01-01 00:45:12,NODE-9238,NODE-5971,FIBER,74,1227,SUCCESS
2025-01-01 00:45:15,NODE-5934,NODE-8983,SATCOM,2348,5384,FAIL
2025-01-01 00:45:18,NODE-2771,NODE-8010,FIBER,210,1223,SUCCESS
2025-01-01 00:45:19,NODE-1593,NODE-7350,FIBER,1208,1103,DELAY
2025-01-01 00:45:23,NODE-6070,NODE-2405,SATCOM,211,1274,SUCCESS
2025-01-01 00:45:26,NODE-3735,NODE-8157,FIBER,138,646,SUCCESS
2025-01-01 00:45:27,NODE-9184,NODE-3746,RF,40,731,SUCCESS
2025-01-01 00:45:31,NODE-9652,NODE-9820,FIBER,1393,1107,DELAY
2025-01-01 00:45:34,NODE-5971,NODE-7624,SATCOM,112,1442,SUCCESS
2025-01-01 00:45:35,NODE-3455,NODE-3470,SATCOM,229,1058,SUCCESS
2025-01-01 00:45:36,NODE-3069,NODE-1397,RF,64,396,SUCCESS
2025-01-01 00:45:39,NODE-9554,NODE-4919,RF,131,1376,SUCCESS
2025-01-01 00:45:41,NODE-4849,NODE-4561,FIBER,222,351,SUCCESS
2025-01-01 00:45:42,NODE-7989,NODE-7993,SATCOM,70,869,SUCCESS
2025-01-01 00:45:44,NODE-3755,NODE-9955,RF,81,288,SUCCESS
2025-01-01 00:45:47,NODE-4124,NODE-9404,SATCOM,129,408,SUCCESS
2025-01-01 00:45:49,NODE-3099,NODE-2838,FIBER,117,583,SUCCESS
2025-01-01 00:45:51,NODE-4348,NODE-9921,RF,232,312,SUCCESS
2025-01-01 00:45:53,NODE-6034,NODE-7473,RF,156,234,SUCCESS
2025-01-01 00:45:56,NODE-9444,NODE-3178,SATCOM,221,643,SUCCESS
2025-01-01 00:45:58,NODE-7165,NODE-9353,RF,229,222,SUCCESS
2025-01-01 00:45:59,NODE-4803,NODE-3347,FIBER,114,342,SUCCESS
2025-01-01 00:46:00,NODE-3516,NODE-2521,FIBER,50,1173,SUCCESS
2025-01-01 00:46:04,NODE-1875,NODE-1457,SATCOM,226,475,SUCCESS
2025-01-01 00:46:06,NODE-7896,NODE-7588,FIBER,1554,218,DELAY
2025-01-01 00:46:08,NODE-4031,NODE-5816,FIBER,224,1144,SUCCESS
2025-01-01 00:46:11,NODE-3471,NODE-7117,RF,148,759,SUCCESS
2025-01-01 00:46:15,NODE-6909,NODE-3219,RF,2003,3583,FAIL
2025-01-01 00:46:19,NODE-5989,NODE-7740,SATCOM,1339,1446,DELAY
2025-01-01 00:46:22,NODE-4112,NODE-2720,SATCOM,2408,6816,FAIL
2025-01-01 00:46:25,NODE-6902,NODE-1517,SATCOM,1396,935,DELAY
2025-01-01 00:46:27,NODE-6398,NODE-5292,FIBER,53,528,SUCCESS
2025-01-01 00:46:30,NODE-6335,NODE-4313,SATCOM,85,883,SUCCESS
2025-01-01 00:46:31,NODE-4073,NODE-5234,SATCOM,149,517,SUCCESS
2025-01-01 00:46:34,NODE-2174,NODE-1959,RF,145,228,SUCCESS
2025-01-01 00:46:36,NODE-8756,NODE-6516,FIBER,1065,445,DELAY
2025-01-01 00:46:38,NODE-4975,NODE-1955,RF,129,1416,SUCCESS
2025-01-01 00:46:39,NODE-2655,NODE-4152,FIBER,1062,991,DELAY
2025-01-01 00:46:43,NODE-7151,NODE-1349,RF,46,257,SUCCESS
2025-01-01 00:46:45,NODE-9398,NODE-5259,FIBER,68,1423,SUCCESS
2025-01-01 00:46:49,NODE-1483,NODE-7454,RF,236,1173,SUCCESS
2025-01-01 00:46:52,NODE-6229,NODE-2429,RF,182,499,SUCCESS
2025-01-01 00:46:56,NODE-8791,NODE-4188,SATCOM,237,1322,SUCCESS
2025-01-01 00:46:59,NODE-5864,NODE-6787,FIBER,46,214,SUCCESS
2025-01-01 00:47:02,NODE-4345,NODE-6294,RF,245,1265,SUCCESS
2025-01-01 00:47:06,NODE-6283,NODE-2431,RF,248,425,SUCCESS
2025-01-01 00:47:09,NODE-7946,NODE-5055,FIBER,246,1341,SUCCESS
2025-01-01 00:47:10,NODE-8768,NODE-4092,SATCOM,213,570,SUCCESS
2025-01-01 00:47:14,NODE-7381,NODE-2378,SATCOM,240,557,SUCCESS
2025-01-01 00:47:16,NODE-3958,NODE-7974,FIBER,250,778,SUCCESS
2025-01-01 00:47:18,NODE-3813,NODE-5400,RF,123,970,SUCCESS
2025-01-01 00:47:19,NODE-9679,NODE-6939,RF,208,332,SUCCESS
2025-01-01 00:47:21,NODE-8917,NODE-1942,SATCOM,141,1393,SUCCESS
2025-01-01 00:47:24,NODE-1314,NODE-9637,SATCOM,1559,1420,DELAY
2025-01-01 00:47:28,NODE-6210,NODE-7262,FIBER,104,977,SUCCESS
2025-01-01 00:47:31,NODE-5080,NODE-6251,SATCOM,2462,6502,FAIL
2025-01-01 00:47:34,NODE-9897,NODE-1094,RF,145,215,SUCCESS
2025-01-01 00:47:35,NODE-6787,NODE-9489,FIBER,228,372,SUCCESS
2025-01-01 00:47:39,NODE-2044,NODE-5701,RF,2327,5300,FAIL
2025-01-01 00:47:41,NODE-7796,NODE-4702,FIBER,161,849,SUCCESS
2025-01-01 00:47:44,NODE-9463,NODE-2630,RF,77,1116,SUCCESS
2025-01-01 00:47:46,NODE-9214,NODE-8638,RF,55,575,SUCCESS
2025-01-01 00:47:50,NODE-7477,NODE-5149,SATCOM,189,219,SUCCESS
2025-01-01 00:47:54,NODE-3599,NODE-5863,SATCOM,148,749,SUCCESS
2025-01-01 00:47:58,NODE-9646,NODE-4513,SATCOM,108,1272,SUCCESS
2025-01-01 00:48:01,NODE-5073,NODE-8061,SATCOM,1335,319,DELAY
2025-01-01 00:48:02,NODE-1840,NODE-7621,FIBER,228,338,SUCCESS
2025-01-01 00:48:04,NODE-6391,NODE-1990,SATCOM,117,769,SUCCESS
2025-01-01 00:48:08,NODE-1468,NODE-8066,RF,239,1241,SUCCESS
2025-01-01 00:48:10,NODE-7960,NODE-1342,FIBER,2582,6156,FAIL
2025-01-01 00:48:12,NODE-6810,NODE-3209,FIBER,229,1199,SUCCESS
2025-01-01 00:48:14,NODE-7057,NODE-3470,RF,125,1099,SUCCESS
2025-01-01 00:48:18,NODE-7633,NODE-8073,FIBER,95,1006,SUCCESS
2025-01-01 00:48:19,NODE-5955,NODE-8529,SATCOM,64,502,SUCCESS
2025-01-01 00:48:22,NODE-1543,NODE-1104,SATCOM,206,1492,SUCCESS
2025-01-01 00:48:23,NODE-3660,NODE-3887,RF,126,203,SUCCESS
2025-01-01 00:48:27,NODE-3249,NODE-3851,SATCOM,246,817,SUCCESS
2025-01-01 00:48:29,NODE-5948,NODE-8147,RF,84,857,SUCCESS
2025-01-01 00:48:33,NODE-8850,NODE-3039,FIBER,123,1258,SUCCESS
2025-01-01 00:48:37,NODE-9837,NODE-8645,SATCOM,124,1320,SUCCESS
2025-01-01 00:48:39,NODE-7052,NODE-6442,SATCOM,1877,4907,FAIL
2025-01-01 00:48:42,NODE-9987,NODE-2774,SATCOM,89,1137,SUCCESS
2025-01-01 00:48:46,NODE-6400,NODE-8986,SATCOM,2022,3135,FAIL
2025-01-01 00:48:47,NODE-6179,NODE-9220,FIBER,222,1323,SUCCESS
2025-01-01 00:48:50,NODE-3849,NODE-5772,SATCOM,93,1185,SUCCESS
2025-01-01 00:48:52,NODE-1718,NODE-1398,FIBER,2892,4399,FAIL
2025-01-01 00:48:54,NODE-9696,NODE-1111,SATCOM,78,1098,SUCCESS
2025-01-01 00:48:55,NODE-8586,NODE-2379,RF,1276,1122,DELAY
2025-01-01 00:48:57,NODE-3264,NODE-1796,SATCOM,168,1174,SUCCESS
2025-01-01 00:48:58,NODE-5138,NODE-3592,RF,227,1484,SUCCESS
2025-01-01 00:48:59,NODE-2162,NODE-1792,RF,206,484,SUCCESS
2025-01-01 00:49:01,NODE-7778,NODE-3345,SATCOM,156,1205,SUCCESS
2025-01-01 00:49:02,NODE-6225,NODE-9946,RF,84,219,SUCCESS
2025-01-01 00:49:03,NODE-7822,NODE-5731,SATCOM,147,967,SUCCESS
2025-01-01 00:49:04,NODE-9208,NODE-2630,RF,104,767,SUCCESS
2025-01-01 00:49:07,NODE-4924,NODE-2651,RF,137,1167,SUCCESS
2025-01-01 00:49:08,NODE-7902,NODE-8410,RF,221,1174,SUCCESS
2025-01-01 00:49:12,NODE-1336,NODE-9550,FIBER,1022,815,DELAY
2025-01-01 00:49:16,NODE-1067,NODE-9829,RF,198,1374,SUCCESS
2025-01-01 00:49:20,NODE-1632,NODE-4997,FIBER,245,1281,SUCCESS
2025-01-01 00:49:23,NODE-8448,NODE-6372,FIBER,75,790,SUCCESS
2025-01-01 00:49:25,NODE-4060,NODE-7250,RF,2168,3286,FAIL
2025-01-01 00:49:28,NODE-6787,NODE-5495,RF,193,1313,SUCCESS
2025-01-01 00:49:30,NODE-7959,NODE-2247,RF,151,1028,SUCCESS
2025-01-01 00:49:32,NODE-7072,NODE-2206,FIBER,224,619,SUCCESS
2025-01-01 00:49:34,NODE-1762,NODE-8928,FIBER,2845,4383,FAIL
2025-01-01 00:49:37,NODE-2059,NODE-5696,RF,52,960,SUCCESS
2025-01-01 00:49:40,NODE-3094,NODE-4058,SATCOM,184,693,SUCCESS
2025-01-01 00:49:41,NODE-3969,NODE-6058,SATCOM,209,1032,SUCCESS
2025-01-01 00:49:43,NODE-2537,NODE-2261,SATCOM,61,837,SUCCESS
2025-01-01 00:49:46,NODE-6441,NODE-6529,SATCOM,145,1388,SUCCESS
2025-01-01 00:49:50,NODE-8135,NODE-1280,FIBER,249,723,SUCCESS
2025-01-01 00:49:51,NODE-6881,NODE-7992,SATCOM,144,1465,SUCCESS
2025-01-01 00:49:54,NODE-1639,NODE-2603,SATCOM,89,327,SUCCESS
2025-01-01 00:49:57,NODE-2470,NODE-9883,SATCOM,112,867,SUCCESS
2025-01-01 00:49:59,NODE-9934,NODE-3118,FIBER,87,452,SUCCESS
2025-01-01 00:50:01,NODE-5541,NODE-9868,FIBER,187,306,SUCCESS
2025-01-01 00:50:04,NODE-4763,NODE-4134,SATCOM,953,1458,DELAY
2025-01-01 00:50:06,NODE-7891,NODE-4114,FIBER,60,791,SUCCESS
2025-01-01 00:50:10,NODE-2758,NODE-9323,SATCOM,200,1133,SUCCESS
2025-01-01 00:50:14,NODE-6780,NODE-2980,SATCOM,224,405,SUCCESS
2025-01-01 00:50:15,NODE-4947,NODE-9309,RF,137,223,SUCCESS
2025-01-01 00:50:18,NODE-4866,NODE-3618,SATCOM,153,262,SUCCESS
2025-01-01 00:50:21,NODE-9212,NODE-3589,SATCOM,127,1205,SUCCESS
2025-01-01 00:50:23,NODE-3344,NODE-2870,FIBER,2529,6881,FAIL
2025-01-01 00:50:24,NODE-7526,NODE-1366,SATCOM,201,982,SUCCESS
2025-01-01 00:50:26,NODE-4439,NODE-3668,FIBER,138,472,SUCCESS
2025-01-01 00:50:27,NODE-2625,NODE-3993,SATCOM,2005,4448,FAIL
2025-01-01 00:50:31,NODE-7293,NODE-9462,SATCOM,204,1398,SUCCESS
2025-01-01 00:50:34,NODE-7057,NODE-5196,SATCOM,123,556,SUCCESS
2025-01-01 00:50:35,NODE-1306,NODE-3822,FIBER,205,629,SUCCESS
2025-01-01 00:50:38,NODE-4840,NODE-2101,SATCOM,223,563,SUCCESS
2025-01-01 00:50:41,NODE-2583,NODE-5165,RF,244,1165,SUCCESS
2025-01-01 00:50:44,NODE-1776,NODE-4208,SATCOM,228,1411,SUCCESS
2025-01-01 00:50:48,NODE-3189,NODE-7739,FIBER,86,852,SUCCESS
2025-01-01 00:50:51,NODE-3009,NODE-2185,FIBER,91,468,SUCCESS
2025-01-01 00:50:54,NODE-2857,NODE-8461,RF,155,601,SUCCESS
2025-01-01 00:50:58,NODE-3202,NODE-1912,RF,113,1181,SUCCESS
2025-01-01 00:51:02,NODE-8637,NODE-4070,FIBER,1183,1417,DELAY
2025-01-01 00:51:05,NODE-7412,NODE-4455,SATCOM,45,1205,SUCCESS
2025-01-01 00:51:06,NODE-7802,NODE-8936,SATCOM,114,695,SUCCESS
2025-01-01 00:51:07,NODE-1225,NODE-1604,SATCOM,47,881,SUCCESS
2025-01-01 00:51:11,NODE-7928,NODE-1833,RF,182,868,SUCCESS
2025-01-01 00:51:13,NODE-7236,NODE-6689,RF,183,703,SUCCESS
2025-01-01 00:51:17,NODE-6121,NODE-9833,RF,109,1082,SUCCESS
2025-01-01 00:51:19,NODE-5351,NODE-1369,SATCOM,181,476,SUCCESS
2025-01-01 00:51:23,NODE-5438,NODE-3708,RF,102,502,SUCCESS
2025-01-01 00:51:27,NODE-3958,NODE-2849,FIBER,229,1379,SUCCESS
2025-01-01 00:51:29,NODE-5483,NODE-7062,RF,150,1248,SUCCESS
2025-01-01 00:51:33,NODE-6292,NODE-1226,FIBER,1579,772,DELAY
2025-01-01 00:51:35,NODE-8393,NODE-1930,RF,97,930,SUCCESS
2025-01-01 00:51:36,NODE-3019,NODE-6954,RF,95,708,SUCCESS
2025-01-01 00:51:39,NODE-9565,NODE-8999,RF,2598,3526,FAIL
2025-01-01 00:51:40,NODE-5667,NODE-1442,RF,1099,434,DELAY
2025-01-01 00:51:43,NODE-8125,NODE-5069,SATCOM,115,1044,SUCCESS
2025-01-01 00:51:46,NODE-2381,NODE-1601,RF,103,831,SUCCESS
2025-01-01 00:51:50,NODE-6772,NODE-4256,SATCOM,177,635,SUCCESS
2025-01-01 00:51:53,NODE-2269,NODE-8315,SATCOM,227,1228,SUCCESS
2025-01-01 00:51:54,NODE-8416,NODE-4872,SATCOM,97,778,SUCCESS
2025-01-01 00:51:55,NODE-5164,NODE-2658,SATCOM,178,1474,SUCCESS
2025-01-01 00:51:57,NODE-6176,NODE-6848,RF,100,1148,SUCCESS
2025-01-01 00:51:59,NODE-8534,NODE-5451,RF,170,988,SUCCESS
2025-01-01 00:52:03,NODE-7198,NODE-6874,FIBER,146,1494,SUCCESS
2025-01-01 00:52:04,NODE-1742,NODE-6199,SATCOM,98,450,SUCCESS
2025-01-01 00:52:05,NODE-6556,NODE-9301,FIBER,1389,684,DELAY
2025-01-01 00:52:08,NODE-1909,NODE-7153,RF,222,499,SUCCESS
2025-01-01 00:52:11,NODE-6288,NODE-7877,SATCOM,232,547,SUCCESS
2025-01-01 00:52:15,NODE-2350,NODE-1197,FIBER,159,1338,SUCCESS
2025-01-01 00:52:18,NODE-3169,NODE-7899,FIBER,228,939,SUCCESS
2025-01-01 00:52:21,NODE-8538,NODE-3230,FIBER,161,232,SUCCESS
2025-01-01 00:52:24,NODE-2943,NODE-7272,SATCOM,176,1225,SUCCESS
2025-01-01 00:52:27,NODE-9085,NODE-7482,SATCOM,2624,5249,FAIL
2025-01-01 00:52:31,NODE-4805,NODE-8868,FIBER,119,885,SUCCESS
2025-01-01 00:52:34,NODE-3960,NODE-7824,RF,230,219,SUCCESS
2025-01-01 00:52:35,NODE-9471,NODE-8202,RF,243,1242,SUCCESS
2025-01-01 00:52:37,NODE-3380,NODE-1888,FIBER,162,786,SUCCESS
2025-01-01 00:52:40,NODE-9311,NODE-8019,FIBER,91,652,SUCCESS
2025-01-01 00:52:41,NODE-3869,NODE-9303,FIBER,214,216,SUCCESS
2025-01-01 00:52:44,NODE-9553,NODE-9225,FIBER,50,1135,SUCCESS
2025-01-01 00:52:47,NODE-5187,NODE-9425,FIBER,46,1327,SUCCESS
2025-01-01 00:52:48,NODE-4176,NODE-5073,FIBER,116,1208,SUCCESS
2025-01-01 00:52:49,NODE-3956,NODE-4435,RF,101,535,SUCCESS
2025-01-01 00:52:50,NODE-1990,NODE-9013,SATCOM,208,1432,SUCCESS
2025-01-01 00:52:53,NODE-6930,NODE-4813,SATCOM,154,316,SUCCESS
2025-01-01 00:52:57,NODE-4432,NODE-8503,SATCOM,76,1219,SUCCESS
2025-01-01 00:53:01,NODE-4830,NODE-1182,RF,236,437,SUCCESS
2025-01-01 00:53:02,NODE-5683,NODE-4249,SATCOM,2909,5220,FAIL
2025-01-01 00:53:05,NODE-4452,NODE-3709,RF,130,775,SUCCESS
2025-01-01 00:53:06,NODE-8175,NODE-1975,SATCOM,69,879,SUCCESS
2025-01-01 00:53:10,NODE-5103,NODE-1899,SATCOM,199,1428,SUCCESS
2025-01-01 00:53:12,NODE-5596,NODE-9344,RF,2165,3285,FAIL
2025-01-01 00:53:15,NODE-7823,NODE-1945,FIBER,215,712,SUCCESS
2025-01-01 00:53:16,NODE-6278,NODE-6415,SATCOM,2134,5950,FAIL
2025-01-01 00:53:20,NODE-4727,NODE-6546,RF,206,423,SUCCESS
2025-01-01 00:53:22,NODE-3122,NODE-8426,SATCOM,2938,5596,FAIL
2025-01-01 00:53:23,NODE-3093,NODE-2422,RF,177,1108,SUCCESS
2025-01-01 00:53:26,NODE-4317,NODE-4791,RF,117,471,SUCCESS
2025-01-01 00:53:27,NODE-1562,NODE-6791,SATCOM,959,1077,DELAY
2025-01-01 00:53:31,NODE-5321,NODE-8858,SATCOM,84,949,SUCCESS
2025-01-01 00:53:33,NODE-1205,NODE-6656,SATCOM,138,456,SUCCESS
2025-01-01 00:53:37,NODE-6082,NODE-1663,RF,231,220,SUCCESS
2025-01-01 00:53:41,NODE-2325,NODE-5438,RF,47,1173,SUCCESS
2025-01-01 00:53:43,NODE-1115,NODE-1309,RF,1545,332,DELAY
2025-01-01 00:53:44,NODE-4737,NODE-7393,RF,125,519,SUCCESS
2025-01-01 00:53:45,NODE-9413,NODE-8926,SATCOM,170,1358,SUCCESS
2025-01-01 00:53:47,NODE-3191,NODE-3130,SATCOM,154,1220,SUCCESS
2025-01-01 00:53:50,NODE-8938,NODE-3244,RF,1491,524,DELAY
2025-01-01 00:53:52,NODE-6090,NODE-8375,FIBER,187,243,SUCCESS
2025-01-01 00:53:55,NODE-5500,NODE-4715,FIBER,90,347,SUCCESS
2025-01-01 00:53:58,NODE-5647,NODE-3529,FIBER,212,821,SUCCESS
2025-01-01 00:54:00,NODE-8592,NODE-2848,FIBER,101,497,SUCCESS
2025-01-01 00:54:02,NODE-3414,NODE-6791,FIBER,214,1360,SUCCESS
2025-01-01 00:54:04,NODE-3554,NODE-8458,SATCOM,93,1287,SUCCESS
2025-01-01 00:54:06,NODE-9911,NODE-4810,SATCOM,186,1291,SUCCESS
2025-01-01 00:54:10,NODE-6668,NODE-8520,FIBER,191,1397,SUCCESS
2025-01-01 00:54:12,NODE-7435,NODE-8265,RF,89,805,SUCCESS
2025-01-01 00:54:15,NODE-2096,NODE-7121,SATCOM,127,867,SUCCESS
2025-01-01 00:54:16,NODE-2308,NODE-1046,FIBER,104,1036,SUCCESS
2025-01-01 00:54:19,NODE-4285,NODE-7371,RF,217,1405,SUCCESS
2025-01-01 00:54:23,NODE-6943,NODE-3707,FIBER,164,1236,SUCCESS
2025-01-01 00:54:24,NODE-8807,NODE-8848,SATCOM,2619,4161,FAIL
2025-01-01 00:54:28,NODE-8798,NODE-4635,SATCOM,42,1119,SUCCESS
2025-01-01 00:54:29,NODE-4282,NODE-8595,FIBER,1349,1124,DELAY
2025-01-01 00:54:31,NODE-4594,NODE-5804,RF,115,507,SUCCESS
2025-01-01 00:54:34,NODE-8203,NODE-9059,SATCOM,103,1040,SUCCESS
2025-01-01 00:54:37,NODE-6436,NODE-1731,RF,137,1023,SUCCESS
2025-01-01 00:54:40,NODE-9147,NODE-5577,FIBER,165,635,SUCCESS
2025-01-01 00:54:43,NODE-6179,NODE-7990,FIBER,47,434,SUCCESS
2025-01-01 00:54:47,NODE-4940,NODE-8608,RF,183,342,SUCCESS
2025-01-01 00:54:48,NODE-9046,NODE-8332,RF,226,497,SUCCESS
2025-01-01 00:54:52,NODE-8350,NODE-4464,RF,242,1214,SUCCESS
2025-01-01 00:54:54,NODE-1182,NODE-4841,RF,168,1251,SUCCESS
2025-01-01 00:54:58,NODE-9574,NODE-5183,SATCOM,155,1334,SUCCESS
2025-01-01 00:54:59,NODE-2941,NODE-8539,RF,180,997,SUCCESS
2025-01-01 00:55:03,NODE-1178,NODE-7808,RF,99,1235,SUCCESS
2025-01-01 00:55:04,NODE-1125,NODE-3227,SATCOM,3173,4909,FAIL
2025-01-01 00:55:07,NODE-7516,NODE-8621,RF,87,734,SUCCESS
2025-01-01 00:55:08,NODE-5053,NODE-5838,FIBER,73,1385,SUCCESS
2025-01-01 00:55:09,NODE-2396,NODE-8470,SATCOM,216,1437,SUCCESS
2025-01-01 00:55:11,NODE-8711,NODE-9894,FIBER,149,1088,SUCCESS
2025-01-01 00:55:12,NODE-3210,NODE-3585,RF,111,848,SUCCESS
2025-01-01 00:55:13,NODE-4223,NODE-8598,FIBER,62,350,SUCCESS
2025-01-01 00:55:15,NODE-3297,NODE-2303,FIBER,230,1198,SUCCESS
2025-01-01 00:55:16,NODE-6702,NODE-5979,SATCOM,156,1324,SUCCESS
2025-01-01 00:55:18,NODE-1436,NODE-8180,FIBER,136,1215,SUCCESS
2025-01-01 00:55:19,NODE-8804,NODE-2103,RF,215,1206,SUCCESS
2025-01-01 00:55:22,NODE-9151,NODE-8284,FIBER,120,475,SUCCESS
2025-01-01 00:55:24,NODE-8739,NODE-7947,RF,210,952,SUCCESS
2025-01-01 00:55:26,NODE-8767,NODE-3242,SATCOM,237,418,SUCCESS
2025-01-01 00:55:27,NODE-4150,NODE-8012,SATCOM,70,206,SUCCESS
2025-01-01 00:55:28,NODE-6437,NODE-6524,FIBER,63,1488,SUCCESS
2025-01-01 00:55:29,NODE-6806,NODE-6023,FIBER,146,543,SUCCESS
2025-01-01 00:55:33,NODE-2898,NODE-3021,RF,101,511,SUCCESS
2025-01-01 00:55:37,NODE-5644,NODE-9566,FIBER,76,733,SUCCESS
2025-01-01 00:55:41,NODE-5727,NODE-3208,FIBER,160,1147,SUCCESS
2025-01-01 00:55:42,NODE-4525,NODE-6597,RF,238,405,SUCCESS
2025-01-01 00:55:45,NODE-5124,NODE-3806,FIBER,184,1412,SUCCESS
2025-01-01 00:55:47,NODE-4125,NODE-5171,SATCOM,55,1131,SUCCESS
2025-01-01 00:55:50,NODE-8236,NODE-9407,RF,211,1400,SUCCESS
2025-01-01 00:55:51,NODE-3309,NODE-3508,RF,246,518,SUCCESS
2025-01-01 00:55:54,NODE-3605,NODE-2004,RF,1519,244,DELAY
2025-01-01 00:55:55,NODE-2314,NODE-7811,SATCOM,137,798,SUCCESS
2025-01-01 00:55:59,NODE-1148,NODE-8363,RF,131,390,SUCCESS
2025-01-01 00:56:01,NODE-2036,NODE-7232,FIBER,49,492,SUCCESS
2025-01-01 00:56:02,NODE-5874,NODE-7608,RF,125,828,SUCCESS
2025-01-01 00:56:05,NODE-4002,NODE-3201,RF,159,530,SUCCESS
2025-01-01 00:56:09,NODE-8110,NODE-8734,SATCOM,130,1286,SUCCESS
2025-01-01 00:56:12,NODE-5292,NODE-8747,SATCOM,238,1499,SUCCESS
2025-01-01 00:56:14,NODE-1117,NODE-9368,FIBER,110,1308,SUCCESS
2025-01-01 00:56:15,NODE-3211,NODE-1193,RF,164,1414,SUCCESS
2025-01-01 00:56:16,NODE-2468,NODE-1434,SATCOM,41,880,SUCCESS
2025-01-01 00:56:18,NODE-2604,NODE-2298,SATCOM,83,675,SUCCESS
2025-01-01 00:56:22,NODE-5139,NODE-6529,SATCOM,90,387,SUCCESS
2025-01-01 00:56:25,NODE-9057,NODE-9987,SATCOM,237,1054,SUCCESS
2025-01-01 00:56:26,NODE-4530,NODE-7266,SATCOM,212,233,SUCCESS
2025-01-01 00:56:30,NODE-3878,NODE-1308,RF,41,1116,SUCCESS
2025-01-01 00:56:32,NODE-6170,NODE-1905,FIBER,118,603,SUCCESS
2025-01-01 00:56:33,NODE-3197,NODE-4535,SATCOM,1493,1260,DELAY
2025-01-01 00:56:36,NODE-5911,NODE-2419,RF,157,402,SUCCESS
2025-01-01 00:56:37,NODE-4847,NODE-8208,RF,61,1301,SUCCESS
2025-01-01 00:56:41,NODE-9825,NODE-2272,SATCOM,56,305,SUCCESS
2025-01-01 00:56:45,NODE-9281,NODE-5513,SATCOM,80,467,SUCCESS
2025-01-01 00:56:49,NODE-9761,NODE-7134,RF,1228,1307,DELAY
2025-01-01 00:56:50,NODE-3841,NODE-3070,RF,2200,5938,FAIL
2025-01-01 00:56:53,NODE-5527,NODE-7790,FIBER,117,317,SUCCESS
2025-01-01 00:56:57,NODE-1383,NODE-3571,FIBER,214,1421,SUCCESS
2025-01-01 00:57:00,NODE-4733,NODE-6820,FIBER,192,621,SUCCESS
2025-01-01 00:57:04,NODE-5972,NODE-2370,SATCOM,65,716,SUCCESS
2025-01-01 00:57:07,NODE-7905,NODE-4264,SATCOM,171,1115,SUCCESS
2025-01-01 00:57:10,NODE-8781,NODE-6099,RF,151,1448,SUCCESS
2025-01-01 00:57:14,NODE-2569,NODE-8754,RF,53,900,SUCCESS
2025-01-01 00:57:18,NODE-9126,NODE-7956,SATCOM,961,1478,DELAY
2025-01-01 00:57:19,NODE-1425,NODE-4122,RF,159,1308,SUCCESS
2025-01-01 00:57:23,NODE-2072,NODE-9639,RF,214,1018,SUCCESS
2025-01-01 00:57:24,NODE-2122,NODE-3509,RF,120,878,SUCCESS
2025-01-01 00:57:28,NODE-3483,NODE-6515,SATCOM,52,1221,SUCCESS
2025-01-01 00:57:30,NODE-4542,NODE-5727,FIBER,190,953,SUCCESS
2025-01-01 00:57:32,NODE-5840,NODE-8566,RF,1385,440,DELAY
2025-01-01 00:57:35,NODE-1367,NODE-7079,RF,91,1199,SUCCESS
2025-01-01 00:57:37,NODE-3308,NODE-2998,FIBER,133,591,SUCCESS
2025-01-01 00:57:40,NODE-3558,NODE-6869,FIBER,63,1291,SUCCESS
2025-01-01 00:57:41,NODE-4517,NODE-6621,SATCOM,247,1108,SUCCESS
2025-01-01 00:57:42,NODE-8165,NODE-4104,FIBER,93,398,SUCCESS
2025-01-01 00:57:44,NODE-4724,NODE-9457,FIBER,214,1400,SUCCESS
2025-01-01 00:57:47,NODE-8942,NODE-3280,SATCOM,949,1477,DELAY
2025-01-01 00:57:48,NODE-7630,NODE-9460,RF,116,277,SUCCESS
2025-01-01 00:57:49,NODE-9493,NODE-5069,SATCOM,97,1138,SUCCESS
2025-01-01 00:57:51,NODE-2149,NODE-5848,RF,223,421,SUCCESS
2025-01-01 00:57:54,NODE-6018,NODE-1800,FIBER,67,498,SUCCESS
2025-01-01 00:57:57,NODE-8865,NODE-6509,FIBER,1449,555,DELAY
2025-01-01 00:58:00,NODE-3857,NODE-2169,FIBER,2730,6482,FAIL
2025-01-01 00:58:02,NODE-2584,NODE-4060,SATCOM,162,1309,SUCCESS
2025-01-01 00:58:05,NODE-8216,NODE-1113,SATCOM,129,476,SUCCESS
2025-01-01 00:58:06,NODE-6332,NODE-3251,FIBER,68,768,SUCCESS
2025-01-01 00:58:10,NODE-6805,NODE-8837,FIBER,203,402,SUCCESS
2025-01-01 00:58:13,NODE-8881,NODE-1168,RF,213,678,SUCCESS
2025-01-01 00:58:14,NODE-1849,NODE-2221,SATCOM,170,879,SUCCESS
2025-01-01 00:58:17,NODE-5372,NODE-4717,FIBER,166,370,SUCCESS
2025-01-01 00:58:19,NODE-1769,NODE-9856,RF,97,672,SUCCESS
2025-01-01 00:58:22,NODE-2619,NODE-9866,SATCOM,91,1457,SUCCESS
2025-01-01 00:58:23,NODE-9199,NODE-4788,FIBER,157,678,SUCCESS
2025-01-01 00:58:26,NODE-2712,NODE-4210,SATCOM,2777,4072,FAIL
2025-01-01 00:58:30,NODE-2168,NODE-1579,SATCOM,123,771,SUCCESS
2025-01-01 00:58:31,NODE-8287,NODE-9055,RF,211,211,SUCCESS
2025-01-01 00:58:33,NODE-4717,NODE-6448,SATCOM,140,394,SUCCESS
2025-01-01 00:58:35,NODE-3919,NODE-1370,FIBER,41,1197,SUCCESS
2025-01-01 00:58:37,NODE-2651,NODE-2517,RF,177,938,SUCCESS
2025-01-01 00:58:41,NODE-5315,NODE-1420,FIBER,150,931,SUCCESS
2025-01-01 00:58:42,NODE-5382,NODE-1860,RF,47,416,SUCCESS
2025-01-01 00:58:46,NODE-3859,NODE-4866,FIBER,2962,3633,FAIL
2025-01-01 00:58:48,NODE-6578,NODE-8782,FIBER,54,725,SUCCESS
2025-01-01 00:58:51,NODE-2348,NODE-2197,FIBER,3006,6278,FAIL
2025-01-01 00:58:53,NODE-6094,NODE-3471,RF,203,442,SUCCESS
2025-01-01 00:58:54,NODE-9625,NODE-2089,SATCOM,49,1290,SUCCESS
2025-01-01 00:58:58,NODE-7872,NODE-1302,RF,178,818,SUCCESS
2025-01-01 00:59:00,NODE-9788,NODE-5059,SATCOM,180,424,SUCCESS
2025-01-01 00:59:02,NODE-3011,NODE-7082,FIBER,178,1474,SUCCESS
2025-01-01 00:59:05,NODE-1960,NODE-7936,SATCOM,117,209,SUCCESS
2025-01-01 00:59:06,NODE-8005,NODE-5050,RF,120,894,SUCCESS
2025-01-01 00:59:08,NODE-8085,NODE-4896,SATCOM,1966,5687,FAIL
2025-01-01 00:59:09,NODE-7310,NODE-7033,SATCOM,1558,1127,DELAY
2025-01-01 00:59:11,NODE-1752,NODE-9696,FIBER,43,370,SUCCESS
2025-01-01 00:59:14,NODE-5242,NODE-9963,SATCOM,131,311,SUCCESS
2025-01-01 00:59:16,NODE-2459,NODE-3759,FIBER,185,1400,SUCCESS
2025-01-01 00:59:18,NODE-2819,NODE-2306,SATCOM,1294,813,DELAY
2025-01-01 00:59:22,NODE-3652,NODE-8219,SATCOM,173,1164,SUCCESS
2025-01-01 00:59:24,NODE-4654,NODE-2461,SATCOM,184,578,SUCCESS
2025-01-01 00:59:27,NODE-9955,NODE-3165,SATCOM,190,849,SUCCESS
2025-01-01 00:59:28,NODE-4275,NODE-9192,SATCOM,213,218,SUCCESS
2025-01-01 00:59:30,NODE-2041,NODE-2564,FIBER,168,871,SUCCESS
2025-01-01 00:59:33,NODE-4994,NODE-1886,SATCOM,81,1113,SUCCESS
2025-01-01 00:59:34,NODE-8521,NODE-9751,FIBER,234,545,SUCCESS
2025-01-01 00:59:37,NODE-8936,NODE-6505,SATCOM,149,1151,SUCCESS
2025-01-01 00:59:41,NODE-6215,NODE-1720,RF,93,786,SUCCESS
2025-01-01 00:59:42,NODE-4251,NODE-1486,SATCOM,249,531,SUCCESS
2025-01-01 00:59:43,NODE-1865,NODE-5585,SATCOM,244,1191,SUCCESS
2025-01-01 00:59:45,NODE-3553,NODE-1138,RF,46,945,SUCCESS
2025-01-01 00:59:46,NODE-1891,NODE-5213,SATCOM,231,354,SUCCESS
2025-01-01 00:59:49,NODE-4347,NODE-1428,RF,150,421,SUCCESS
2025-01-01 00:59:50,NODE-9585,NODE-1418,FIBER,68,384,SUCCESS
2025-01-01 00:59:52,NODE-5108,NODE-8489,SATCOM,62,498,SUCCESS
2025-01-01 00:59:56,NODE-6775,NODE-2761,SATCOM,72,505,SUCCESS
2025-01-01 00:59:59,NODE-9748,NODE-3262,RF,82,1245,SUCCESS
2025-01-01 01:00:00,NODE-1162,NODE-9636,SATCOM,191,350,SUCCESS
2025-01-01 01:00:04,NODE-3892,NODE-7137,RF,77,679,SUCCESS
2025-01-01 01:00:05,NODE-4041,NODE-5361,RF,185,627,SUCCESS
2025-01-01 01:00:06,NODE-7886,NODE-3521,RF,244,534,SUCCESS
2025-01-01 01:00:10,NODE-3390,NODE-2507,RF,1012,1001,DELAY
2025-01-01 01:00:13,NODE-7615,NODE-6041,RF,53,779,SUCCESS
2025-01-01 01:00:14,NODE-4847,NODE-6125,FIBER,192,267,SUCCESS
2025-01-01 01:00:17,NODE-6359,NODE-6765,FIBER,130,1098,SUCCESS
2025-01-01 01:00:21,NODE-8034,NODE-1072,FIBER,219,1143,SUCCESS
2025-01-01 01:00:25,NODE-8458,NODE-8871,SATCOM,103,683,SUCCESS
2025-01-01 01:00:28,NODE-2217,NODE-6821,SATCOM,175,568,SUCCESS
2025-01-01 01:00:29,NODE-2437,NODE-3055,SATCOM,249,781,SUCCESS
2025-01-01 01:00:33,NODE-6932,NODE-3580,RF,1106,1241,DELAY
2025-01-01 01:00:35,NODE-2801,NODE-6238,FIBER,144,983,SUCCESS
2025-01-01 01:00:39,NODE-5964,NODE-9798,FIBER,75,1043,SUCCESS
2025-01-01 01:00:43,NODE-3477,NODE-5630,SATCOM,63,617,SUCCESS
2025-01-01 01:00:44,NODE-9305,NODE-1855,FIBER,147,974,SUCCESS
2025-01-01 01:00:46,NODE-5891,NODE-9825,FIBER,66,292,SUCCESS
2025-01-01 01:00:47,NODE-6693,NODE-4751,SATCOM,1247,1321,DELAY
2025-01-01 01:00:50,NODE-6889,NODE-1316,RF,2909,3958,FAIL
2025-01-01 01:00:52,NODE-3608,NODE-5333,RF,223,1376,SUCCESS
2025-01-01 01:00:53,NODE-7669,NODE-7253,RF,75,1073,SUCCESS
2025-01-01 01:00:55,NODE-6350,NODE-4812,FIBER,187,208,SUCCESS
2025-01-01 01:00:56,NODE-2019,NODE-6455,RF,173,901,SUCCESS
2025-01-01 01:00:57,NODE-3182,NODE-2418,FIBER,200,1311,SUCCESS
2025-01-01 01:00:58,NODE-1242,NODE-5510,FIBER,46,1206,SUCCESS
2025-01-01 01:01:00,NODE-2134,NODE-7116,RF,240,999,SUCCESS
2025-01-01 01:01:03,NODE-2638,NODE-7298,FIBER,103,1311,SUCCESS
2025-01-01 01:01:06,NODE-9622,NODE-2357,FIBER,99,462,SUCCESS
2025-01-01 01:01:08,NODE-1765,NODE-8803,FIBER,2072,3651,FAIL
2025-01-01 01:01:11,NODE-5240,NODE-4221,FIBER,158,388,SUCCESS
2025-01-01 01:01:13,NODE-8505,NODE-2840,FIBER,120,786,SUCCESS
2025-01-01 01:01:15,NODE-4010,NODE-2648,RF,223,1007,SUCCESS
2025-01-01 01:01:18,NODE-7966,NODE-4609,FIBER,154,1437,SUCCESS
2025-01-01 01:01:21,NODE-1966,NODE-8273,RF,1546,312,DELAY
2025-01-01 01:01:23,NODE-8416,NODE-1713,FIBER,2638,3091,FAIL
2025-01-01 01:01:25,NODE-5912,NODE-9740,SATCOM,58,734,SUCCESS
2025-01-01 01:01:28,NODE-9104,NODE-9985,FIBER,76,1346,SUCCESS
2025-01-01 01:01:32,NODE-9346,NODE-9780,FIBER,218,593,SUCCESS
2025-01-01 01:01:35,NODE-1148,NODE-2939,RF,119,349,SUCCESS
2025-01-01 01:01:38,NODE-9562,NODE-2369,SATCOM,114,708,SUCCESS
2025-01-01 01:01:42,NODE-9165,NODE-5742,RF,989,360,DELAY
2025-01-01 01:01:46,NODE-8202,NODE-3799,RF,1600,1429,DELAY
2025-01-01 01:01:50,NODE-7576,NODE-5103,SATCOM,880,771,DELAY
2025-01-01 01:01:54,NODE-1123,NODE-2760,FIBER,46,910,SUCCESS
2025-01-01 01:01:56,NODE-7679,NODE-3503,FIBER,64,1340,SUCCESS
2025-01-01 01:01:58,NODE-2191,NODE-6076,SATCOM,193,907,SUCCESS
2025-01-01 01:02:00,NODE-3363,NODE-4496,FIBER,226,200,SUCCESS
2025-01-01 01:02:03,NODE-8454,NODE-3814,FIBER,173,1096,SUCCESS
2025-01-01 01:02:07,NODE-5065,NODE-3598,FIBER,103,1419,SUCCESS
2025-01-01 01:02:08,NODE-3284,NODE-5750,SATCOM,245,210,SUCCESS
2025-01-01 01:02:11,NODE-3038,NODE-8055,RF,178,758,SUCCESS
2025-01-01 01:02:12,NODE-5777,NODE-5775,SATCOM,58,1041,SUCCESS
2025-01-01 01:02:14,NODE-7976,NODE-7964,RF,174,355,SUCCESS
2025-01-01 01:02:16,NODE-2772,NODE-5758,FIBER,233,229,SUCCESS
2025-01-01 01:02:18,NODE-7742,NODE-6240,SATCOM,225,420,SUCCESS
2025-01-01 01:02:19,NODE-5748,NODE-5803,SATCOM,51,974,SUCCESS
2025-01-01 01:02:21,NODE-2917,NODE-2332,RF,163,1451,SUCCESS
2025-01-01 01:02:25,NODE-2067,NODE-6927,FIBER,246,788,SUCCESS
2025-01-01 01:02:27,NODE-1157,NODE-4413,SATCOM,128,368,SUCCESS
2025-01-01 01:02:31,NODE-2695,NODE-9751,SATCOM,75,1483,SUCCESS
2025-01-01 01:02:33,NODE-8746,NODE-3150,SATCOM,2989,5754,FAIL
2025-01-01 01:02:34,NODE-6715,NODE-3948,SATCOM,188,850,SUCCESS
2025-01-01 01:02:38,NODE-9872,NODE-3056,RF,133,461,SUCCESS
2025-01-01 01:02:42,NODE-4736,NODE-4427,FIBER,216,1500,SUCCESS
2025-01-01 01:02:43,NODE-9660,NODE-8660,FIBER,221,825,SUCCESS
2025-01-01 01:02:45,NODE-2252,NODE-3876,RF,202,275,SUCCESS
2025-01-01 01:02:47,NODE-8741,NODE-3259,SATCOM,223,1413,SUCCESS
2025-01-01 01:02:50,NODE-2410,NODE-5175,FIBER,113,203,SUCCESS
2025-01-01 01:02:51,NODE-4280,NODE-8034,FIBER,174,1436,SUCCESS
2025-01-01 01:02:52,NODE-6577,NODE-6716,RF,129,679,SUCCESS
2025-01-01 01:02:53,NODE-4613,NODE-7414,SATCOM,54,774,SUCCESS
2025-01-01 01:02:56,NODE-2820,NODE-3690,SATCOM,129,308,SUCCESS
2025-01-01 01:02:59,NODE-8833,NODE-4003,SATCOM,67,220,SUCCESS
2025-01-01 01:03:03,NODE-8462,NODE-3230,RF,40,846,SUCCESS
2025-01-01 01:03:07,NODE-8547,NODE-7567,FIBER,204,1244,SUCCESS
2025-01-01 01:03:11,NODE-7598,NODE-3301,SATCOM,46,867,SUCCESS
2025-01-01 01:03:13,NODE-3976,NODE-4840,RF,1204,446,DELAY
2025-01-01 01:03:16,NODE-3964,NODE-9656,SATCOM,114,1226,SUCCESS
2025-01-01 01:03:17,NODE-5525,NODE-4839,SATCOM,93,1007,SUCCESS
2025-01-01 01:03:20,NODE-5232,NODE-5188,FIBER,240,203,SUCCESS
2025-01-01 01:03:24,NODE-9629,NODE-6026,FIBER,184,1062,SUCCESS
2025-01-01 01:03:27,NODE-1766,NODE-3963,SATCOM,1344,1386,DELAY
2025-01-01 01:03:31,NODE-2662,NODE-2813,SATCOM,2196,5348,FAIL
2025-01-01 01:03:35,NODE-9009,NODE-2052,SATCOM,1190,643,DELAY
2025-01-01 01:03:36,NODE-1642,NODE-7000,FIBER,198,256,SUCCESS
2025-01-01 01:03:37,NODE-7716,NODE-5267,RF,2777,6523,FAIL
2025-01-01 01:03:40,NODE-1983,NODE-2812,RF,101,976,SUCCESS
2025-01-01 01:03:44,NODE-3389,NODE-6922,FIBER,55,373,SUCCESS
2025-01-01 01:03:47,NODE-5325,NODE-5309,SATCOM,205,1280,SUCCESS
2025-01-01 01:03:49,NODE-6494,NODE-5594,SATCOM,2265,5755,FAIL
2025-01-01 01:03:50,NODE-4127,NODE-8701,SATCOM,241,1038,SUCCESS
2025-01-01 01:03:53,NODE-5834,NODE-8851,FIBER,72,663,SUCCESS
2025-01-01 01:03:54,NODE-5259,NODE-7105,RF,69,209,SUCCESS
2025-01-01 01:03:57,NODE-9096,NODE-4141,SATCOM,230,1051,SUCCESS
2025-01-01 01:03:59,NODE-8693,NODE-1589,SATCOM,129,503,SUCCESS
2025-01-01 01:04:03,NODE-7879,NODE-3050,SATCOM,92,254,SUCCESS
2025-01-01 01:04:06,NODE-1077,NODE-3878,SATCOM,40,958,SUCCESS
2025-01-01 01:04:07,NODE-8935,NODE-2076,FIBER,235,364,SUCCESS
2025-01-01 01:04:10,NODE-3859,NODE-9281,RF,161,1271,SUCCESS
2025-01-01 01:04:13,NODE-9718,NODE-8213,FIBER,250,729,SUCCESS
2025-01-01 01:04:14,NODE-6459,NODE-9590,FIBER,103,592,SUCCESS
2025-01-01 01:04:17,NODE-7707,NODE-8472,FIBER,141,312,SUCCESS
2025-01-01 01:04:18,NODE-4487,NODE-3223,RF,198,1428,SUCCESS
2025-01-01 01:04:19,NODE-6536,NODE-3662,FIBER,173,370,SUCCESS
2025-01-01 01:04:23,NODE-2381,NODE-6779,RF,229,820,SUCCESS
2025-01-01 01:04:27,NODE-1876,NODE-2408,SATCOM,100,1059,SUCCESS
2025-01-01 01:04:31,NODE-4298,NODE-5458,SATCOM,98,209,SUCCESS
2025-01-01 01:04:32,NODE-7784,NODE-8525,RF,98,610,SUCCESS
2025-01-01 01:04:34,NODE-9880,NODE-3431,SATCOM,89,735,SUCCESS
2025-01-01 01:04:37,NODE-6327,NODE-5994,SATCOM,206,1234,SUCCESS
2025-01-01 01:04:38,NODE-3642,NODE-9221,RF,106,236,SUCCESS
2025-01-01 01:04:40,NODE-5845,NODE-1748,SATCOM,85,1063,SUCCESS
2025-01-01 01:04:44,NODE-2450,NODE-8999,RF,181,1279,SUCCESS
2025-01-01 01:04:46,NODE-4405,NODE-7505,SATCOM,51,1086,SUCCESS
2025-01-01 01:04:49,NODE-2511,NODE-6655,SATCOM,61,738,SUCCESS
2025-01-01 01:04:51,NODE-9549,NODE-3415,RF,61,1071,SUCCESS
2025-01-01 01:04:52,NODE-4089,NODE-4195,RF,165,385,SUCCESS
2025-01-01 01:04:56,NODE-7503,NODE-2338,FIBER,223,385,SUCCESS
2025-01-01 01:04:58,NODE-1192,NODE-8237,FIBER,121,916,SUCCESS
2025-01-01 01:05:02,NODE-8518,NODE-1129,RF,125,666,SUCCESS
2025-01-01 01:05:04,NODE-1022,NODE-2866,SATCOM,1566,895,DELAY
2025-01-01 01:05:05,NODE-9237,NODE-2231,RF,69,703,SUCCESS
2025-01-01 01:05:09,NODE-5750,NODE-3202,SATCOM,1443,449,DELAY
2025-01-01 01:05:12,NODE-2248,NODE-5812,FIBER,238,740,SUCCESS
2025-01-01 01:05:16,NODE-3765,NODE-4714,RF,1228,792,DELAY
2025-01-01 01:05:19,NODE-3122,NODE-3131,SATCOM,2219,5935,FAIL
2025-01-01 01:05:23,NODE-1030,NODE-8674,SATCOM,166,716,SUCCESS
2025-01-01 01:05:25,NODE-1855,NODE-8443,RF,831,847,DELAY
2025-01-01 01:05:28,NODE-7817,NODE-8756,RF,1975,4274,FAIL
2025-01-01 01:05:31,NODE-1847,NODE-1930,SATCOM,1338,695,DELAY
2025-01-01 01:05:32,NODE-7778,NODE-5258,FIBER,189,1038,SUCCESS
2025-01-01 01:05:34,NODE-9110,NODE-4829,FIBER,62,680,SUCCESS
2025-01-01 01:05:35,NODE-5443,NODE-7201,SATCOM,175,1213,SUCCESS
2025-01-01 01:05:38,NODE-5972,NODE-1271,SATCOM,56,1136,SUCCESS
2025-01-01 01:05:42,NODE-9762,NODE-1582,RF,207,1146,SUCCESS
2025-01-01 01:05:46,NODE-7638,NODE-2827,SATCOM,180,940,SUCCESS
2025-01-01 01:05:47,NODE-6668,NODE-3347,FIBER,1874,4411,FAIL
2025-01-01 01:05:51,NODE-2319,NODE-9803,FIBER,78,1194,SUCCESS
2025-01-01 01:05:53,NODE-5145,NODE-3177,FIBER,59,397,SUCCESS
2025-01-01 01:05:54,NODE-3890,NODE-3136,SATCOM,216,595,SUCCESS
2025-01-01 01:05:58,NODE-9459,NODE-7342,FIBER,226,965,SUCCESS
2025-01-01 01:06:01,NODE-4809,NODE-3275,RF,226,1047,SUCCESS
2025-01-01 01:06:02,NODE-2705,NODE-1295,SATCOM,76,230,SUCCESS
2025-01-01 01:06:06,NODE-8128,NODE-6053,RF,47,681,SUCCESS
2025-01-01 01:06:09,NODE-4375,NODE-2251,FIBER,221,1005,SUCCESS
2025-01-01 01:06:10,NODE-7606,NODE-1947,SATCOM,189,369,SUCCESS
2025-01-01 01:06:13,NODE-9341,NODE-8887,RF,1246,471,DELAY
2025-01-01 01:06:16,NODE-1493,NODE-5917,SATCOM,207,1077,SUCCESS
2025-01-01 01:06:20,NODE-9421,NODE-4068,FIBER,55,913,SUCCESS
2025-01-01 01:06:21,NODE-5934,NODE-2437,SATCOM,189,1193,SUCCESS
2025-01-01 01:06:23,NODE-3799,NODE-2155,FIBER,60,445,SUCCESS
2025-01-01 01:06:26,NODE-8468,NODE-6499,RF,179,745,SUCCESS
2025-01-01 01:06:29,NODE-5279,NODE-6101,RF,3152,3276,FAIL
2025-01-01 01:06:31,NODE-4069,NODE-9201,SATCOM,41,1078,SUCCESS
2025-01-01 01:06:32,NODE-3123,NODE-3640,SATCOM,84,1110,SUCCESS
2025-01-01 01:06:35,NODE-7873,NODE-5808,SATCOM,241,685,SUCCESS
2025-01-01 01:06:37,NODE-4513,NODE-1515,SATCOM,121,537,SUCCESS
2025-01-01 01:06:41,NODE-2203,NODE-9381,SATCOM,248,338,SUCCESS
2025-01-01 01:06:42,NODE-4560,NODE-4684,RF,62,441,SUCCESS
2025-01-01 01:06:44,NODE-4986,NODE-2429,FIBER,80,1159,SUCCESS
2025-01-01 01:06:47,NODE-2813,NODE-7910,SATCOM,69,1072,SUCCESS
2025-01-01 01:06:51,NODE-3259,NODE-5648,RF,1361,1270,DELAY
2025-01-01 01:06:52,NODE-1487,NODE-6828,RF,172,876,SUCCESS
2025-01-01 01:06:56,NODE-3039,NODE-2769,FIBER,2395,5459,FAIL
2025-01-01 01:06:58,NODE-6198,NODE-5239,FIBER,54,1255,SUCCESS
2025-01-01 01:07:01,NODE-6559,NODE-5337,FIBER,1384,1177,DELAY
2025-01-01 01:07:02,NODE-1181,NODE-4116,FIBER,172,683,SUCCESS
2025-01-01 01:07:03,NODE-7633,NODE-1939,FIBER,61,511,SUCCESS
2025-01-01 01:07:06,NODE-4356,NODE-1585,SATCOM,2812,6688,FAIL
2025-01-01 01:07:09,NODE-8156,NODE-5898,FIBER,68,928,SUCCESS
2025-01-01 01:07:10,NODE-6537,NODE-2057,FIBER,237,735,SUCCESS
2025-01-01 01:07:13,NODE-7563,NODE-3863,FIBER,190,1452,SUCCESS
2025-01-01 01:07:15,NODE-1845,NODE-7137,SATCOM,69,1235,SUCCESS
2025-01-01 01:07:16,NODE-2625,NODE-5951,RF,86,889,SUCCESS
2025-01-01 01:07:19,NODE-7794,NODE-3704,SATCOM,157,1041,SUCCESS
2025-01-01 01:07:20,NODE-3152,NODE-3616,RF,158,334,SUCCESS
2025-01-01 01:07:24,NODE-5409,NODE-5751,RF,3015,3934,FAIL
2025-01-01 01:07:28,NODE-8181,NODE-8728,RF,176,1434,SUCCESS
2025-01-01 01:07:32,NODE-3386,NODE-5684,FIBER,52,621,SUCCESS
2025-01-01 01:07:35,NODE-5155,NODE-2398,FIBER,62,1264,SUCCESS
2025-01-01 01:07:37,NODE-7950,NODE-5609,SATCOM,238,823,SUCCESS
2025-01-01 01:07:41,NODE-5756,NODE-2730,SATCOM,1426,953,DELAY
2025-01-01 01:07:42,NODE-2950,NODE-2343,RF,917,879,DELAY
2025-01-01 01:07:44,NODE-4459,NODE-8289,RF,243,340,SUCCESS
2025-01-01 01:07:46,NODE-6931,NODE-6255,SATCOM,1047,368,DELAY
2025-01-01 01:07:49,NODE-6243,NODE-8272,FIBER,138,1335,SUCCESS
2025-01-01 01:07:53,NODE-4268,NODE-3432,FIBER,3066,6088,FAIL
2025-01-01 01:07:56,NODE-8028,NODE-4136,FIBER,162,748,SUCCESS
2025-01-01 01:08:00,NODE-4276,NODE-2442,RF,185,611,SUCCESS
2025-01-01 01:08:03,NODE-8083,NODE-3380,FIBER,1203,677,DELAY
2025-01-01 01:08:04,NODE-8348,NODE-7491,SATCOM,134,547,SUCCESS
2025-01-01 01:08:05,NODE-1115,NODE-7447,RF,183,1449,SUCCESS
2025-01-01 01:08:06,NODE-8781,NODE-1043,RF,149,960,SUCCESS
2025-01-01 01:08:09,NODE-5439,NODE-6274,FIBER,78,662,SUCCESS
2025-01-01 01:08:13,NODE-2526,NODE-7784,FIBER,243,277,SUCCESS
2025-01-01 01:08:15,NODE-9421,NODE-1393,RF,250,1117,SUCCESS
2025-01-01 01:08:17,NODE-8262,NODE-6281,FIBER,223,553,SUCCESS
2025-01-01 01:08:18,NODE-4368,NODE-2282,FIBER,201,924,SUCCESS
2025-01-01 01:08:19,NODE-8872,NODE-5257,FIBER,180,1200,SUCCESS
2025-01-01 01:08:23,NODE-2504,NODE-2049,SATCOM,156,896,SUCCESS
2025-01-01 01:08:24,NODE-6598,NODE-7308,RF,2641,4665,FAIL
2025-01-01 01:08:26,NODE-2165,NODE-5542,FIBER,2229,3312,FAIL
2025-01-01 01:08:29,NODE-2763,NODE-4934,RF,114,1264,SUCCESS
2025-01-01 01:08:32,NODE-7518,NODE-9759,RF,210,607,SUCCESS
2025-01-01 01:08:34,NODE-1366,NODE-4966,SATCOM,1500,1147,DELAY
2025-01-01 01:08:37,NODE-4912,NODE-1610,RF,1074,313,DELAY
2025-01-01 01:08:39,NODE-6062,NODE-8008,SATCOM,130,795,SUCCESS
2025-01-01 01:08:40,NODE-9090,NODE-2911,FIBER,47,1138,SUCCESS
2025-01-01 01:08:42,NODE-4387,NODE-5169,RF,174,440,SUCCESS
2025-01-01 01:08:46,NODE-2761,NODE-2813,FIBER,115,554,SUCCESS
2025-01-01 01:08:50,NODE-2605,NODE-5134,SATCOM,183,1219,SUCCESS
2025-01-01 01:08:51,NODE-9798,NODE-8915,SATCOM,79,887,SUCCESS
2025-01-01 01:08:53,NODE-2812,NODE-5865,FIBER,205,356,SUCCESS
2025-01-01 01:08:54,NODE-6239,NODE-6594,SATCOM,103,671,SUCCESS
2025-01-01 01:08:55,NODE-9925,NODE-4542,SATCOM,89,1155,SUCCESS
2025-01-01 01:08:57,NODE-2401,NODE-2568,SATCOM,207,973,SUCCESS
2025-01-01 01:09:00,NODE-4444,NODE-5276,FIBER,50,258,SUCCESS
2025-01-01 01:09:04,NODE-7014,NODE-7177,SATCOM,71,1037,SUCCESS
2025-01-01 01:09:08,NODE-9888,NODE-3728,RF,156,800,SUCCESS
2025-01-01 01:09:11,NODE-5739,NODE-7993,SATCOM,3123,5344,FAIL
2025-01-01 01:09:14,NODE-2593,NODE-7740,RF,77,1032,SUCCESS
2025-01-01 01:09:16,NODE-6697,NODE-2140,SATCOM,156,1165,SUCCESS
2025-01-01 01:09:19,NODE-1006,NODE-8199,RF,111,775,SUCCESS
2025-01-01 01:09:20,NODE-3586,NODE-7308,RF,107,596,SUCCESS
2025-01-01 01:09:21,NODE-9437,NODE-5435,SATCOM,141,1472,SUCCESS
2025-01-01 01:09:24,NODE-3492,NODE-3369,SATCOM,210,1360,SUCCESS
2025-01-01 01:09:25,NODE-4880,NODE-8723,SATCOM,130,342,SUCCESS
2025-01-01 01:09:26,NODE-1792,NODE-1239,RF,132,956,SUCCESS
2025-01-01 01:09:30,NODE-9220,NODE-1987,RF,236,576,SUCCESS
2025-01-01 01:09:31,NODE-1641,NODE-3348,FIBER,53,681,SUCCESS
2025-01-01 01:09:32,NODE-1077,NODE-3539,RF,193,1137,SUCCESS
2025-01-01 01:09:35,NODE-9684,NODE-8499,FIBER,117,455,SUCCESS
2025-01-01 01:09:39,NODE-7543,NODE-9618,SATCOM,198,745,SUCCESS
2025-01-01 01:09:40,NODE-8159,NODE-6348,SATCOM,2298,5053,FAIL
2025-01-01 01:09:42,NODE-8921,NODE-7713,FIBER,66,1444,SUCCESS
2025-01-01 01:09:46,NODE-3790,NODE-8647,RF,57,1189,SUCCESS
2025-01-01 01:09:50,NODE-3948,NODE-2731,SATCOM,184,1333,SUCCESS
2025-01-01 01:09:53,NODE-3532,NODE-6002,SATCOM,199,335,SUCCESS
2025-01-01 01:09:55,NODE-9286,NODE-5394,SATCOM,62,1091,SUCCESS
2025-01-01 01:09:57,NODE-7067,NODE-3319,RF,204,1479,SUCCESS
2025-01-01 01:09:58,NODE-4802,NODE-2721,SATCOM,114,1267,SUCCESS
2025-01-01 01:10:01,NODE-1931,NODE-6658,SATCOM,43,1345,SUCCESS
2025-01-01 01:10:03,NODE-3901,NODE-6270,RF,227,999,SUCCESS
2025-01-01 01:10:06,NODE-1607,NODE-8736,RF,3032,3863,FAIL
2025-01-01 01:10:07,NODE-5845,NODE-1754,FIBER,191,1047,SUCCESS
2025-01-01 01:10:10,NODE-3108,NODE-2086,RF,97,518,SUCCESS
2025-01-01 01:10:14,NODE-8963,NODE-9480,FIBER,185,651,SUCCESS
2025-01-01 01:10:15,NODE-2663,NODE-8460,FIBER,218,1037,SUCCESS
2025-01-01 01:10:18,NODE-7497,NODE-7853,RF,47,1034,SUCCESS
2025-01-01 01:10:20,NODE-7580,NODE-9762,FIBER,103,1127,SUCCESS
2025-01-01 01:10:23,NODE-8777,NODE-2010,SATCOM,196,1328,SUCCESS
2025-01-01 01:10:26,NODE-8853,NODE-7746,SATCOM,171,1084,SUCCESS
2025-01-01 01:10:27,NODE-3349,NODE-5572,RF,2638,5748,FAIL
2025-01-01 01:10:30,NODE-6874,NODE-8439,RF,247,1153,SUCCESS
2025-01-01 01:10:31,NODE-3039,NODE-2052,FIBER,221,761,SUCCESS
2025-01-01 01:10:34,NODE-3755,NODE-6450,RF,247,1084,SUCCESS
2025-01-01 01:10:38,NODE-8126,NODE-1966,RF,218,826,SUCCESS
2025-01-01 01:10:40,NODE-2323,NODE-4918,RF,69,469,SUCCESS
2025-01-01 01:10:44,NODE-3292,NODE-9546,FIBER,55,469,SUCCESS
2025-01-01 01:10:48,NODE-5680,NODE-9969,SATCOM,1270,356,DELAY
2025-01-01 01:10:50,NODE-1291,NODE-1063,SATCOM,122,1006,SUCCESS
2025-01-01 01:10:52,NODE-5945,NODE-6576,RF,204,1021,SUCCESS
2025-01-01 01:10:54,NODE-4174,NODE-7313,FIBER,80,669,SUCCESS
2025-01-01 01:10:55,NODE-7393,NODE-1165,SATCOM,131,1359,SUCCESS
2025-01-01 01:10:57,NODE-6216,NODE-8939,RF,132,352,SUCCESS
2025-01-01 01:10:58,NODE-9143,NODE-3907,FIBER,218,1044,SUCCESS
2025-01-01 01:11:00,NODE-8052,NODE-4931,RF,234,1291,SUCCESS
2025-01-01 01:11:03,NODE-9392,NODE-5085,SATCOM,247,1202,SUCCESS
2025-01-01 01:11:04,NODE-1291,NODE-3994,FIBER,1064,487,DELAY
2025-01-01 01:11:05,NODE-3529,NODE-8236,FIBER,118,681,SUCCESS
2025-01-01 01:11:07,NODE-9914,NODE-1629,RF,165,1013,SUCCESS
2025-01-01 01:11:08,NODE-8300,NODE-1969,SATCOM,137,549,SUCCESS
2025-01-01 01:11:10,NODE-9909,NODE-7631,FIBER,57,1014,SUCCESS
2025-01-01 01:11:12,NODE-4129,NODE-6506,SATCOM,123,400,SUCCESS
2025-01-01 01:11:16,NODE-6471,NODE-6257,FIBER,1238,1327,DELAY
2025-01-01 01:11:17,NODE-8036,NODE-6599,FIBER,192,916,SUCCESS
2025-01-01 01:11:19,NODE-3170,NODE-1330,SATCOM,69,231,SUCCESS
2025-01-01 01:11:21,NODE-2260,NODE-2987,FIBER,171,959,SUCCESS
2025-01-01 01:11:23,NODE-3576,NODE-3851,SATCOM,108,523,SUCCESS
2025-01-01 01:11:27,NODE-6357,NODE-2849,FIBER,68,717,SUCCESS
2025-01-01 01:11:28,NODE-8185,NODE-3069,SATCOM,215,915,SUCCESS
2025-01-01 01:11:32,NODE-6802,NODE-3865,SATCOM,103,291,SUCCESS
2025-01-01 01:11:34,NODE-8360,NODE-5528,FIBER,1002,1325,DELAY
2025-01-01 01:11:35,NODE-5843,NODE-8482,RF,132,1108,SUCCESS
2025-01-01 01:11:36,NODE-3975,NODE-8673,RF,2874,5475,FAIL
2025-01-01 01:11:38,NODE-1565,NODE-8389,SATCOM,191,1458,SUCCESS
2025-01-01 01:11:42,NODE-3809,NODE-8721,FIBER,184,440,SUCCESS
2025-01-01 01:11:46,NODE-6106,NODE-8714,SATCOM,241,1059,SUCCESS
2025-01-01 01:11:50,NODE-5491,NODE-6560,SATCOM,83,562,SUCCESS
2025-01-01 01:11:51,NODE-6687,NODE-2751,RF,121,675,SUCCESS
2025-01-01 01:11:52,NODE-1064,NODE-3621,SATCOM,1484,1203,DELAY
2025-01-01 01:11:56,NODE-3023,NODE-1905,SATCOM,853,981,DELAY
2025-01-01 01:11:58,NODE-5476,NODE-6042,FIBER,49,472,SUCCESS
2025-01-01 01:12:02,NODE-1514,NODE-3623,SATCOM,97,240,SUCCESS
2025-01-01 01:12:03,NODE-3341,NODE-7333,RF,247,1457,SUCCESS
2025-01-01 01:12:04,NODE-6474,NODE-4049,FIBER,127,579,SUCCESS
2025-01-01 01:12:06,NODE-7603,NODE-8507,SATCOM,59,462,SUCCESS
2025-01-01 01:12:08,NODE-2630,NODE-3742,FIBER,240,1086,SUCCESS
2025-01-01 01:12:12,NODE-2997,NODE-4131,FIBER,106,701,SUCCESS
2025-01-01 01:12:14,NODE-9620,NODE-3340,FIBER,217,1048,SUCCESS
2025-01-01 01:12:17,NODE-7638,NODE-4182,SATCOM,237,435,SUCCESS
2025-01-01 01:12:18,NODE-7748,NODE-8614,FIBER,1580,641,DELAY
2025-01-01 01:12:20,NODE-9737,NODE-9521,SATCOM,41,770,SUCCESS
2025-01-01 01:12:22,NODE-4865,NODE-5910,FIBER,210,576,SUCCESS
2025-01-01 01:12:23,NODE-7315,NODE-3832,RF,46,595,SUCCESS
2025-01-01 01:12:26,NODE-4625,NODE-2812,FIBER,151,946,SUCCESS
2025-01-01 01:12:30,NODE-3132,NODE-4495,FIBER,120,472,SUCCESS
2025-01-01 01:12:34,NODE-1294,NODE-9911,FIBER,46,1030,SUCCESS
2025-01-01 01:12:38,NODE-4001,NODE-3605,RF,87,499,SUCCESS
2025-01-01 01:12:39,NODE-7042,NODE-7335,RF,892,949,DELAY
2025-01-01 01:12:43,NODE-3641,NODE-4854,RF,137,1404,SUCCESS
2025-01-01 01:12:45,NODE-7190,NODE-9860,FIBER,1568,1175,DELAY
2025-01-01 01:12:49,NODE-2909,NODE-7050,FIBER,144,1320,SUCCESS
2025-01-01 01:12:52,NODE-3800,NODE-1489,FIBER,106,816,SUCCESS
2025-01-01 01:12:53,NODE-8352,NODE-1973,SATCOM,150,506,SUCCESS
2025-01-01 01:12:56,NODE-4919,NODE-4875,RF,234,299,SUCCESS
2025-01-01 01:12:58,NODE-9939,NODE-7632,FIBER,211,398,SUCCESS
2025-01-01 01:13:01,NODE-9214,NODE-8141,SATCOM,162,1202,SUCCESS
2025-01-01 01:13:02,NODE-3514,NODE-5495,FIBER,200,383,SUCCESS
2025-01-01 01:13:06,NODE-5017,NODE-3633,FIBER,128,460,SUCCESS
2025-01-01 01:13:07,NODE-7292,NODE-7080,SATCOM,184,876,SUCCESS
2025-01-01 01:13:09,NODE-3727,NODE-1377,FIBER,161,325,SUCCESS
2025-01-01 01:13:12,NODE-6924,NODE-9441,RF,2131,6275,FAIL
2025-01-01 01:13:15,NODE-5371,NODE-3978,RF,53,634,SUCCESS
2025-01-01 01:13:19,NODE-1403,NODE-6981,FIBER,2808,6745,FAIL
2025-01-01 01:13:22,NODE-2008,NODE-1286,RF,218,726,SUCCESS
2025-01-01 01:13:25,NODE-2706,NODE-8278,FIBER,73,972,SUCCESS
2025-01-01 01:13:26,NODE-6295,NODE-2432,SATCOM,135,743,SUCCESS
2025-01-01 01:13:30,NODE-8098,NODE-3168,FIBER,91,973,SUCCESS
2025-01-01 01:13:33,NODE-6536,NODE-6655,FIBER,167,340,SUCCESS
2025-01-01 01:13:37,NODE-2416,NODE-8677,RF,135,309,SUCCESS
2025-01-01 01:13:40,NODE-9348,NODE-9951,RF,1270,1439,DELAY
2025-01-01 01:13:42,NODE-8646,NODE-1345,RF,213,1193,SUCCESS
2025-01-01 01:13:45,NODE-4517,NODE-2761,RF,1574,1195,DELAY
2025-01-01 01:13:47,NODE-9013,NODE-5927,FIBER,53,1376,SUCCESS
2025-01-01 01:13:48,NODE-3975,NODE-2689,SATCOM,142,1353,SUCCESS
2025-01-01 01:13:50,NODE-2706,NODE-6828,SATCOM,215,346,SUCCESS
2025-01-01 01:13:53,NODE-8540,NODE-3503,FIBER,2663,5255,FAIL
2025-01-01 01:13:55,NODE-7828,NODE-2477,SATCOM,159,1318,SUCCESS
2025-01-01 01:13:59,NODE-3007,NODE-9480,FIBER,171,916,SUCCESS
2025-01-01 01:14:00,NODE-7866,NODE-2575,FIBER,1153,478,DELAY
2025-01-01 01:14:02,NODE-1623,NODE-3436,RF,100,582,SUCCESS
2025-01-01 01:14:03,NODE-5422,NODE-7512,RF,111,918,SUCCESS
2025-01-01 01:14:07,NODE-9506,NODE-4619,RF,80,669,SUCCESS
2025-01-01 01:14:11,NODE-4841,NODE-1337,RF,1244,1132,DELAY
2025-01-01 01:14:15,NODE-5119,NODE-7388,RF,142,258,SUCCESS
2025-01-01 01:14:16,NODE-5933,NODE-6081,RF,205,1150,SUCCESS
2025-01-01 01:14:20,NODE-9223,NODE-5722,RF,1498,424,DELAY
2025-01-01 01:14:23,NODE-3349,NODE-9375,RF,2062,3574,FAIL
2025-01-01 01:14:25,NODE-7447,NODE-9534,FIBER,1213,803,DELAY
2025-01-01 01:14:28,NODE-2346,NODE-3508,RF,125,541,SUCCESS
2025-01-01 01:14:32,NODE-3391,NODE-1177,FIBER,2823,3340,FAIL
2025-01-01 01:14:35,NODE-8853,NODE-6028,SATCOM,207,372,SUCCESS
2025-01-01 01:14:36,NODE-8963,NODE-8350,RF,87,366,SUCCESS
2025-01-01 01:14:38,NODE-2572,NODE-8045,RF,214,1195,SUCCESS
2025-01-01 01:14:39,NODE-2739,NODE-9508,FIBER,191,736,SUCCESS
2025-01-01 01:14:41,NODE-6965,NODE-3799,RF,52,1246,SUCCESS
2025-01-01 01:14:43,NODE-9380,NODE-6459,SATCOM,202,552,SUCCESS
2025-01-01 01:14:47,NODE-1203,NODE-3054,FIBER,169,331,SUCCESS
2025-01-01 01:14:51,NODE-1794,NODE-7501,FIBER,2750,6723,FAIL
2025-01-01 01:14:54,NODE-7580,NODE-3279,FIBER,190,946,SUCCESS
2025-01-01 01:14:56,NODE-4930,NODE-9684,SATCOM,52,1076,SUCCESS
2025-01-01 01:14:59,NODE-9289,NODE-2082,SATCOM,100,1337,SUCCESS
2025-01-01 01:15:00,NODE-6511,NODE-6451,RF,1513,260,DELAY
2025-01-01 01:15:03,NODE-8655,NODE-6269,SATCOM,102,708,SUCCESS
2025-01-01 01:15:06,NODE-7191,NODE-4852,FIBER,2053,4828,FAIL
2025-01-01 01:15:10,NODE-8203,NODE-6476,SATCOM,82,1293,SUCCESS
2025-01-01 01:15:14,NODE-7746,NODE-8043,FIBER,101,330,SUCCESS
2025-01-01 01:15:16,NODE-1606,NODE-7503,RF,248,557,SUCCESS
2025-01-01 01:15:17,NODE-4225,NODE-7963,RF,1480,1244,DELAY
2025-01-01 01:15:21,NODE-9566,NODE-3213,RF,150,214,SUCCESS
2025-01-01 01:15:25,NODE-1234,NODE-4052,SATCOM,202,317,SUCCESS
2025-01-01 01:15:27,NODE-8141,NODE-7034,SATCOM,164,1004,SUCCESS
2025-01-01 01:15:29,NODE-4748,NODE-7073,FIBER,42,343,SUCCESS
2025-01-01 01:15:33,NODE-5462,NODE-3584,RF,172,1310,SUCCESS
2025-01-01 01:15:34,NODE-5066,NODE-1590,RF,249,1179,SUCCESS
2025-01-01 01:15:37,NODE-2857,NODE-3598,RF,233,983,SUCCESS
2025-01-01 01:15:40,NODE-6623,NODE-1321,FIBER,207,720,SUCCESS
2025-01-01 01:15:44,NODE-7086,NODE-2688,SATCOM,216,1471,SUCCESS
2025-01-01 01:15:46,NODE-6841,NODE-1390,SATCOM,53,1269,SUCCESS
2025-01-01 01:15:47,NODE-4078,NODE-6493,RF,2116,6870,FAIL
2025-01-01 01:15:49,NODE-5855,NODE-5776,SATCOM,1594,1003,DELAY
2025-01-01 01:15:51,NODE-6720,NODE-9673,SATCOM,213,618,SUCCESS
2025-01-01 01:15:55,NODE-7103,NODE-9963,FIBER,215,592,SUCCESS
2025-01-01 01:15:56,NODE-4516,NODE-1947,FIBER,235,1486,SUCCESS
2025-01-01 01:15:57,NODE-2971,NODE-6956,FIBER,76,1250,SUCCESS
2025-01-01 01:16:01,NODE-2741,NODE-5346,FIBER,233,904,SUCCESS
2025-01-01 01:16:05,NODE-5855,NODE-3022,SATCOM,88,619,SUCCESS
2025-01-01 01:16:08,NODE-6850,NODE-3049,SATCOM,1257,1013,DELAY
2025-01-01 01:16:11,NODE-9090,NODE-1553,SATCOM,154,1206,SUCCESS
2025-01-01 01:16:15,NODE-3812,NODE-3762,FIBER,163,877,SUCCESS
2025-01-01 01:16:19,NODE-2209,NODE-5566,RF,121,310,SUCCESS
2025-01-01 01:16:23,NODE-1423,NODE-4742,SATCOM,232,1431,SUCCESS
2025-01-01 01:16:24,NODE-3711,NODE-2053,RF,1470,315,DELAY
2025-01-01 01:16:26,NODE-4622,NODE-3482,FIBER,69,1382,SUCCESS
2025-01-01 01:16:30,NODE-7043,NODE-2899,FIBER,91,965,SUCCESS
2025-01-01 01:16:32,NODE-9935,NODE-5575,SATCOM,112,690,SUCCESS
2025-01-01 01:16:33,NODE-4104,NODE-8548,RF,212,1229,SUCCESS
2025-01-01 01:16:37,NODE-3172,NODE-1040,RF,220,582,SUCCESS
2025-01-01 01:16:38,NODE-2376,NODE-7728,RF,1321,586,DELAY
2025-01-01 01:16:39,NODE-9775,NODE-9816,FIBER,846,1047,DELAY
2025-01-01 01:16:40,NODE-8784,NODE-6985,SATCOM,134,525,SUCCESS
2025-01-01 01:16:44,NODE-2566,NODE-1916,FIBER,206,723,SUCCESS
2025-01-01 01:16:48,NODE-5202,NODE-5622,FIBER,1340,825,DELAY
2025-01-01 01:16:49,NODE-4083,NODE-5834,FIBER,178,713,SUCCESS
2025-01-01 01:16:51,NODE-7450,NODE-2685,SATCOM,73,460,SUCCESS
2025-01-01 01:16:52,NODE-2580,NODE-4847,SATCOM,124,1397,SUCCESS
2025-01-01 01:16:56,NODE-1559,NODE-5836,SATCOM,120,702,SUCCESS
2025-01-01 01:16:57,NODE-8639,NODE-1208,FIBER,248,1488,SUCCESS
2025-01-01 01:16:59,NODE-6403,NODE-6207,SATCOM,75,567,SUCCESS
2025-01-01 01:17:03,NODE-3393,NODE-4853,FIBER,202,1129,SUCCESS
2025-01-01 01:17:06,NODE-5765,NODE-5903,RF,241,536,SUCCESS
2025-01-01 01:17:08,NODE-2936,NODE-9423,FIBER,75,237,SUCCESS
2025-01-01 01:17:11,NODE-1786,NODE-6748,SATCOM,139,530,SUCCESS
2025-01-01 01:17:15,NODE-6663,NODE-9247,FIBER,145,1364,SUCCESS
2025-01-01 01:17:18,NODE-6473,NODE-4689,SATCOM,77,1145,SUCCESS
2025-01-01 01:17:19,NODE-7703,NODE-1820,SATCOM,188,510,SUCCESS
2025-01-01 01:17:20,NODE-7449,NODE-6353,SATCOM,249,407,SUCCESS
2025-01-01 01:17:23,NODE-5251,NODE-9496,SATCOM,202,1418,SUCCESS
2025-01-01 01:17:25,NODE-2074,NODE-2422,RF,187,1150,SUCCESS
2025-01-01 01:17:27,NODE-9649,NODE-3428,RF,1868,5212,FAIL
2025-01-01 01:17:29,NODE-1353,NODE-8978,FIBER,163,1186,SUCCESS
2025-01-01 01:17:32,NODE-9810,NODE-3451,FIBER,83,1121,SUCCESS
2025-01-01 01:17:34,NODE-7994,NODE-4344,FIBER,190,1437,SUCCESS
2025-01-01 01:17:37,NODE-8439,NODE-8211,FIBER,152,1471,SUCCESS
2025-01-01 01:17:41,NODE-3707,NODE-3008,FIBER,154,543,SUCCESS
2025-01-01 01:17:44,NODE-2084,NODE-5829,RF,58,393,SUCCESS
2025-01-01 01:17:45,NODE-5821,NODE-1461,SATCOM,925,656,DELAY
2025-01-01 01:17:47,NODE-5465,NODE-5633,FIBER,105,1334,SUCCESS
2025-01-01 01:17:50,NODE-8199,NODE-2827,RF,200,1064,SUCCESS
2025-01-01 01:17:52,NODE-9746,NODE-1123,RF,92,948,SUCCESS
2025-01-01 01:17:54,NODE-5735,NODE-8921,SATCOM,57,859,SUCCESS
2025-01-01 01:17:57,NODE-1490,NODE-6367,FIBER,176,630,SUCCESS
2025-01-01 01:18:00,NODE-9718,NODE-4534,SATCOM,126,1268,SUCCESS
2025-01-01 01:18:01,NODE-6249,NODE-2413,RF,3081,6916,FAIL
2025-01-01 01:18:02,NODE-4089,NODE-3305,FIBER,230,1067,SUCCESS
2025-01-01 01:18:04,NODE-2546,NODE-6167,SATCOM,72,395,SUCCESS
2025-01-01 01:18:07,NODE-9284,NODE-4779,FIBER,1588,597,DELAY
2025-01-01 01:18:09,NODE-2773,NODE-5597,SATCOM,235,1439,SUCCESS
2025-01-01 01:18:12,NODE-8342,NODE-7219,SATCOM,248,740,SUCCESS
2025-01-01 01:18:13,NODE-2275,NODE-1109,FIBER,197,1066,SUCCESS
2025-01-01 01:18:16,NODE-2065,NODE-3075,FIBER,80,234,SUCCESS
2025-01-01 01:18:19,NODE-4940,NODE-3530,SATCOM,224,337,SUCCESS
2025-01-01 01:18:20,NODE-5066,NODE-9202,SATCOM,42,467,SUCCESS
2025-01-01 01:18:22,NODE-8313,NODE-8945,SATCOM,45,338,SUCCESS
2025-01-01 01:18:23,NODE-6306,NODE-5410,RF,81,908,SUCCESS
2025-01-01 01:18:25,NODE-2147,NODE-3438,RF,70,1485,SUCCESS
2025-01-01 01:18:26,NODE-7829,NODE-8885,RF,233,1322,SUCCESS
2025-01-01 01:18:30,NODE-8741,NODE-8155,RF,55,1315,SUCCESS
2025-01-01 01:18:32,NODE-2323,NODE-1880,SATCOM,164,668,SUCCESS
2025-01-01 01:18:33,NODE-6614,NODE-4039,RF,246,645,SUCCESS
2025-01-01 01:18:35,NODE-7411,NODE-1898,SATCOM,205,668,SUCCESS
2025-01-01 01:18:37,NODE-2222,NODE-4175,SATCOM,201,1492,SUCCESS
2025-01-01 01:18:40,NODE-7633,NODE-8806,RF,164,223,SUCCESS
2025-01-01 01:18:43,NODE-4250,NODE-5473,SATCOM,106,669,SUCCESS
2025-01-01 01:18:45,NODE-8380,NODE-5594,FIBER,62,794,SUCCESS
2025-01-01 01:18:48,NODE-2060,NODE-3115,RF,1371,1233,DELAY
2025-01-01 01:18:51,NODE-6031,NODE-3101,FIBER,189,1048,SUCCESS
2025-01-01 01:18:52,NODE-2567,NODE-5660,FIBER,124,352,SUCCESS
2025-01-01 01:18:53,NODE-2584,NODE-6701,RF,242,1055,SUCCESS
2025-01-01 01:18:57,NODE-5267,NODE-6565,RF,225,1124,SUCCESS
2025-01-01 01:19:00,NODE-4083,NODE-8061,SATCOM,2452,6068,FAIL
2025-01-01 01:19:04,NODE-3470,NODE-8843,FIBER,93,919,SUCCESS
2025-01-01 01:19:06,NODE-8785,NODE-8748,RF,201,325,SUCCESS
2025-01-01 01:19:07,NODE-4700,NODE-8380,SATCOM,247,1499,SUCCESS
2025-01-01 01:19:11,NODE-2720,NODE-6982,SATCOM,160,423,SUCCESS
2025-01-01 01:19:14,NODE-9539,NODE-4512,FIBER,232,1375,SUCCESS
2025-01-01 01:19:17,NODE-9810,NODE-3014,RF,1011,637,DELAY
2025-01-01 01:19:18,NODE-9847,NODE-6241,FIBER,197,556,SUCCESS
2025-01-01 01:19:22,NODE-9737,NODE-9689,RF,160,451,SUCCESS
2025-01-01 01:19:26,NODE-2364,NODE-9299,SATCOM,2389,5499,FAIL
2025-01-01 01:19:27,NODE-8774,NODE-4659,RF,240,632,SUCCESS
2025-01-01 01:19:31,NODE-8807,NODE-6714,SATCOM,231,643,SUCCESS
2025-01-01 01:19:35,NODE-6830,NODE-4814,RF,204,666,SUCCESS
2025-01-01 01:19:36,NODE-5809,NODE-2754,RF,174,1466,SUCCESS
2025-01-01 01:19:39,NODE-9457,NODE-6866,RF,71,1092,SUCCESS
2025-01-01 01:19:40,NODE-1346,NODE-5635,RF,201,635,SUCCESS
2025-01-01 01:19:42,NODE-1933,NODE-5427,FIBER,95,1139,SUCCESS
2025-01-01 01:19:46,NODE-5903,NODE-1769,RF,150,456,SUCCESS
2025-01-01 01:19:50,NODE-8285,NODE-9376,RF,158,1381,SUCCESS
2025-01-01 01:19:54,NODE-1025,NODE-6136,SATCOM,83,228,SUCCESS
2025-01-01 01:19:55,NODE-9877,NODE-6739,FIBER,162,651,SUCCESS
2025-01-01 01:19:56,NODE-4616,NODE-2541,FIBER,242,821,SUCCESS
2025-01-01 01:19:57,NODE-5735,NODE-4415,RF,51,827,SUCCESS
2025-01-01 01:20:00,NODE-3930,NODE-1480,RF,93,378,SUCCESS
2025-01-01 01:20:04,NODE-9716,NODE-8435,FIBER,216,395,SUCCESS
2025-01-01 01:20:08,NODE-2094,NODE-4468,SATCOM,92,1078,SUCCESS
2025-01-01 01:20:12,NODE-8886,NODE-7860,FIBER,201,640,SUCCESS
2025-01-01 01:20:15,NODE-6082,NODE-4924,FIBER,1454,622,DELAY
2025-01-01 01:20:16,NODE-8153,NODE-2125,RF,144,923,SUCCESS
2025-01-01 01:20:20,NODE-9936,NODE-1719,RF,889,1410,DELAY
2025-01-01 01:20:23,NODE-6244,NODE-6513,FIBER,242,229,SUCCESS
2025-01-01 01:20:25,NODE-9796,NODE-2275,FIBER,191,825,SUCCESS
2025-01-01 01:20:29,NODE-1419,NODE-8378,SATCOM,206,531,SUCCESS
2025-01-01 01:20:32,NODE-8984,NODE-5792,SATCOM,208,1273,SUCCESS
2025-01-01 01:20:36,NODE-1641,NODE-8573,SATCOM,151,327,SUCCESS
2025-01-01 01:20:37,NODE-4591,NODE-6372,SATCOM,208,676,SUCCESS
2025-01-01 01:20:39,NODE-9951,NODE-3149,SATCOM,102,1055,SUCCESS
2025-01-01 01:20:40,NODE-2273,NODE-5783,FIBER,126,466,SUCCESS
2025-01-01 01:20:44,NODE-1704,NODE-7564,RF,138,1471,SUCCESS
2025-01-01 01:20:47,NODE-3109,NODE-3651,RF,60,660,SUCCESS
2025-01-01 01:20:51,NODE-2713,NODE-9682,RF,203,1337,SUCCESS
2025-01-01 01:20:53,NODE-9724,NODE-7439,RF,238,395,SUCCESS
2025-01-01 01:20:54,NODE-3061,NODE-9616,RF,195,782,SUCCESS
2025-01-01 01:20:57,NODE-2145,NODE-5339,RF,110,1352,SUCCESS
2025-01-01 01:21:00,NODE-6203,NODE-7854,FIBER,109,1372,SUCCESS
2025-01-01 01:21:03,NODE-8136,NODE-3584,RF,1457,481,DELAY
2025-01-01 01:21:06,NODE-2877,NODE-1119,SATCOM,144,980,SUCCESS
2025-01-01 01:21:08,NODE-5425,NODE-3730,SATCOM,83,1206,SUCCESS
2025-01-01 01:21:11,NODE-7605,NODE-2538,RF,127,1177,SUCCESS
2025-01-01 01:21:15,NODE-7927,NODE-3612,SATCOM,1417,957,DELAY
2025-01-01 01:21:18,NODE-6200,NODE-8581,FIBER,244,350,SUCCESS
2025-01-01 01:21:20,NODE-5865,NODE-6264,FIBER,1266,600,DELAY
2025-01-01 01:21:22,NODE-3760,NODE-7418,FIBER,241,579,SUCCESS
2025-01-01 01:21:23,NODE-2933,NODE-3709,SATCOM,203,556,SUCCESS
2025-01-01 01:21:24,NODE-9546,NODE-9647,SATCOM,1536,1224,DELAY
2025-01-01 01:21:26,NODE-9244,NODE-1001,SATCOM,204,788,SUCCESS
2025-01-01 01:21:27,NODE-8352,NODE-1899,SATCOM,1465,1283,DELAY
2025-01-01 01:21:28,NODE-1495,NODE-1117,FIBER,238,230,SUCCESS
2025-01-01 01:21:31,NODE-5956,NODE-4561,FIBER,90,611,SUCCESS
2025-01-01 01:21:35,NODE-8439,NODE-3541,SATCOM,249,701,SUCCESS
2025-01-01 01:21:38,NODE-4471,NODE-3343,FIBER,129,322,SUCCESS
2025-01-01 01:21:42,NODE-2106,NODE-4597,SATCOM,249,1052,SUCCESS
2025-01-01 01:21:45,NODE-5861,NODE-9410,FIBER,2292,5980,FAIL
2025-01-01 01:21:47,NODE-7871,NODE-2571,SATCOM,231,1297,SUCCESS
2025-01-01 01:21:48,NODE-5920,NODE-4132,RF,212,375,SUCCESS
2025-01-01 01:21:50,NODE-4887,NODE-1556,FIBER,199,765,SUCCESS
2025-01-01 01:21:54,NODE-4072,NODE-3117,SATCOM,117,402,SUCCESS
2025-01-01 01:21:58,NODE-5782,NODE-5768,RF,828,223,DELAY
2025-01-01 01:22:02,NODE-9470,NODE-3526,RF,221,611,SUCCESS
2025-01-01 01:22:04,NODE-1036,NODE-2303,SATCOM,125,1019,SUCCESS
2025-01-01 01:22:05,NODE-9956,NODE-6003,FIBER,905,346,DELAY
2025-01-01 01:22:08,NODE-3820,NODE-4690,FIBER,149,1287,SUCCESS
2025-01-01 01:22:12,NODE-3227,NODE-1775,FIBER,195,642,SUCCESS
2025-01-01 01:22:14,NODE-6829,NODE-4806,SATCOM,179,1288,SUCCESS
2025-01-01 01:22:17,NODE-4279,NODE-8972,SATCOM,63,1319,SUCCESS
2025-01-01 01:22:20,NODE-2318,NODE-8065,FIBER,99,364,SUCCESS
2025-01-01 01:22:22,NODE-7889,NODE-5350,FIBER,56,483,SUCCESS
2025-01-01 01:22:26,NODE-4726,NODE-8752,FIBER,177,1161,SUCCESS
2025-01-01 01:22:30,NODE-8588,NODE-9843,SATCOM,232,1080,SUCCESS
2025-01-01 01:22:33,NODE-6266,NODE-6135,FIBER,237,826,SUCCESS
2025-01-01 01:22:37,NODE-5284,NODE-3704,RF,108,1221,SUCCESS
2025-01-01 01:22:41,NODE-4557,NODE-9037,SATCOM,127,872,SUCCESS
2025-01-01 01:22:44,NODE-5477,NODE-5954,RF,248,1074,SUCCESS
2025-01-01 01:22:45,NODE-4070,NODE-4446,SATCOM,99,1199,SUCCESS
2025-01-01 01:22:46,NODE-4383,NODE-4779,SATCOM,133,1186,SUCCESS
2025-01-01 01:22:47,NODE-5929,NODE-3487,SATCOM,224,584,SUCCESS
2025-01-01 01:22:50,NODE-4825,NODE-6136,FIBER,114,1281,SUCCESS
2025-01-01 01:22:53,NODE-6447,NODE-6983,SATCOM,1907,5982,FAIL
2025-01-01 01:22:57,NODE-4405,NODE-5013,RF,200,444,SUCCESS
2025-01-01 01:23:00,NODE-5568,NODE-9285,SATCOM,111,647,SUCCESS
2025-01-01 01:23:01,NODE-7360,NODE-8670,FIBER,202,287,SUCCESS
2025-01-01 01:23:03,NODE-5671,NODE-9085,RF,116,215,SUCCESS
2025-01-01 01:23:05,NODE-1511,NODE-2528,RF,197,1029,SUCCESS
2025-01-01 01:23:08,NODE-6862,NODE-1152,RF,183,1171,SUCCESS
2025-01-01 01:23:11,NODE-5433,NODE-4913,FIBER,222,931,SUCCESS
2025-01-01 01:23:15,NODE-4658,NODE-3752,SATCOM,76,347,SUCCESS
2025-01-01 01:23:17,NODE-9422,NODE-8009,SATCOM,1528,1014,DELAY
2025-01-01 01:23:19,NODE-5405,NODE-5717,SATCOM,198,1095,SUCCESS
2025-01-01 01:23:20,NODE-9467,NODE-9690,FIBER,96,489,SUCCESS
2025-01-01 01:23:21,NODE-8962,NODE-9587,FIBER,51,1018,SUCCESS
2025-01-01 01:23:22,NODE-8585,NODE-2823,FIBER,91,689,SUCCESS
2025-01-01 01:23:24,NODE-6532,NODE-2139,FIBER,209,1151,SUCCESS
2025-01-01 01:23:28,NODE-4008,NODE-6244,FIBER,93,346,SUCCESS
2025-01-01 01:23:30,NODE-8199,NODE-9355,SATCOM,79,236,SUCCESS
2025-01-01 01:23:31,NODE-4291,NODE-7719,SATCOM,66,421,SUCCESS
2025-01-01 01:23:32,NODE-5039,NODE-8730,FIBER,223,1335,SUCCESS
2025-01-01 01:23:36,NODE-5785,NODE-2213,RF,112,547,SUCCESS
2025-01-01 01:23:40,NODE-7093,NODE-4388,RF,166,1293,SUCCESS
2025-01-01 01:23:43,NODE-2081,NODE-1606,SATCOM,203,668,SUCCESS
2025-01-01 01:23:47,NODE-2916,NODE-8213,FIBER,244,796,SUCCESS
2025-01-01 01:23:50,NODE-5483,NODE-9146,FIBER,2594,4374,FAIL
2025-01-01 01:23:53,NODE-6692,NODE-1941,RF,177,1424,SUCCESS
2025-01-01 01:23:55,NODE-9354,NODE-2537,FIBER,54,861,SUCCESS
2025-01-01 01:23:58,NODE-8963,NODE-2242,SATCOM,247,1338,SUCCESS
2025-01-01 01:24:01,NODE-8595,NODE-8169,FIBER,54,330,SUCCESS
2025-01-01 01:24:05,NODE-9915,NODE-5612,RF,84,524,SUCCESS
2025-01-01 01:24:08,NODE-3647,NODE-4801,SATCOM,56,719,SUCCESS
2025-01-01 01:24:10,NODE-3103,NODE-6717,RF,182,1467,SUCCESS
2025-01-01 01:24:12,NODE-7094,NODE-7331,SATCOM,101,387,SUCCESS
2025-01-01 01:24:16,NODE-9262,NODE-6362,FIBER,104,556,SUCCESS
2025-01-01 01:24:18,NODE-3585,NODE-9758,RF,161,457,SUCCESS
2025-01-01 01:24:20,NODE-5505,NODE-4454,FIBER,199,592,SUCCESS
2025-01-01 01:24:22,NODE-6708,NODE-6336,FIBER,1534,309,DELAY
2025-01-01 01:24:26,NODE-6491,NODE-9216,RF,1405,844,DELAY
2025-01-01 01:24:29,NODE-8837,NODE-5557,FIBER,59,218,SUCCESS
2025-01-01 01:24:30,NODE-7288,NODE-1854,SATCOM,47,1223,SUCCESS
2025-01-01 01:24:33,NODE-3408,NODE-9305,SATCOM,219,1232,SUCCESS
2025-01-01 01:24:37,NODE-5187,NODE-2501,SATCOM,175,697,SUCCESS
2025-01-01 01:24:41,NODE-3868,NODE-3232,RF,230,1116,SUCCESS
2025-01-01 01:24:42,NODE-7126,NODE-9577,FIBER,149,1024,SUCCESS
2025-01-01 01:24:46,NODE-3904,NODE-1891,SATCOM,206,528,SUCCESS
2025-01-01 01:24:47,NODE-9422,NODE-8860,FIBER,244,942,SUCCESS
2025-01-01 01:24:50,NODE-6164,NODE-8634,SATCOM,56,1045,SUCCESS
2025-01-01 01:24:52,NODE-1090,NODE-7784,RF,243,240,SUCCESS
2025-01-01 01:24:54,NODE-7396,NODE-1409,FIBER,2757,6805,FAIL
2025-01-01 01:24:58,NODE-6943,NODE-9458,RF,88,1363,SUCCESS
2025-01-01 01:25:01,NODE-6439,NODE-5574,SATCOM,55,326,SUCCESS
2025-01-01 01:25:02,NODE-9811,NODE-7996,SATCOM,47,1073,SUCCESS
2025-01-01 01:25:04,NODE-8058,NODE-9819,FIBER,200,334,SUCCESS
2025-01-01 01:25:06,NODE-4860,NODE-5444,RF,94,1459,SUCCESS
2025-01-01 01:25:09,NODE-3584,NODE-3678,RF,196,1284,SUCCESS
2025-01-01 01:25:13,NODE-7598,NODE-8363,SATCOM,1109,619,DELAY
2025-01-01 01:25:16,NODE-1753,NODE-8772,SATCOM,1396,1037,DELAY
2025-01-01 01:25:20,NODE-1528,NODE-1228,SATCOM,159,950,SUCCESS
2025-01-01 01:25:21,NODE-9638,NODE-2491,FIBER,248,1225,SUCCESS
2025-01-01 01:25:22,NODE-5938,NODE-5948,FIBER,133,373,SUCCESS
2025-01-01 01:25:23,NODE-8458,NODE-2590,SATCOM,101,720,SUCCESS
2025-01-01 01:25:27,NODE-9987,NODE-9626,RF,153,771,SUCCESS
2025-01-01 01:25:30,NODE-4390,NODE-3016,SATCOM,126,689,SUCCESS
2025-01-01 01:25:31,NODE-7871,NODE-1127,FIBER,1479,1263,DELAY
2025-01-01 01:25:32,NODE-8171,NODE-7417,RF,156,1451,SUCCESS
2025-01-01 01:25:34,NODE-3729,NODE-1345,FIBER,141,404,SUCCESS
2025-01-01 01:25:36,NODE-2402,NODE-1519,SATCOM,133,1160,SUCCESS
2025-01-01 01:25:37,NODE-3034,NODE-1831,SATCOM,183,324,SUCCESS
2025-01-01 01:25:39,NODE-8429,NODE-4736,SATCOM,134,342,SUCCESS
2025-01-01 01:25:42,NODE-5560,NODE-7969,SATCOM,140,855,SUCCESS
2025-01-01 01:25:46,NODE-9551,NODE-6441,RF,87,205,SUCCESS
2025-01-01 01:25:48,NODE-5105,NODE-1883,RF,43,1012,SUCCESS
2025-01-01 01:25:49,NODE-2887,NODE-5429,FIBER,183,1044,SUCCESS
2025-01-01 01:25:52,NODE-3144,NODE-5590,FIBER,1100,1166,DELAY
2025-01-01 01:25:54,NODE-1317,NODE-8373,RF,105,231,SUCCESS
2025-01-01 01:25:58,NODE-3696,NODE-1016,FIBER,2972,4148,FAIL
2025-01-01 01:26:01,NODE-7148,NODE-3750,RF,56,1312,SUCCESS
2025-01-01 01:26:03,NODE-1408,NODE-2000,SATCOM,211,1395,SUCCESS
2025-01-01 01:26:05,NODE-1393,NODE-6953,SATCOM,89,381,SUCCESS
2025-01-01 01:26:08,NODE-8386,NODE-7896,SATCOM,207,1419,SUCCESS
2025-01-01 01:26:12,NODE-8739,NODE-9716,RF,3126,4685,FAIL
2025-01-01 01:26:16,NODE-3908,NODE-6738,SATCOM,64,903,SUCCESS
2025-01-01 01:26:20,NODE-6910,NODE-9915,RF,246,496,SUCCESS
2025-01-01 01:26:21,NODE-9817,NODE-3101,FIBER,198,595,SUCCESS
2025-01-01 01:26:22,NODE-2548,NODE-5589,SATCOM,163,1199,SUCCESS
2025-01-01 01:26:25,NODE-5983,NODE-5011,FIBER,66,604,SUCCESS
2025-01-01 01:26:26,NODE-5945,NODE-5299,RF,228,1151,SUCCESS
2025-01-01 01:26:30,NODE-8182,NODE-4389,FIBER,156,1278,SUCCESS
2025-01-01 01:26:32,NODE-5364,NODE-9161,RF,185,746,SUCCESS
2025-01-01 01:26:33,NODE-9349,NODE-5198,FIBER,77,670,SUCCESS
2025-01-01 01:26:36,NODE-2053,NODE-5041,SATCOM,1456,950,DELAY
2025-01-01 01:26:38,NODE-2226,NODE-3282,FIBER,1385,325,DELAY
2025-01-01 01:26:39,NODE-6749,NODE-3256,SATCOM,162,1466,SUCCESS
2025-01-01 01:26:42,NODE-9068,NODE-8744,FIBER,1428,1306,DELAY
2025-01-01 01:26:45,NODE-7355,NODE-2252,FIBER,178,1249,SUCCESS
2025-01-01 01:26:48,NODE-2497,NODE-1425,FIBER,40,436,SUCCESS
2025-01-01 01:26:50,NODE-6629,NODE-6726,FIBER,98,594,SUCCESS
2025-01-01 01:26:51,NODE-4865,NODE-8730,SATCOM,156,491,SUCCESS
2025-01-01 01:26:54,NODE-6972,NODE-3884,SATCOM,88,1230,SUCCESS
2025-01-01 01:26:55,NODE-2000,NODE-9092,SATCOM,83,1216,SUCCESS
2025-01-01 01:26:58,NODE-8270,NODE-5869,RF,83,1488,SUCCESS
2025-01-01 01:27:02,NODE-9555,NODE-8995,SATCOM,1091,874,DELAY
2025-01-01 01:27:04,NODE-5505,NODE-1563,RF,67,854,SUCCESS
2025-01-01 01:27:08,NODE-7586,NODE-2167,FIBER,241,947,SUCCESS
2025-01-01 01:27:10,NODE-9444,NODE-3207,FIBER,160,1015,SUCCESS
2025-01-01 01:27:14,NODE-9725,NODE-2872,FIBER,75,668,SUCCESS
2025-01-01 01:27:17,NODE-7177,NODE-6056,SATCOM,1146,391,DELAY
2025-01-01 01:27:20,NODE-7017,NODE-7962,SATCOM,106,513,SUCCESS
2025-01-01 01:27:22,NODE-4873,NODE-3216,SATCOM,1025,1223,DELAY
2025-01-01 01:27:23,NODE-6805,NODE-4400,SATCOM,238,1081,SUCCESS
2025-01-01 01:27:27,NODE-2505,NODE-8638,FIBER,156,746,SUCCESS
2025-01-01 01:27:30,NODE-8789,NODE-9624,FIBER,1084,955,DELAY
2025-01-01 01:27:32,NODE-8803,NODE-5521,FIBER,143,830,SUCCESS
2025-01-01 01:27:35,NODE-2718,NODE-5546,SATCOM,1535,349,DELAY
2025-01-01 01:27:38,NODE-3792,NODE-8108,RF,221,232,SUCCESS
2025-01-01 01:27:42,NODE-8786,NODE-7622,SATCOM,2178,4950,FAIL
2025-01-01 01:27:46,NODE-2179,NODE-8341,RF,108,1430,SUCCESS
2025-01-01 01:27:47,NODE-3438,NODE-6094,FIBER,231,336,SUCCESS
2025-01-01 01:27:48,NODE-9928,NODE-5313,SATCOM,61,517,SUCCESS
2025-01-01 01:27:51,NODE-2061,NODE-5353,SATCOM,179,563,SUCCESS
2025-01-01 01:27:53,NODE-9363,NODE-9344,RF,184,933,SUCCESS
2025-01-01 01:27:56,NODE-1479,NODE-2029,SATCOM,179,1494,SUCCESS
2025-01-01 01:27:59,NODE-2000,NODE-7888,FIBER,150,867,SUCCESS
2025-01-01 01:28:02,NODE-8235,NODE-6738,RF,166,1423,SUCCESS
2025-01-01 01:28:06,NODE-4413,NODE-7714,FIBER,43,963,SUCCESS
2025-01-01 01:28:07,NODE-4526,NODE-1652,RF,41,773,SUCCESS
2025-01-01 01:28:10,NODE-9797,NODE-8746,FIBER,149,774,SUCCESS
2025-01-01 01:28:12,NODE-5766,NODE-4854,RF,250,972,SUCCESS
2025-01-01 01:28:16,NODE-2257,NODE-8316,RF,163,1372,SUCCESS
2025-01-01 01:28:20,NODE-5776,NODE-5551,SATCOM,53,790,SUCCESS
2025-01-01 01:28:21,NODE-6298,NODE-2214,FIBER,62,1152,SUCCESS
2025-01-01 01:28:24,NODE-9790,NODE-2215,RF,176,703,SUCCESS
2025-01-01 01:28:25,NODE-9511,NODE-7151,SATCOM,71,477,SUCCESS
2025-01-01 01:28:27,NODE-1848,NODE-9186,SATCOM,99,1331,SUCCESS
2025-01-01 01:28:29,NODE-1619,NODE-5553,RF,88,1091,SUCCESS
2025-01-01 01:28:33,NODE-2628,NODE-6468,FIBER,2720,6426,FAIL
2025-01-01 01:28:37,NODE-5784,NODE-1799,FIBER,181,1185,SUCCESS
2025-01-01 01:28:39,NODE-2766,NODE-5923,RF,199,1456,SUCCESS
2025-01-01 01:28:42,NODE-3531,NODE-6627,FIBER,171,1204,SUCCESS
2025-01-01 01:28:45,NODE-6089,NODE-9330,SATCOM,232,739,SUCCESS
2025-01-01 01:28:48,NODE-1785,NODE-2777,FIBER,97,618,SUCCESS
2025-01-01 01:28:50,NODE-4911,NODE-6152,RF,100,742,SUCCESS
2025-01-01 01:28:54,NODE-9942,NODE-6943,FIBER,109,814,SUCCESS
2025-01-01 01:28:58,NODE-9245,NODE-2072,SATCOM,198,1298,SUCCESS
2025-01-01 01:29:01,NODE-3791,NODE-8195,RF,209,615,SUCCESS
2025-01-01 01:29:05,NODE-2997,NODE-9509,RF,180,661,SUCCESS
2025-01-01 01:29:08,NODE-9459,NODE-4233,RF,1039,735,DELAY
2025-01-01 01:29:11,NODE-3932,NODE-4252,RF,51,976,SUCCESS
2025-01-01 01:29:13,NODE-7526,NODE-9850,SATCOM,120,1103,SUCCESS
2025-01-01 01:29:17,NODE-5887,NODE-4243,RF,206,883,SUCCESS
2025-01-01 01:29:20,NODE-9988,NODE-4537,SATCOM,187,990,SUCCESS
2025-01-01 01:29:21,NODE-6319,NODE-3245,FIBER,96,470,SUCCESS
2025-01-01 01:29:25,NODE-7195,NODE-9466,FIBER,141,290,SUCCESS
2025-01-01 01:29:29,NODE-2702,NODE-2255,SATCOM,123,897,SUCCESS
2025-01-01 01:29:31,NODE-7864,NODE-6018,FIBER,1093,1268,DELAY
2025-01-01 01:29:33,NODE-3967,NODE-2326,SATCOM,134,337,SUCCESS
2025-01-01 01:29:37,NODE-2257,NODE-8377,SATCOM,1583,581,DELAY
2025-01-01 01:29:39,NODE-2142,NODE-6412,SATCOM,236,584,SUCCESS
2025-01-01 01:29:42,NODE-2485,NODE-2218,RF,105,893,SUCCESS
2025-01-01 01:29:45,NODE-8481,NODE-1611,SATCOM,81,602,SUCCESS
2025-01-01 01:29:46,NODE-4393,NODE-1592,SATCOM,134,954,SUCCESS
2025-01-01 01:29:50,NODE-2790,NODE-1045,SATCOM,89,265,SUCCESS
2025-01-01 01:29:51,NODE-2823,NODE-9826,SATCOM,78,638,SUCCESS
2025-01-01 01:29:52,NODE-4361,NODE-4260,RF,214,1491,SUCCESS
2025-01-01 01:29:54,NODE-2260,NODE-3198,FIBER,121,900,SUCCESS
2025-01-01 01:29:58,NODE-3644,NODE-3159,RF,93,1394,SUCCESS
2025-01-01 01:30:01,NODE-5868,NODE-3371,SATCOM,167,1096,SUCCESS
2025-01-01 01:30:02,NODE-8022,NODE-1491,FIBER,173,380,SUCCESS
2025-01-01 01:30:04,NODE-4180,NODE-1003,SATCOM,59,212,SUCCESS
2025-01-01 01:30:06,NODE-6749,NODE-3692,FIBER,169,1202,SUCCESS
2025-01-01 01:30:10,NODE-9456,NODE-5796,RF,118,246,SUCCESS
2025-01-01 01:30:12,NODE-3518,NODE-5933,FIBER,132,1123,SUCCESS
2025-01-01 01:30:13,NODE-7100,NODE-1712,FIBER,231,411,SUCCESS
2025-01-01 01:30:17,NODE-3696,NODE-2140,FIBER,245,329,SUCCESS
2025-01-01 01:30:19,NODE-6893,NODE-5246,FIBER,217,1317,SUCCESS
2025-01-01 01:30:20,NODE-3238,NODE-8885,RF,45,939,SUCCESS
2025-01-01 01:30:24,NODE-1917,NODE-4922,FIBER,43,1031,SUCCESS
2025-01-01 01:30:25,NODE-9570,NODE-8063,FIBER,78,237,SUCCESS
2025-01-01 01:30:29,NODE-8008,NODE-8227,RF,1590,526,DELAY
2025-01-01 01:30:32,NODE-4617,NODE-1546,RF,133,325,SUCCESS
2025-01-01 01:30:33,NODE-3139,NODE-8320,SATCOM,173,611,SUCCESS
2025-01-01 01:30:35,NODE-3500,NODE-8414,RF,189,1039,SUCCESS
2025-01-01 01:30:36,NODE-1202,NODE-5866,RF,2555,4812,FAIL
2025-01-01 01:30:40,NODE-5058,NODE-9544,RF,116,283,SUCCESS
2025-01-01 01:30:43,NODE-3940,NODE-8308,FIBER,157,1326,SUCCESS
2025-01-01 01:30:46,NODE-2460,NODE-3766,RF,103,431,SUCCESS
2025-01-01 01:30:50,NODE-8575,NODE-7373,SATCOM,129,233,SUCCESS
2025-01-01 01:30:52,NODE-9556,NODE-9156,SATCOM,147,459,SUCCESS
2025-01-01 01:30:53,NODE-3395,NODE-8073,FIBER,110,473,SUCCESS
2025-01-01 01:30:54,NODE-2049,NODE-7951,FIBER,218,825,SUCCESS
2025-01-01 01:30:58,NODE-2305,NODE-6627,FIBER,2323,5714,FAIL
2025-01-01 01:30:59,NODE-3756,NODE-4603,SATCOM,187,821,SUCCESS
2025-01-01 01:31:03,NODE-2265,NODE-6696,SATCOM,162,802,SUCCESS
2025-01-01 01:31:06,NODE-7500,NODE-9963,RF,91,1168,SUCCESS
2025-01-01 01:31:10,NODE-4744,NODE-4969,RF,212,549,SUCCESS
2025-01-01 01:31:14,NODE-4624,NODE-3465,SATCOM,122,1443,SUCCESS
2025-01-01 01:31:18,NODE-2122,NODE-9092,RF,228,959,SUCCESS
2025-01-01 01:31:21,NODE-1001,NODE-5321,RF,54,1446,SUCCESS
2025-01-01 01:31:22,NODE-3162,NODE-4013,FIBER,1506,745,DELAY
2025-01-01 01:31:26,NODE-3011,NODE-7308,SATCOM,159,1026,SUCCESS
2025-01-01 01:31:29,NODE-4767,NODE-7969,RF,136,548,SUCCESS
2025-01-01 01:31:30,NODE-5513,NODE-2517,SATCOM,2320,3764,FAIL
2025-01-01 01:31:31,NODE-7270,NODE-8208,SATCOM,72,457,SUCCESS
2025-01-01 01:31:35,NODE-7448,NODE-3944,FIBER,171,1011,SUCCESS
2025-01-01 01:31:36,NODE-5658,NODE-7274,FIBER,68,1358,SUCCESS
2025-01-01 01:31:37,NODE-9167,NODE-1835,SATCOM,189,822,SUCCESS
2025-01-01 01:31:40,NODE-9607,NODE-5167,FIBER,941,1489,DELAY
2025-01-01 01:31:43,NODE-1414,NODE-1459,RF,1353,387,DELAY
2025-01-01 01:31:46,NODE-2574,NODE-4417,SATCOM,203,618,SUCCESS
2025-01-01 01:31:49,NODE-9122,NODE-8892,SATCOM,47,1410,SUCCESS
2025-01-01 01:31:51,NODE-5838,NODE-9063,FIBER,181,1125,SUCCESS
2025-01-01 01:31:53,NODE-1320,NODE-1421,SATCOM,192,962,SUCCESS
2025-01-01 01:31:55,NODE-3787,NODE-5850,SATCOM,176,256,SUCCESS
2025-01-01 01:31:57,NODE-3244,NODE-1877,FIBER,206,263,SUCCESS
2025-01-01 01:32:01,NODE-6907,NODE-4647,FIBER,169,436,SUCCESS
2025-01-01 01:32:05,NODE-7979,NODE-4309,SATCOM,197,747,SUCCESS
2025-01-01 01:32:09,NODE-7277,NODE-6250,RF,63,838,SUCCESS
2025-01-01 01:32:12,NODE-9880,NODE-4240,SATCOM,3080,5285,FAIL
2025-01-01 01:32:15,NODE-1126,NODE-5081,RF,151,1143,SUCCESS
2025-01-01 01:32:17,NODE-7784,NODE-9069,SATCOM,114,447,SUCCESS
2025-01-01 01:32:19,NODE-3128,NODE-6848,SATCOM,41,998,SUCCESS
2025-01-01 01:32:20,NODE-6816,NODE-3565,SATCOM,194,758,SUCCESS
2025-01-01 01:32:23,NODE-1078,NODE-9955,RF,92,258,SUCCESS
2025-01-01 01:32:27,NODE-6030,NODE-4743,SATCOM,48,1492,SUCCESS
2025-01-01 01:32:28,NODE-3128,NODE-6786,SATCOM,140,1490,SUCCESS
2025-01-01 01:32:29,NODE-9270,NODE-4782,SATCOM,2465,6426,FAIL
2025-01-01 01:32:32,NODE-6371,NODE-6231,FIBER,247,341,SUCCESS
2025-01-01 01:32:35,NODE-3352,NODE-7243,FIBER,148,1489,SUCCESS
2025-01-01 01:32:36,NODE-3378,NODE-7631,FIBER,76,631,SUCCESS
2025-01-01 01:32:39,NODE-3879,NODE-7996,FIBER,213,687,SUCCESS
2025-01-01 01:32:41,NODE-7019,NODE-7804,FIBER,168,259,SUCCESS
2025-01-01 01:32:44,NODE-9165,NODE-6357,FIBER,76,539,SUCCESS
2025-01-01 01:32:47,NODE-8156,NODE-4007,SATCOM,175,758,SUCCESS
2025-01-01 01:32:49,NODE-8874,NODE-7134,SATCOM,85,1134,SUCCESS
2025-01-01 01:32:50,NODE-9883,NODE-7890,RF,59,1047,SUCCESS
2025-01-01 01:32:53,NODE-8829,NODE-2229,FIBER,59,679,SUCCESS
2025-01-01 01:32:56,NODE-2570,NODE-9735,SATCOM,190,1415,SUCCESS
2025-01-01 01:32:59,NODE-1705,NODE-6031,FIBER,44,1239,SUCCESS
2025-01-01 01:33:01,NODE-2675,NODE-7253,SATCOM,1499,549,DELAY
2025-01-01 01:33:03,NODE-2954,NODE-5830,RF,205,846,SUCCESS
2025-01-01 01:33:06,NODE-7391,NODE-6993,SATCOM,190,1372,SUCCESS
2025-01-01 01:33:09,NODE-9929,NODE-7649,RF,154,1361,SUCCESS
2025-01-01 01:33:12,NODE-4930,NODE-9975,RF,179,637,SUCCESS
2025-01-01 01:33:16,NODE-4250,NODE-8941,FIBER,48,1295,SUCCESS
2025-01-01 01:33:17,NODE-8451,NODE-6851,RF,808,1127,DELAY
2025-01-01 01:33:21,NODE-8388,NODE-8612,FIBER,222,1216,SUCCESS
2025-01-01 01:33:24,NODE-9949,NODE-7701,FIBER,238,253,SUCCESS
2025-01-01 01:33:25,NODE-1436,NODE-3121,SATCOM,108,240,SUCCESS
2025-01-01 01:33:28,NODE-3703,NODE-8136,SATCOM,50,527,SUCCESS
2025-01-01 01:33:32,NODE-6494,NODE-7614,SATCOM,986,1311,DELAY
2025-01-01 01:33:35,NODE-6951,NODE-3889,SATCOM,250,556,SUCCESS
2025-01-01 01:33:36,NODE-5081,NODE-2235,RF,184,1057,SUCCESS
2025-01-01 01:33:40,NODE-1875,NODE-9304,FIBER,78,1100,SUCCESS
2025-01-01 01:33:42,NODE-2420,NODE-1886,RF,153,1178,SUCCESS
2025-01-01 01:33:45,NODE-1943,NODE-7700,FIBER,104,635,SUCCESS
2025-01-01 01:33:47,NODE-3081,NODE-5364,RF,156,453,SUCCESS
2025-01-01 01:33:48,NODE-6757,NODE-8654,SATCOM,151,1009,SUCCESS
2025-01-01 01:33:49,NODE-3670,NODE-8917,RF,45,1116,SUCCESS
2025-01-01 01:33:52,NODE-9743,NODE-4684,SATCOM,1288,1224,DELAY
2025-01-01 01:33:53,NODE-3641,NODE-5223,RF,142,1359,SUCCESS
2025-01-01 01:33:54,NODE-5390,NODE-7332,SATCOM,46,1308,SUCCESS
2025-01-01 01:33:58,NODE-3020,NODE-5812,SATCOM,180,806,SUCCESS
2025-01-01 01:33:59,NODE-8777,NODE-6258,RF,210,1485,SUCCESS
2025-01-01 01:34:03,NODE-6820,NODE-8874,SATCOM,168,918,SUCCESS
2025-01-01 01:34:05,NODE-1331,NODE-5376,RF,192,1305,SUCCESS
2025-01-01 01:34:07,NODE-8930,NODE-7962,SATCOM,66,916,SUCCESS
2025-01-01 01:34:10,NODE-2087,NODE-1571,SATCOM,1025,1319,DELAY
2025-01-01 01:34:14,NODE-9449,NODE-3986,RF,89,763,SUCCESS
2025-01-01 01:34:16,NODE-5128,NODE-6088,SATCOM,63,420,SUCCESS
2025-01-01 01:34:20,NODE-7313,NODE-6671,FIBER,187,986,SUCCESS
2025-01-01 01:34:21,NODE-3989,NODE-7448,SATCOM,214,763,SUCCESS
2025-01-01 01:34:24,NODE-5360,NODE-3131,RF,117,884,SUCCESS
2025-01-01 01:34:25,NODE-9038,NODE-8462,SATCOM,1591,1341,DELAY
2025-01-01 01:34:26,NODE-8657,NODE-7944,FIBER,41,242,SUCCESS
2025-01-01 01:34:27,NODE-5599,NODE-6051,SATCOM,186,289,SUCCESS
2025-01-01 01:34:29,NODE-1518,NODE-1219,RF,52,1370,SUCCESS
2025-01-01 01:34:30,NODE-7909,NODE-7915,FIBER,227,985,SUCCESS
2025-01-01 01:34:31,NODE-6900,NODE-3108,SATCOM,206,377,SUCCESS
2025-01-01 01:34:33,NODE-8380,NODE-7026,RF,233,1250,SUCCESS
2025-01-01 01:34:37,NODE-6951,NODE-8319,SATCOM,100,422,SUCCESS
2025-01-01 01:34:40,NODE-4913,NODE-7862,SATCOM,121,1061,SUCCESS
2025-01-01 01:34:41,NODE-7542,NODE-1603,SATCOM,71,911,SUCCESS
2025-01-01 01:34:43,NODE-8704,NODE-1770,FIBER,1242,978,DELAY
2025-01-01 01:34:44,NODE-5949,NODE-8613,SATCOM,211,1345,SUCCESS
2025-01-01 01:34:46,NODE-8313,NODE-5400,RF,1191,1141,DELAY
2025-01-01 01:34:50,NODE-4611,NODE-7170,RF,229,427,SUCCESS
2025-01-01 01:34:51,NODE-6751,NODE-8338,FIBER,237,1063,SUCCESS
2025-01-01 01:34:54,NODE-3351,NODE-3122,RF,117,1500,SUCCESS
2025-01-01 01:34:56,NODE-7271,NODE-1120,SATCOM,2850,3292,FAIL
2025-01-01 01:34:58,NODE-7857,NODE-5969,SATCOM,47,351,SUCCESS
2025-01-01 01:35:00,NODE-9362,NODE-6360,SATCOM,86,1131,SUCCESS
2025-01-01 01:35:02,NODE-5149,NODE-5875,FIBER,101,1369,SUCCESS
2025-01-01 01:35:06,NODE-8742,NODE-4924,RF,148,1401,SUCCESS
2025-01-01 01:35:08,NODE-3631,NODE-6810,SATCOM,1442,1118,DELAY
2025-01-01 01:35:10,NODE-5919,NODE-6041,SATCOM,138,832,SUCCESS
2025-01-01 01:35:14,NODE-7643,NODE-1235,SATCOM,82,887,SUCCESS
2025-01-01 01:35:18,NODE-1709,NODE-8967,RF,88,1262,SUCCESS
2025-01-01 01:35:20,NODE-4762,NODE-4501,SATCOM,163,344,SUCCESS
2025-01-01 01:35:21,NODE-2199,NODE-4929,FIBER,149,993,SUCCESS
2025-01-01 01:35:24,NODE-5873,NODE-3758,FIBER,129,468,SUCCESS
2025-01-01 01:35:26,NODE-8142,NODE-2921,SATCOM,53,929,SUCCESS
2025-01-01 01:35:28,NODE-7497,NODE-5368,RF,97,1269,SUCCESS
2025-01-01 01:35:31,NODE-4750,NODE-1500,SATCOM,141,658,SUCCESS
2025-01-01 01:35:34,NODE-5448,NODE-4495,FIBER,125,664,SUCCESS
2025-01-01 01:35:35,NODE-7351,NODE-9822,RF,181,1153,SUCCESS
2025-01-01 01:35:38,NODE-9747,NODE-2618,RF,78,242,SUCCESS
2025-01-01 01:35:41,NODE-6103,NODE-1408,FIBER,248,347,SUCCESS
2025-01-01 01:35:42,NODE-5004,NODE-6260,RF,141,591,SUCCESS
2025-01-01 01:35:44,NODE-9151,NODE-2736,FIBER,168,1353,SUCCESS
2025-01-01 01:35:45,NODE-6040,NODE-5067,FIBER,162,953,SUCCESS
2025-01-01 01:35:46,NODE-4980,NODE-4980,FIBER,157,1193,SUCCESS
2025-01-01 01:35:49,NODE-7637,NODE-2729,SATCOM,215,693,SUCCESS
2025-01-01 01:35:52,NODE-8758,NODE-1864,RF,103,896,SUCCESS
2025-01-01 01:35:55,NODE-9741,NODE-9126,SATCOM,176,1296,SUCCESS
2025-01-01 01:35:56,NODE-2975,NODE-8886,RF,2723,6418,FAIL
2025-01-01 01:35:59,NODE-6732,NODE-3284,SATCOM,2495,6904,FAIL
2025-01-01 01:36:00,NODE-6090,NODE-6853,RF,71,825,SUCCESS
2025-01-01 01:36:01,NODE-8038,NODE-5749,RF,81,839,SUCCESS
2025-01-01 01:36:04,NODE-2331,NODE-2576,FIBER,208,1073,SUCCESS
2025-01-01 01:36:08,NODE-9730,NODE-9555,FIBER,149,1204,SUCCESS
2025-01-01 01:36:09,NODE-6496,NODE-2617,FIBER,192,369,SUCCESS
2025-01-01 01:36:12,NODE-7021,NODE-6307,FIBER,143,1277,SUCCESS
2025-01-01 01:36:15,NODE-5118,NODE-2503,SATCOM,166,667,SUCCESS
2025-01-01 01:36:18,NODE-5157,NODE-8013,FIBER,1556,1205,DELAY
2025-01-01 01:36:21,NODE-2077,NODE-4395,FIBER,42,1461,SUCCESS
2025-01-01 01:36:23,NODE-6590,NODE-2213,RF,137,241,SUCCESS
2025-01-01 01:36:27,NODE-8288,NODE-1697,RF,141,1081,SUCCESS
2025-01-01 01:36:31,NODE-5429,NODE-2469,RF,2700,4075,FAIL
2025-01-01 01:36:34,NODE-4480,NODE-2756,FIBER,1586,945,DELAY
2025-01-01 01:36:38,NODE-6088,NODE-8498,RF,41,326,SUCCESS
2025-01-01 01:36:41,NODE-2047,NODE-4838,RF,42,498,SUCCESS
2025-01-01 01:36:45,NODE-9249,NODE-6376,SATCOM,201,493,SUCCESS
2025-01-01 01:36:48,NODE-2846,NODE-7075,FIBER,199,549,SUCCESS
2025-01-01 01:36:51,NODE-2405,NODE-6990,SATCOM,166,1233,SUCCESS
2025-01-01 01:36:53,NODE-6157,NODE-8667,RF,1373,607,DELAY
2025-01-01 01:36:56,NODE-4644,NODE-6113,SATCOM,1824,3397,FAIL
2025-01-01 01:36:57,NODE-9697,NODE-8634,SATCOM,129,944,SUCCESS
2025-01-01 01:37:01,NODE-2294,NODE-1829,SATCOM,44,769,SUCCESS
2025-01-01 01:37:05,NODE-3400,NODE-2109,SATCOM,187,537,SUCCESS
2025-01-01 01:37:09,NODE-2205,NODE-9820,FIBER,101,1072,SUCCESS
2025-01-01 01:37:10,NODE-8028,NODE-9041,SATCOM,89,522,SUCCESS
2025-01-01 01:37:12,NODE-7066,NODE-4894,FIBER,1138,320,DELAY
2025-01-01 01:37:14,NODE-1893,NODE-2479,FIBER,2508,5999,FAIL
2025-01-01 01:37:16,NODE-6047,NODE-3747,FIBER,66,1073,SUCCESS
2025-01-01 01:37:18,NODE-4864,NODE-9933,FIBER,182,1265,SUCCESS
2025-01-01 01:37:19,NODE-1070,NODE-6861,SATCOM,111,965,SUCCESS
2025-01-01 01:37:23,NODE-7321,NODE-4477,FIBER,167,1043,SUCCESS
2025-01-01 01:37:27,NODE-7434,NODE-8428,SATCOM,76,269,SUCCESS
2025-01-01 01:37:31,NODE-6255,NODE-1468,RF,225,1241,SUCCESS
2025-01-01 01:37:32,NODE-2266,NODE-9703,RF,64,958,SUCCESS
2025-01-01 01:37:36,NODE-6655,NODE-9089,SATCOM,221,684,SUCCESS
2025-01-01 01:37:39,NODE-4615,NODE-6674,FIBER,172,716,SUCCESS
2025-01-01 01:37:41,NODE-1051,NODE-7273,FIBER,112,871,SUCCESS
2025-01-01 01:37:45,NODE-9098,NODE-9132,SATCOM,862,332,DELAY
2025-01-01 01:37:48,NODE-4213,NODE-1743,RF,1589,1109,DELAY
2025-01-01 01:37:52,NODE-6302,NODE-1846,FIBER,55,489,SUCCESS
2025-01-01 01:37:54,NODE-9562,NODE-5476,RF,111,311,SUCCESS
2025-01-01 01:37:58,NODE-1012,NODE-7174,RF,826,390,DELAY
2025-01-01 01:38:01,NODE-6119,NODE-8053,SATCOM,1539,1054,DELAY
2025-01-01 01:38:04,NODE-8703,NODE-3486,FIBER,207,1056,SUCCESS
2025-01-01 01:38:05,NODE-5460,NODE-8203,FIBER,228,358,SUCCESS
2025-01-01 01:38:06,NODE-7860,NODE-6119,FIBER,139,871,SUCCESS
2025-01-01 01:38:08,NODE-6233,NODE-3959,SATCOM,1312,516,DELAY
2025-01-01 01:38:12,NODE-7034,NODE-1231,FIBER,162,771,SUCCESS
2025-01-01 01:38:14,NODE-8459,NODE-8979,FIBER,239,851,SUCCESS
2025-01-01 01:38:17,NODE-9069,NODE-5685,FIBER,155,319,SUCCESS
2025-01-01 01:38:20,NODE-8796,NODE-2552,RF,169,1426,SUCCESS
2025-01-01 01:38:23,NODE-4626,NODE-2866,RF,72,631,SUCCESS
2025-01-01 01:38:24,NODE-4642,NODE-2981,RF,85,1241,SUCCESS
2025-01-01 01:38:26,NODE-6301,NODE-2479,RF,130,1123,SUCCESS
2025-01-01 01:38:27,NODE-6620,NODE-9696,SATCOM,105,876,SUCCESS
2025-01-01 01:38:31,NODE-6511,NODE-7316,FIBER,234,396,SUCCESS
2025-01-01 01:38:35,NODE-8549,NODE-9368,SATCOM,1085,1314,DELAY
2025-01-01 01:38:36,NODE-1391,NODE-5672,RF,231,991,SUCCESS
2025-01-01 01:38:38,NODE-7273,NODE-2850,FIBER,170,1043,SUCCESS
2025-01-01 01:38:41,NODE-1446,NODE-9040,SATCOM,185,306,SUCCESS
2025-01-01 01:38:45,NODE-8840,NODE-7082,RF,199,950,SUCCESS
2025-01-01 01:38:46,NODE-2634,NODE-5594,SATCOM,237,1179,SUCCESS
2025-01-01 01:38:49,NODE-5023,NODE-6282,SATCOM,84,727,SUCCESS
2025-01-01 01:38:50,NODE-4956,NODE-7710,RF,186,400,SUCCESS
2025-01-01 01:38:51,NODE-8719,NODE-5451,SATCOM,246,417,SUCCESS
2025-01-01 01:38:54,NODE-2299,NODE-7956,SATCOM,217,1046,SUCCESS
2025-01-01 01:38:57,NODE-2176,NODE-1255,SATCOM,118,471,SUCCESS
2025-01-01 01:39:00,NODE-2771,NODE-2159,FIBER,98,1280,SUCCESS
2025-01-01 01:39:02,NODE-4980,NODE-4226,RF,134,508,SUCCESS
2025-01-01 01:39:03,NODE-8214,NODE-3219,RF,167,1075,SUCCESS
2025-01-01 01:39:06,NODE-9302,NODE-2116,RF,191,1395,SUCCESS
2025-01-01 01:39:10,NODE-2732,NODE-7828,RF,163,386,SUCCESS
2025-01-01 01:39:13,NODE-3091,NODE-5522,SATCOM,122,546,SUCCESS
2025-01-01 01:39:16,NODE-9714,NODE-7751,RF,189,1195,SUCCESS
2025-01-01 01:39:17,NODE-8447,NODE-4919,RF,152,1064,SUCCESS
2025-01-01 01:39:18,NODE-5706,NODE-2652,RF,90,1272,SUCCESS
2025-01-01 01:39:19,NODE-5725,NODE-4877,RF,205,1114,SUCCESS
2025-01-01 01:39:20,NODE-7346,NODE-3991,FIBER,1507,315,DELAY
2025-01-01 01:39:22,NODE-6030,NODE-6663,FIBER,139,294,SUCCESS
2025-01-01 01:39:25,NODE-2262,NODE-9239,SATCOM,47,1389,SUCCESS
2025-01-01 01:39:26,NODE-3157,NODE-8756,FIBER,175,1117,SUCCESS
2025-01-01 01:39:30,NODE-6579,NODE-1598,RF,97,737,SUCCESS
2025-01-01 01:39:34,NODE-6731,NODE-4784,FIBER,189,369,SUCCESS
2025-01-01 01:39:38,NODE-6967,NODE-6315,RF,209,1490,SUCCESS
2025-01-01 01:39:42,NODE-4482,NODE-1354,RF,200,981,SUCCESS
2025-01-01 01:39:46,NODE-2422,NODE-1079,RF,1424,1420,DELAY
2025-01-01 01:39:49,NODE-9132,NODE-3734,RF,2923,4331,FAIL
2025-01-01 01:39:51,NODE-6914,NODE-5079,SATCOM,117,1224,SUCCESS
2025-01-01 01:39:53,NODE-7304,NODE-5744,RF,47,1072,SUCCESS
2025-01-01 01:39:55,NODE-4569,NODE-5779,SATCOM,69,388,SUCCESS
2025-01-01 01:39:59,NODE-4783,NODE-2346,SATCOM,180,846,SUCCESS
2025-01-01 01:40:02,NODE-2846,NODE-6012,SATCOM,44,523,SUCCESS
2025-01-01 01:40:06,NODE-5499,NODE-3512,SATCOM,131,613,SUCCESS
2025-01-01 01:40:09,NODE-7772,NODE-5814,SATCOM,174,789,SUCCESS
2025-01-01 01:40:12,NODE-4140,NODE-6394,FIBER,220,967,SUCCESS
2025-01-01 01:40:13,NODE-8337,NODE-2638,FIBER,92,1340,SUCCESS
2025-01-01 01:40:17,NODE-5686,NODE-7878,SATCOM,2723,5273,FAIL
2025-01-01 01:40:19,NODE-5646,NODE-6436,RF,206,513,SUCCESS
2025-01-01 01:40:21,NODE-5841,NODE-8211,FIBER,88,1387,SUCCESS
2025-01-01 01:40:25,NODE-8868,NODE-5748,SATCOM,193,837,SUCCESS
2025-01-01 01:40:29,NODE-7720,NODE-9730,SATCOM,110,296,SUCCESS
2025-01-01 01:40:31,NODE-9385,NODE-9088,RF,71,531,SUCCESS
2025-01-01 01:40:33,NODE-8124,NODE-5264,SATCOM,172,1007,SUCCESS
2025-01-01 01:40:35,NODE-9799,NODE-5746,SATCOM,232,621,SUCCESS
2025-01-01 01:40:37,NODE-1154,NODE-2565,RF,949,412,DELAY
2025-01-01 01:40:40,NODE-2594,NODE-1905,SATCOM,130,330,SUCCESS
2025-01-01 01:40:41,NODE-3179,NODE-9195,RF,1069,314,DELAY
2025-01-01 01:40:42,NODE-1692,NODE-5807,FIBER,139,582,SUCCESS
2025-01-01 01:40:44,NODE-1836,NODE-1721,RF,2252,4007,FAIL
2025-01-01 01:40:46,NODE-7667,NODE-9720,RF,142,932,SUCCESS
2025-01-01 01:40:49,NODE-5848,NODE-3359,RF,128,445,SUCCESS
2025-01-01 01:40:53,NODE-5610,NODE-1372,FIBER,95,628,SUCCESS
2025-01-01 01:40:54,NODE-2703,NODE-4122,FIBER,129,1008,SUCCESS
2025-01-01 01:40:57,NODE-1583,NODE-2990,RF,130,1322,SUCCESS
2025-01-01 01:41:01,NODE-9811,NODE-3303,RF,1145,309,DELAY
2025-01-01 01:41:03,NODE-6811,NODE-8156,SATCOM,105,1109,SUCCESS
2025-01-01 01:41:04,NODE-5153,NODE-9813,FIBER,95,428,SUCCESS
2025-01-01 01:41:06,NODE-4650,NODE-8798,RF,43,1347,SUCCESS
2025-01-01 01:41:10,NODE-1918,NODE-4142,SATCOM,3012,4184,FAIL
2025-01-01 01:41:11,NODE-2978,NODE-9619,SATCOM,102,945,SUCCESS
2025-01-01 01:41:15,NODE-4642,NODE-1517,SATCOM,77,991,SUCCESS
2025-01-01 01:41:19,NODE-9062,NODE-8337,SATCOM,1508,1128,DELAY
2025-01-01 01:41:21,NODE-7327,NODE-7460,FIBER,1176,646,DELAY
2025-01-01 01:41:23,NODE-2323,NODE-9103,RF,57,824,SUCCESS
2025-01-01 01:41:26,NODE-5631,NODE-4563,FIBER,1217,1119,DELAY
2025-01-01 01:41:28,NODE-9243,NODE-4741,FIBER,181,1148,SUCCESS
2025-01-01 01:41:32,NODE-3159,NODE-2572,RF,175,383,SUCCESS
2025-01-01 01:41:36,NODE-2465,NODE-5456,RF,1115,444,DELAY
2025-01-01 01:41:37,NODE-4428,NODE-4225,FIBER,138,337,SUCCESS
2025-01-01 01:41:39,NODE-1744,NODE-2340,RF,199,568,SUCCESS
2025-01-01 01:41:43,NODE-6985,NODE-2652,SATCOM,209,336,SUCCESS
2025-01-01 01:41:46,NODE-7151,NODE-2535,SATCOM,159,1498,SUCCESS
2025-01-01 01:41:47,NODE-1917,NODE-3297,SATCOM,230,797,SUCCESS
2025-01-01 01:41:50,NODE-3866,NODE-5031,RF,826,1212,DELAY
2025-01-01 01:41:52,NODE-5101,NODE-8509,SATCOM,1494,530,DELAY
2025-01-01 01:41:54,NODE-1084,NODE-3452,RF,2726,3767,FAIL
2025-01-01 01:41:56,NODE-6483,NODE-4778,FIBER,1216,546,DELAY
2025-01-01 01:41:58,NODE-1500,NODE-9620,FIBER,53,1266,SUCCESS
2025-01-01 01:42:01,NODE-7073,NODE-7239,SATCOM,219,419,SUCCESS
2025-01-01 01:42:02,NODE-7580,NODE-8817,SATCOM,243,1477,SUCCESS
2025-01-01 01:42:04,NODE-2319,NODE-1265,SATCOM,228,1325,SUCCESS
2025-01-01 01:42:06,NODE-5814,NODE-7783,SATCOM,74,806,SUCCESS
2025-01-01 01:42:07,NODE-5976,NODE-1121,RF,228,759,SUCCESS
2025-01-01 01:42:08,NODE-3562,NODE-9107,FIBER,46,575,SUCCESS
2025-01-01 01:42:10,NODE-9094,NODE-3374,RF,1347,847,DELAY
2025-01-01 01:42:14,NODE-8108,NODE-7401,RF,50,534,SUCCESS
2025-01-01 01:42:18,NODE-3789,NODE-6182,RF,116,1004,SUCCESS
2025-01-01 01:42:22,NODE-1351,NODE-9193,SATCOM,155,346,SUCCESS
2025-01-01 01:42:23,NODE-4075,NODE-6600,SATCOM,98,257,SUCCESS
2025-01-01 01:42:26,NODE-4483,NODE-6528,RF,1405,570,DELAY
2025-01-01 01:42:27,NODE-3125,NODE-4590,RF,233,948,SUCCESS
2025-01-01 01:42:30,NODE-1260,NODE-3950,RF,81,878,SUCCESS
2025-01-01 01:42:31,NODE-4578,NODE-4429,RF,1361,282,DELAY
2025-01-01 01:42:32,NODE-9772,NODE-3258,RF,156,1036,SUCCESS
2025-01-01 01:42:33,NODE-5631,NODE-3915,FIBER,248,841,SUCCESS
2025-01-01 01:42:35,NODE-7217,NODE-8080,FIBER,162,1437,SUCCESS
2025-01-01 01:42:36,NODE-7688,NODE-2624,FIBER,81,712,SUCCESS
2025-01-01 01:42:39,NODE-7886,NODE-2022,RF,231,912,SUCCESS
2025-01-01 01:42:42,NODE-9554,NODE-4485,FIBER,231,1147,SUCCESS
2025-01-01 01:42:45,NODE-2442,NODE-8281,FIBER,215,1330,SUCCESS
2025-01-01 01:42:47,NODE-5248,NODE-1643,SATCOM,2010,5976,FAIL
2025-01-01 01:42:49,NODE-8192,NODE-4776,RF,83,697,SUCCESS
2025-01-01 01:42:51,NODE-2037,NODE-8362,SATCOM,2454,5602,FAIL
2025-01-01 01:42:55,NODE-5979,NODE-2143,SATCOM,229,723,SUCCESS
2025-01-01 01:42:59,NODE-6696,NODE-1791,RF,79,324,SUCCESS
2025-01-01 01:43:01,NODE-7447,NODE-7924,RF,109,279,SUCCESS
2025-01-01 01:43:02,NODE-1110,NODE-5441,SATCOM,2955,3148,FAIL
2025-01-01 01:43:03,NODE-4868,NODE-5576,FIBER,1497,489,DELAY
2025-01-01 01:43:05,NODE-7292,NODE-6021,FIBER,70,604,SUCCESS
2025-01-01 01:43:07,NODE-1527,NODE-4729,SATCOM,1100,1137,DELAY
2025-01-01 01:43:08,NODE-8771,NODE-9655,FIBER,137,255,SUCCESS
2025-01-01 01:43:11,NODE-5832,NODE-5938,RF,237,1233,SUCCESS
2025-01-01 01:43:14,NODE-1579,NODE-7457,SATCOM,80,1370,SUCCESS
2025-01-01 01:43:17,NODE-5374,NODE-2085,RF,44,700,SUCCESS
2025-01-01 01:43:20,NODE-1017,NODE-6349,SATCOM,116,311,SUCCESS
2025-01-01 01:43:21,NODE-9507,NODE-4956,FIBER,1140,461,DELAY
2025-01-01 01:43:24,NODE-7205,NODE-6378,RF,1175,1030,DELAY
2025-01-01 01:43:26,NODE-2207,NODE-7340,SATCOM,72,398,SUCCESS
2025-01-01 01:43:28,NODE-6021,NODE-3262,SATCOM,190,1235,SUCCESS
2025-01-01 01:43:31,NODE-9699,NODE-9757,SATCOM,136,1169,SUCCESS
2025-01-01 01:43:35,NODE-6702,NODE-6049,SATCOM,75,315,SUCCESS
2025-01-01 01:43:39,NODE-6135,NODE-7984,SATCOM,57,1376,SUCCESS
2025-01-01 01:43:42,NODE-2551,NODE-6408,FIBER,221,1206,SUCCESS
2025-01-01 01:43:44,NODE-7097,NODE-2363,SATCOM,210,1127,SUCCESS
2025-01-01 01:43:46,NODE-9316,NODE-3250,FIBER,222,753,SUCCESS
2025-01-01 01:43:47,NODE-5612,NODE-3843,RF,61,1178,SUCCESS
2025-01-01 01:43:51,NODE-2329,NODE-8721,SATCOM,175,1422,SUCCESS
2025-01-01 01:43:53,NODE-4219,NODE-5050,FIBER,108,1226,SUCCESS
2025-01-01 01:43:56,NODE-8966,NODE-3895,RF,210,1264,SUCCESS
2025-01-01 01:43:58,NODE-1188,NODE-1903,SATCOM,74,1237,SUCCESS
2025-01-01 01:44:00,NODE-2809,NODE-1448,FIBER,169,913,SUCCESS
2025-01-01 01:44:03,NODE-7429,NODE-7641,SATCOM,171,641,SUCCESS
2025-01-01 01:44:07,NODE-6037,NODE-8911,FIBER,1087,1139,DELAY
2025-01-01 01:44:08,NODE-1663,NODE-2238,RF,1413,1068,DELAY
2025-01-01 01:44:10,NODE-1904,NODE-5669,FIBER,213,1135,SUCCESS
2025-01-01 01:44:13,NODE-9900,NODE-4498,FIBER,240,1395,SUCCESS
2025-01-01 01:44:14,NODE-5149,NODE-4329,SATCOM,78,1255,SUCCESS
2025-01-01 01:44:15,NODE-7643,NODE-3237,SATCOM,209,222,SUCCESS
2025-01-01 01:44:18,NODE-6202,NODE-9052,RF,85,639,SUCCESS
2025-01-01 01:44:21,NODE-7354,NODE-4798,FIBER,63,503,SUCCESS
2025-01-01 01:44:24,NODE-1404,NODE-5136,RF,173,300,SUCCESS
2025-01-01 01:44:25,NODE-4339,NODE-1893,FIBER,227,1325,SUCCESS
2025-01-01 01:44:28,NODE-1383,NODE-7612,RF,54,872,SUCCESS
2025-01-01 01:44:29,NODE-6001,NODE-8970,SATCOM,189,560,SUCCESS
2025-01-01 01:44:31,NODE-3580,NODE-6288,RF,109,802,SUCCESS
2025-01-01 01:44:32,NODE-5873,NODE-7798,SATCOM,181,637,SUCCESS
2025-01-01 01:44:33,NODE-2661,NODE-2961,FIBER,208,1121,SUCCESS
2025-01-01 01:44:37,NODE-7234,NODE-2477,FIBER,226,1255,SUCCESS
2025-01-01 01:44:41,NODE-8943,NODE-3217,RF,148,1293,SUCCESS
2025-01-01 01:44:43,NODE-3189,NODE-4231,RF,185,816,SUCCESS
2025-01-01 01:44:47,NODE-4758,NODE-9196,RF,161,1406,SUCCESS
2025-01-01 01:44:49,NODE-1250,NODE-9844,RF,166,424,SUCCESS
2025-01-01 01:44:51,NODE-3170,NODE-5668,FIBER,186,1115,SUCCESS
2025-01-01 01:44:52,NODE-1377,NODE-4362,RF,162,848,SUCCESS
2025-01-01 01:44:54,NODE-4784,NODE-4104,SATCOM,225,887,SUCCESS
2025-01-01 01:44:56,NODE-1919,NODE-5279,RF,1188,882,DELAY
2025-01-01 01:45:00,NODE-5839,NODE-8542,SATCOM,65,1371,SUCCESS
2025-01-01 01:45:02,NODE-8536,NODE-3597,RF,97,500,SUCCESS
2025-01-01 01:45:06,NODE-4836,NODE-3617,SATCOM,108,1257,SUCCESS
2025-01-01 01:45:09,NODE-1757,NODE-1575,RF,187,765,SUCCESS
2025-01-01 01:45:12,NODE-7663,NODE-9864,RF,87,342,SUCCESS
2025-01-01 01:45:14,NODE-3889,NODE-2443,FIBER,139,959,SUCCESS
2025-01-01 01:45:17,NODE-6477,NODE-9640,FIBER,112,953,SUCCESS
2025-01-01 01:45:21,NODE-6379,NODE-6259,FIBER,161,608,SUCCESS
2025-01-01 01:45:25,NODE-7249,NODE-1401,RF,211,1308,SUCCESS
2025-01-01 01:45:29,NODE-6087,NODE-5523,RF,151,592,SUCCESS
2025-01-01 01:45:31,NODE-5258,NODE-5982,FIBER,238,214,SUCCESS
2025-01-01 01:45:33,NODE-4798,NODE-1891,FIBER,114,795,SUCCESS
2025-01-01 01:45:37,NODE-6336,NODE-5390,SATCOM,171,376,SUCCESS
2025-01-01 01:45:39,NODE-1313,NODE-8950,SATCOM,129,1443,SUCCESS
2025-01-01 01:45:43,NODE-5237,NODE-2358,FIBER,244,1142,SUCCESS
2025-01-01 01:45:45,NODE-4587,NODE-1059,RF,1888,4707,FAIL
2025-01-01 01:45:47,NODE-1096,NODE-1041,FIBER,80,873,SUCCESS
2025-01-01 01:45:49,NODE-6931,NODE-5064,SATCOM,924,980,DELAY
2025-01-01 01:45:51,NODE-6799,NODE-9572,RF,88,1361,SUCCESS
2025-01-01 01:45:55,NODE-6201,NODE-7415,RF,155,1154,SUCCESS
2025-01-01 01:45:56,NODE-2147,NODE-1511,RF,128,413,SUCCESS
2025-01-01 01:46:00,NODE-2600,NODE-6488,FIBER,133,481,SUCCESS
2025-01-01 01:46:03,NODE-5981,NODE-9100,SATCOM,235,686,SUCCESS
2025-01-01 01:46:06,NODE-1667,NODE-4180,SATCOM,205,1378,SUCCESS
2025-01-01 01:46:07,NODE-4695,NODE-5088,RF,961,451,DELAY
2025-01-01 01:46:10,NODE-7171,NODE-2977,FIBER,140,932,SUCCESS
2025-01-01 01:46:13,NODE-6179,NODE-6428,SATCOM,236,1263,SUCCESS
2025-01-01 01:46:16,NODE-1231,NODE-1582,RF,148,847,SUCCESS
2025-01-01 01:46:17,NODE-1055,NODE-3684,SATCOM,82,944,SUCCESS
2025-01-01 01:46:18,NODE-7973,NODE-9506,SATCOM,143,1130,SUCCESS
2025-01-01 01:46:20,NODE-5610,NODE-2484,FIBER,138,733,SUCCESS
2025-01-01 01:46:22,NODE-2847,NODE-1303,SATCOM,226,413,SUCCESS
2025-01-01 01:46:25,NODE-1299,NODE-1723,SATCOM,101,918,SUCCESS
2025-01-01 01:46:27,NODE-9877,NODE-4121,RF,53,335,SUCCESS
2025-01-01 01:46:28,NODE-8618,NODE-7974,FIBER,234,994,SUCCESS
2025-01-01 01:46:29,NODE-5973,NODE-3169,RF,246,1463,SUCCESS
2025-01-01 01:46:32,NODE-8288,NODE-9556,SATCOM,99,830,SUCCESS
2025-01-01 01:46:34,NODE-3054,NODE-2562,SATCOM,241,1294,SUCCESS
2025-01-01 01:46:38,NODE-2838,NODE-3354,RF,135,1341,SUCCESS
2025-01-01 01:46:39,NODE-6209,NODE-5414,RF,168,829,SUCCESS
2025-01-01 01:46:41,NODE-3229,NODE-9191,SATCOM,3068,5041,FAIL
2025-01-01 01:46:44,NODE-9022,NODE-5820,FIBER,50,393,SUCCESS
2025-01-01 01:46:48,NODE-5377,NODE-6429,SATCOM,203,380,SUCCESS
2025-01-01 01:46:49,NODE-7685,NODE-4069,SATCOM,899,239,DELAY
2025-01-01 01:46:53,NODE-1064,NODE-1255,FIBER,1157,1174,DELAY
2025-01-01 01:46:54,NODE-5553,NODE-3315,SATCOM,142,945,SUCCESS
2025-01-01 01:46:56,NODE-2726,NODE-7520,FIBER,154,1158,SUCCESS
2025-01-01 01:46:59,NODE-9277,NODE-8339,RF,221,563,SUCCESS
2025-01-01 01:47:00,NODE-1421,NODE-1333,RF,1005,623,DELAY
2025-01-01 01:47:02,NODE-4938,NODE-7761,RF,223,990,SUCCESS
2025-01-01 01:47:03,NODE-8288,NODE-1325,SATCOM,197,1284,SUCCESS
2025-01-01 01:47:05,NODE-5953,NODE-6132,RF,113,647,SUCCESS
2025-01-01 01:47:06,NODE-6118,NODE-4359,SATCOM,233,1008,SUCCESS
2025-01-01 01:47:07,NODE-5100,NODE-8114,FIBER,193,425,SUCCESS
2025-01-01 01:47:11,NODE-8561,NODE-3977,SATCOM,185,1047,SUCCESS
2025-01-01 01:47:12,NODE-7276,NODE-9506,RF,133,1213,SUCCESS
2025-01-01 01:47:15,NODE-7125,NODE-5178,SATCOM,185,395,SUCCESS
2025-01-01 01:47:19,NODE-2424,NODE-2867,FIBER,84,988,SUCCESS
2025-01-01 01:47:21,NODE-9840,NODE-7663,SATCOM,85,551,SUCCESS
2025-01-01 01:47:23,NODE-7248,NODE-7623,SATCOM,44,329,SUCCESS
2025-01-01 01:47:27,NODE-9829,NODE-3691,RF,156,1178,SUCCESS
2025-01-01 01:47:29,NODE-8364,NODE-7550,RF,102,1037,SUCCESS
2025-01-01 01:47:30,NODE-3076,NODE-7494,FIBER,46,272,SUCCESS
2025-01-01 01:47:31,NODE-4069,NODE-3422,SATCOM,79,1455,SUCCESS
2025-01-01 01:47:35,NODE-8463,NODE-8410,SATCOM,221,1227,SUCCESS
2025-01-01 01:47:39,NODE-1065,NODE-8183,FIBER,206,948,SUCCESS
2025-01-01 01:47:40,NODE-5674,NODE-2643,FIBER,184,1158,SUCCESS
2025-01-01 01:47:44,NODE-5287,NODE-9985,FIBER,180,1167,SUCCESS
2025-01-01 01:47:45,NODE-8331,NODE-2247,RF,1391,534,DELAY
2025-01-01 01:47:48,NODE-2505,NODE-6935,SATCOM,147,414,SUCCESS
2025-01-01 01:47:49,NODE-2434,NODE-1299,FIBER,242,966,SUCCESS
2025-01-01 01:47:52,NODE-5676,NODE-1913,FIBER,201,1236,SUCCESS
2025-01-01 01:47:54,NODE-8157,NODE-2664,SATCOM,157,1018,SUCCESS
2025-01-01 01:47:56,NODE-1346,NODE-7299,FIBER,243,1317,SUCCESS
2025-01-01 01:47:59,NODE-3982,NODE-2716,FIBER,131,836,SUCCESS
2025-01-01 01:48:00,NODE-9170,NODE-1257,SATCOM,147,776,SUCCESS
2025-01-01 01:48:04,NODE-9105,NODE-3673,FIBER,164,1302,SUCCESS
2025-01-01 01:48:05,NODE-4081,NODE-2368,SATCOM,231,322,SUCCESS
2025-01-01 01:48:07,NODE-4838,NODE-1748,RF,115,1031,SUCCESS
2025-01-01 01:48:11,NODE-5905,NODE-2755,RF,73,851,SUCCESS
2025-01-01 01:48:12,NODE-3888,NODE-5264,SATCOM,241,1449,SUCCESS
2025-01-01 01:48:16,NODE-7194,NODE-5098,FIBER,220,1416,SUCCESS
2025-01-01 01:48:19,NODE-2467,NODE-4323,FIBER,230,875,SUCCESS
2025-01-01 01:48:23,NODE-1568,NODE-6016,RF,43,257,SUCCESS
2025-01-01 01:48:24,NODE-8504,NODE-1125,FIBER,135,982,SUCCESS
2025-01-01 01:48:27,NODE-8532,NODE-1650,SATCOM,103,271,SUCCESS
2025-01-01 01:48:31,NODE-1156,NODE-7589,SATCOM,43,904,SUCCESS
2025-01-01 01:48:35,NODE-8679,NODE-5946,FIBER,47,1232,SUCCESS
2025-01-01 01:48:38,NODE-1849,NODE-9491,SATCOM,231,712,SUCCESS
2025-01-01 01:48:41,NODE-8181,NODE-4094,RF,172,1083,SUCCESS
2025-01-01 01:48:45,NODE-9299,NODE-5941,RF,53,1226,SUCCESS
2025-01-01 01:48:46,NODE-5786,NODE-3840,FIBER,70,671,SUCCESS
2025-01-01 01:48:49,NODE-8584,NODE-5379,SATCOM,127,1379,SUCCESS
2025-01-01 01:48:50,NODE-8716,NODE-7982,RF,63,929,SUCCESS
2025-01-01 01:48:53,NODE-6166,NODE-2079,RF,52,1175,SUCCESS
2025-01-01 01:48:56,NODE-8921,NODE-4456,RF,191,1419,SUCCESS
2025-01-01 01:48:57,NODE-9217,NODE-1477,SATCOM,1019,401,DELAY
2025-01-01 01:48:59,NODE-5559,NODE-5571,FIBER,199,942,SUCCESS
2025-01-01 01:49:01,NODE-6805,NODE-8197,RF,1295,718,DELAY
2025-01-01 01:49:03,NODE-2975,NODE-7421,FIBER,933,565,DELAY
2025-01-01 01:49:05,NODE-8907,NODE-2653,RF,2955,3870,FAIL
2025-01-01 01:49:09,NODE-6705,NODE-3989,RF,110,296,SUCCESS
2025-01-01 01:49:13,NODE-7448,NODE-1755,FIBER,162,1306,SUCCESS
2025-01-01 01:49:17,NODE-4033,NODE-2336,RF,89,589,SUCCESS
2025-01-01 01:49:18,NODE-5932,NODE-4217,FIBER,167,746,SUCCESS
2025-01-01 01:49:22,NODE-6571,NODE-1032,SATCOM,149,934,SUCCESS
2025-01-01 01:49:25,NODE-9564,NODE-2878,FIBER,193,1070,SUCCESS
2025-01-01 01:49:28,NODE-2486,NODE-2145,SATCOM,119,744,SUCCESS
2025-01-01 01:49:32,NODE-1517,NODE-6496,FIBER,66,912,SUCCESS
2025-01-01 01:49:33,NODE-4838,NODE-9527,SATCOM,77,1279,SUCCESS
2025-01-01 01:49:37,NODE-4211,NODE-1952,FIBER,134,957,SUCCESS
2025-01-01 01:49:40,NODE-6717,NODE-9814,FIBER,1553,947,DELAY
2025-01-01 01:49:41,NODE-9743,NODE-1073,FIBER,197,841,SUCCESS
2025-01-01 01:49:42,NODE-9753,NODE-3164,FIBER,106,640,SUCCESS
2025-01-01 01:49:43,NODE-6139,NODE-5230,FIBER,2299,4903,FAIL
2025-01-01 01:49:45,NODE-3769,NODE-7181,SATCOM,87,1268,SUCCESS
2025-01-01 01:49:46,NODE-5955,NODE-6214,RF,65,1090,SUCCESS
2025-01-01 01:49:50,NODE-4293,NODE-4228,FIBER,1020,1363,DELAY
2025-01-01 01:49:51,NODE-8117,NODE-1376,SATCOM,243,1347,SUCCESS
2025-01-01 01:49:54,NODE-7987,NODE-6269,SATCOM,137,1166,SUCCESS
2025-01-01 01:49:55,NODE-5534,NODE-2482,FIBER,210,900,SUCCESS
2025-01-01 01:49:59,NODE-2870,NODE-8244,RF,229,1450,SUCCESS
2025-01-01 01:50:03,NODE-5110,NODE-9909,FIBER,102,1012,SUCCESS
2025-01-01 01:50:07,NODE-7009,NODE-2735,SATCOM,64,816,SUCCESS
2025-01-01 01:50:08,NODE-1372,NODE-1542,SATCOM,1319,937,DELAY
2025-01-01 01:50:09,NODE-3334,NODE-3267,FIBER,196,897,SUCCESS
2025-01-01 01:50:12,NODE-9961,NODE-7691,SATCOM,981,908,DELAY
2025-01-01 01:50:13,NODE-6047,NODE-6159,RF,225,1466,SUCCESS
2025-01-01 01:50:17,NODE-9345,NODE-5442,SATCOM,174,619,SUCCESS
2025-01-01 01:50:19,NODE-2243,NODE-8712,SATCOM,200,585,SUCCESS
2025-01-01 01:50:22,NODE-2187,NODE-6883,RF,135,846,SUCCESS
2025-01-01 01:50:23,NODE-7497,NODE-4545,RF,92,1328,SUCCESS
2025-01-01 01:50:27,NODE-2103,NODE-8106,SATCOM,60,584,SUCCESS
2025-01-01 01:50:31,NODE-8124,NODE-7437,RF,1433,779,DELAY
2025-01-01 01:50:35,NODE-8496,NODE-2402,SATCOM,1498,1155,DELAY
2025-01-01 01:50:36,NODE-9212,NODE-9987,FIBER,170,1008,SUCCESS
2025-01-01 01:50:37,NODE-4377,NODE-4449,RF,40,786,SUCCESS
2025-01-01 01:50:38,NODE-7561,NODE-8192,FIBER,229,994,SUCCESS
2025-01-01 01:50:42,NODE-4394,NODE-5422,RF,1387,520,DELAY
2025-01-01 01:50:46,NODE-1984,NODE-9879,SATCOM,896,990,DELAY
2025-01-01 01:50:47,NODE-9187,NODE-8944,RF,41,863,SUCCESS
2025-01-01 01:50:49,NODE-2699,NODE-9582,SATCOM,250,416,SUCCESS
2025-01-01 01:50:52,NODE-4880,NODE-1289,RF,181,1491,SUCCESS
2025-01-01 01:50:55,NODE-4661,NODE-7892,RF,76,1083,SUCCESS
2025-01-01 01:50:57,NODE-9318,NODE-1844,FIBER,159,856,SUCCESS
2025-01-01 01:50:58,NODE-8771,NODE-3531,SATCOM,166,562,SUCCESS
2025-01-01 01:51:00,NODE-6042,NODE-5873,SATCOM,1536,803,DELAY
2025-01-01 01:51:04,NODE-1516,NODE-1522,RF,95,661,SUCCESS
2025-01-01 01:51:06,NODE-7621,NODE-6072,RF,164,655,SUCCESS
2025-01-01 01:51:08,NODE-9634,NODE-1927,SATCOM,146,350,SUCCESS
2025-01-01 01:51:10,NODE-9345,NODE-6672,RF,233,919,SUCCESS
2025-01-01 01:51:13,NODE-8932,NODE-4117,FIBER,203,785,SUCCESS
2025-01-01 01:51:16,NODE-9605,NODE-9223,SATCOM,81,700,SUCCESS
2025-01-01 01:51:18,NODE-9614,NODE-6177,FIBER,1170,1262,DELAY
2025-01-01 01:51:21,NODE-2142,NODE-2567,SATCOM,2901,5538,FAIL
2025-01-01 01:51:22,NODE-9128,NODE-1136,SATCOM,2416,6122,FAIL
2025-01-01 01:51:24,NODE-8613,NODE-6659,SATCOM,153,1061,SUCCESS
2025-01-01 01:51:28,NODE-4078,NODE-5506,SATCOM,72,1104,SUCCESS
2025-01-01 01:51:32,NODE-4353,NODE-8675,SATCOM,212,1076,SUCCESS
2025-01-01 01:51:36,NODE-6507,NODE-5055,RF,244,797,SUCCESS
2025-01-01 01:51:40,NODE-9625,NODE-4299,SATCOM,175,652,SUCCESS
2025-01-01 01:51:41,NODE-8221,NODE-8931,SATCOM,172,212,SUCCESS
2025-01-01 01:51:43,NODE-5651,NODE-6928,SATCOM,225,719,SUCCESS
2025-01-01 01:51:45,NODE-1603,NODE-4868,RF,2817,3209,FAIL
2025-01-01 01:51:46,NODE-1130,NODE-8227,SATCOM,62,289,SUCCESS
2025-01-01 01:51:50,NODE-6498,NODE-1591,RF,113,448,SUCCESS
2025-01-01 01:51:51,NODE-9918,NODE-2269,SATCOM,1274,1491,DELAY
2025-01-01 01:51:54,NODE-1688,NODE-8370,FIBER,60,335,SUCCESS
2025-01-01 01:51:57,NODE-9702,NODE-5222,FIBER,1268,656,DELAY
2025-01-01 01:51:59,NODE-8480,NODE-5173,SATCOM,195,250,SUCCESS
2025-01-01 01:52:03,NODE-3810,NODE-3575,SATCOM,101,636,SUCCESS
2025-01-01 01:52:04,NODE-2056,NODE-3034,RF,100,1479,SUCCESS
2025-01-01 01:52:08,NODE-9557,NODE-8372,RF,165,500,SUCCESS
2025-01-01 01:52:11,NODE-8356,NODE-9396,SATCOM,1127,1022,DELAY
2025-01-01 01:52:15,NODE-1935,NODE-8605,FIBER,105,1431,SUCCESS
2025-01-01 01:52:18,NODE-3798,NODE-3516,FIBER,243,1200,SUCCESS
2025-01-01 01:52:20,NODE-4992,NODE-6560,SATCOM,2447,4517,FAIL
2025-01-01 01:52:23,NODE-1273,NODE-8747,SATCOM,162,979,SUCCESS
2025-01-01 01:52:25,NODE-4330,NODE-3408,SATCOM,79,290,SUCCESS
2025-01-01 01:52:27,NODE-2652,NODE-2687,FIBER,117,1441,SUCCESS
2025-01-01 01:52:31,NODE-4948,NODE-2905,RF,248,266,SUCCESS
2025-01-01 01:52:33,NODE-7165,NODE-2246,FIBER,222,1217,SUCCESS
2025-01-01 01:52:35,NODE-1900,NODE-6870,SATCOM,42,908,SUCCESS
2025-01-01 01:52:38,NODE-5356,NODE-9620,SATCOM,178,293,SUCCESS
2025-01-01 01:52:41,NODE-2940,NODE-2168,FIBER,57,688,SUCCESS
2025-01-01 01:52:44,NODE-8419,NODE-8503,RF,98,249,SUCCESS
2025-01-01 01:52:45,NODE-6505,NODE-5064,FIBER,69,1291,SUCCESS
2025-01-01 01:52:49,NODE-9288,NODE-1272,SATCOM,159,1478,SUCCESS
2025-01-01 01:52:51,NODE-6140,NODE-8969,SATCOM,130,877,SUCCESS
2025-01-01 01:52:54,NODE-2608,NODE-7754,SATCOM,192,567,SUCCESS
2025-01-01 01:52:57,NODE-5859,NODE-6956,SATCOM,1487,717,DELAY
2025-01-01 01:53:00,NODE-8578,NODE-7728,RF,151,1044,SUCCESS
2025-01-01 01:53:01,NODE-3822,NODE-3311,FIBER,203,301,SUCCESS
2025-01-01 01:53:05,NODE-9086,NODE-7437,SATCOM,219,227,SUCCESS
2025-01-01 01:53:09,NODE-6938,NODE-5331,FIBER,171,399,SUCCESS
2025-01-01 01:53:13,NODE-1938,NODE-5030,RF,145,1096,SUCCESS
2025-01-01 01:53:14,NODE-2968,NODE-9910,FIBER,884,812,DELAY
2025-01-01 01:53:18,NODE-6980,NODE-8536,SATCOM,215,212,SUCCESS
2025-01-01 01:53:22,NODE-5160,NODE-8778,FIBER,1045,758,DELAY
2025-01-01 01:53:23,NODE-3586,NODE-4838,SATCOM,156,1394,SUCCESS
2025-01-01 01:53:26,NODE-1797,NODE-1148,RF,107,690,SUCCESS
2025-01-01 01:53:30,NODE-6745,NODE-3948,RF,133,1125,SUCCESS
2025-01-01 01:53:32,NODE-6280,NODE-9293,FIBER,1286,903,DELAY
2025-01-01 01:53:34,NODE-8265,NODE-5890,SATCOM,1354,1100,DELAY
2025-01-01 01:53:37,NODE-3901,NODE-4392,SATCOM,184,1475,SUCCESS
2025-01-01 01:53:38,NODE-8642,NODE-6967,SATCOM,1112,1046,DELAY
2025-01-01 01:53:39,NODE-8868,NODE-8264,SATCOM,967,1072,DELAY
2025-01-01 01:53:43,NODE-3443,NODE-6967,FIBER,96,448,SUCCESS
2025-01-01 01:53:46,NODE-9819,NODE-1933,SATCOM,160,883,SUCCESS
2025-01-01 01:53:50,NODE-2925,NODE-6302,FIBER,217,1098,SUCCESS
2025-01-01 01:53:53,NODE-4851,NODE-2003,RF,175,734,SUCCESS
2025-01-01 01:53:55,NODE-4198,NODE-5267,SATCOM,1547,1495,DELAY
2025-01-01 01:53:58,NODE-3731,NODE-3179,RF,132,982,SUCCESS
2025-01-01 01:53:59,NODE-2634,NODE-8888,SATCOM,134,1027,SUCCESS
2025-01-01 01:54:00,NODE-7459,NODE-8686,RF,2098,5346,FAIL
2025-01-01 01:54:04,NODE-4731,NODE-7807,RF,194,1443,SUCCESS
2025-01-01 01:54:08,NODE-4895,NODE-3262,RF,112,1449,SUCCESS
2025-01-01 01:54:10,NODE-9576,NODE-9229,FIBER,75,1066,SUCCESS
2025-01-01 01:54:14,NODE-4672,NODE-1662,SATCOM,122,631,SUCCESS
2025-01-01 01:54:18,NODE-1260,NODE-3066,FIBER,103,929,SUCCESS
2025-01-01 01:54:20,NODE-2268,NODE-5838,FIBER,234,354,SUCCESS
2025-01-01 01:54:21,NODE-9123,NODE-4180,SATCOM,127,1037,SUCCESS
2025-01-01 01:54:23,NODE-7112,NODE-9724,FIBER,80,613,SUCCESS
2025-01-01 01:54:24,NODE-3166,NODE-3857,RF,221,278,SUCCESS
2025-01-01 01:54:26,NODE-3409,NODE-7808,FIBER,2863,5314,FAIL
2025-01-01 01:54:29,NODE-1334,NODE-4550,RF,126,350,SUCCESS
2025-01-01 01:54:31,NODE-4668,NODE-3813,RF,1397,828,DELAY
2025-01-01 01:54:32,NODE-9024,NODE-8369,SATCOM,140,215,SUCCESS
2025-01-01 01:54:36,NODE-2077,NODE-3890,RF,235,874,SUCCESS
2025-01-01 01:54:40,NODE-5648,NODE-8763,SATCOM,889,1458,DELAY
2025-01-01 01:54:43,NODE-4304,NODE-7326,SATCOM,48,934,SUCCESS
2025-01-01 01:54:44,NODE-3659,NODE-6896,SATCOM,67,1215,SUCCESS
2025-01-01 01:54:47,NODE-3305,NODE-4866,RF,94,618,SUCCESS
2025-01-01 01:54:49,NODE-7109,NODE-4875,RF,152,1173,SUCCESS
2025-01-01 01:54:50,NODE-4904,NODE-5521,SATCOM,2865,3948,FAIL
2025-01-01 01:54:52,NODE-3507,NODE-7486,SATCOM,180,871,SUCCESS
2025-01-01 01:54:53,NODE-5655,NODE-5422,RF,76,616,SUCCESS
2025-01-01 01:54:54,NODE-1855,NODE-3712,SATCOM,210,1035,SUCCESS
2025-01-01 01:54:56,NODE-4140,NODE-1531,SATCOM,249,1312,SUCCESS
2025-01-01 01:54:58,NODE-3531,NODE-8960,FIBER,182,1245,SUCCESS
2025-01-01 01:55:00,NODE-9036,NODE-7670,SATCOM,846,1082,DELAY
2025-01-01 01:55:03,NODE-2343,NODE-5273,SATCOM,1231,1387,DELAY
2025-01-01 01:55:04,NODE-1859,NODE-8291,FIBER,196,1425,SUCCESS
2025-01-01 01:55:07,NODE-9214,NODE-1032,RF,143,330,SUCCESS
2025-01-01 01:55:08,NODE-7672,NODE-2452,RF,55,1071,SUCCESS
2025-01-01 01:55:12,NODE-8955,NODE-6770,RF,237,1211,SUCCESS
2025-01-01 01:55:15,NODE-2080,NODE-3647,FIBER,163,640,SUCCESS
2025-01-01 01:55:18,NODE-4438,NODE-8688,SATCOM,70,1054,SUCCESS
2025-01-01 01:55:20,NODE-1089,NODE-1017,RF,213,443,SUCCESS
2025-01-01 01:55:23,NODE-5204,NODE-7867,FIBER,241,1412,SUCCESS
2025-01-01 01:55:26,NODE-7358,NODE-8220,RF,205,1364,SUCCESS
2025-01-01 01:55:27,NODE-9052,NODE-5990,SATCOM,115,1486,SUCCESS
2025-01-01 01:55:31,NODE-4393,NODE-5279,FIBER,162,495,SUCCESS
2025-01-01 01:55:34,NODE-5794,NODE-1366,FIBER,46,237,SUCCESS
2025-01-01 01:55:38,NODE-8825,NODE-8564,RF,199,412,SUCCESS
2025-01-01 01:55:41,NODE-8477,NODE-4694,RF,91,490,SUCCESS
2025-01-01 01:55:43,NODE-9680,NODE-8098,RF,1276,795,DELAY
2025-01-01 01:55:44,NODE-2750,NODE-5108,RF,1143,864,DELAY
2025-01-01 01:55:45,NODE-9581,NODE-9007,RF,241,718,SUCCESS
2025-01-01 01:55:46,NODE-2878,NODE-4703,SATCOM,156,793,SUCCESS
2025-01-01 01:55:49,NODE-6094,NODE-2484,FIBER,230,1489,SUCCESS
2025-01-01 01:55:53,NODE-5704,NODE-5672,FIBER,1570,1318,DELAY
2025-01-01 01:55:57,NODE-7025,NODE-8882,RF,195,1488,SUCCESS
2025-01-01 01:56:00,NODE-7797,NODE-4352,SATCOM,150,1209,SUCCESS
2025-01-01 01:56:01,NODE-1976,NODE-7420,SATCOM,109,569,SUCCESS
2025-01-01 01:56:02,NODE-3995,NODE-9326,RF,139,379,SUCCESS
2025-01-01 01:56:04,NODE-4953,NODE-8522,SATCOM,2191,6127,FAIL
2025-01-01 01:56:06,NODE-1421,NODE-3324,SATCOM,167,638,SUCCESS
2025-01-01 01:56:09,NODE-9393,NODE-5516,RF,133,1318,SUCCESS
2025-01-01 01:56:13,NODE-9959,NODE-2160,RF,47,1251,SUCCESS
2025-01-01 01:56:15,NODE-4018,NODE-1094,SATCOM,247,282,SUCCESS
2025-01-01 01:56:18,NODE-6042,NODE-3940,FIBER,93,1491,SUCCESS
2025-01-01 01:56:19,NODE-4340,NODE-1851,FIBER,2708,6553,FAIL
2025-01-01 01:56:20,NODE-3157,NODE-1601,FIBER,224,622,SUCCESS
2025-01-01 01:56:22,NODE-3717,NODE-4078,FIBER,1353,1490,DELAY
2025-01-01 01:56:26,NODE-6294,NODE-5861,RF,105,1074,SUCCESS
2025-01-01 01:56:27,NODE-1294,NODE-2404,SATCOM,133,982,SUCCESS
2025-01-01 01:56:30,NODE-8782,NODE-4165,SATCOM,1490,946,DELAY
2025-01-01 01:56:31,NODE-1168,NODE-4467,RF,249,1048,SUCCESS
2025-01-01 01:56:33,NODE-2787,NODE-7586,RF,104,840,SUCCESS
2025-01-01 01:56:35,NODE-3171,NODE-4226,RF,224,359,SUCCESS
2025-01-01 01:56:37,NODE-9410,NODE-8582,RF,2683,6873,FAIL
2025-01-01 01:56:38,NODE-6955,NODE-8071,RF,145,519,SUCCESS
2025-01-01 01:56:42,NODE-5148,NODE-3345,FIBER,246,464,SUCCESS
2025-01-01 01:56:43,NODE-2942,NODE-6148,RF,57,1323,SUCCESS
2025-01-01 01:56:45,NODE-9651,NODE-5123,FIBER,182,586,SUCCESS
2025-01-01 01:56:49,NODE-1364,NODE-3313,FIBER,1382,1445,DELAY
2025-01-01 01:56:53,NODE-2184,NODE-6799,FIBER,209,213,SUCCESS
2025-01-01 01:56:57,NODE-1731,NODE-1170,SATCOM,102,295,SUCCESS
2025-01-01 01:56:58,NODE-3623,NODE-5651,SATCOM,1334,550,DELAY
2025-01-01 01:57:00,NODE-2624,NODE-5891,FIBER,144,957,SUCCESS
2025-01-01 01:57:04,NODE-1230,NODE-2226,SATCOM,149,736,SUCCESS
2025-01-01 01:57:05,NODE-9348,NODE-2560,FIBER,190,1304,SUCCESS
2025-01-01 01:57:06,NODE-8216,NODE-1481,FIBER,2476,3917,FAIL
2025-01-01 01:57:09,NODE-8468,NODE-3482,RF,106,1031,SUCCESS
2025-01-01 01:57:11,NODE-9723,NODE-2938,RF,218,314,SUCCESS
2025-01-01 01:57:12,NODE-3611,NODE-3707,RF,1850,6565,FAIL
2025-01-01 01:57:15,NODE-2584,NODE-9039,RF,867,659,DELAY
2025-01-01 01:57:17,NODE-4309,NODE-8882,RF,169,1107,SUCCESS
2025-01-01 01:57:19,NODE-5902,NODE-2754,FIBER,1328,1318,DELAY
2025-01-01 01:57:21,NODE-8219,NODE-1810,RF,114,456,SUCCESS
2025-01-01 01:57:22,NODE-5765,NODE-8448,SATCOM,184,1049,SUCCESS
2025-01-01 01:57:26,NODE-1312,NODE-3838,SATCOM,173,720,SUCCESS
2025-01-01 01:57:30,NODE-9879,NODE-7282,RF,245,1211,SUCCESS
2025-01-01 01:57:31,NODE-6528,NODE-2731,RF,1093,908,DELAY
2025-01-01 01:57:34,NODE-3137,NODE-5498,RF,1569,1241,DELAY
2025-01-01 01:57:36,NODE-3228,NODE-7007,SATCOM,53,1257,SUCCESS
2025-01-01 01:57:39,NODE-2698,NODE-8449,RF,172,1030,SUCCESS
2025-01-01 01:57:41,NODE-8916,NODE-7754,SATCOM,1082,239,DELAY
2025-01-01 01:57:43,NODE-7280,NODE-9583,SATCOM,107,986,SUCCESS
2025-01-01 01:57:47,NODE-8346,NODE-3480,SATCOM,152,1067,SUCCESS
2025-01-01 01:57:50,NODE-6597,NODE-6722,SATCOM,1289,525,DELAY
2025-01-01 01:57:52,NODE-1479,NODE-7043,RF,89,551,SUCCESS
2025-01-01 01:57:53,NODE-2298,NODE-3547,FIBER,1516,618,DELAY
2025-01-01 01:57:55,NODE-3153,NODE-6740,FIBER,240,1362,SUCCESS
2025-01-01 01:57:57,NODE-8681,NODE-6016,RF,92,857,SUCCESS
2025-01-01 01:57:59,NODE-1020,NODE-6802,RF,45,571,SUCCESS
2025-01-01 01:58:03,NODE-9649,NODE-2681,FIBER,112,1487,SUCCESS
2025-01-01 01:58:04,NODE-4801,NODE-8806,FIBER,238,217,SUCCESS
2025-01-01 01:58:07,NODE-6117,NODE-8770,SATCOM,75,1363,SUCCESS
2025-01-01 01:58:11,NODE-2358,NODE-9835,FIBER,3123,3539,FAIL
2025-01-01 01:58:14,NODE-6679,NODE-5069,SATCOM,80,407,SUCCESS
2025-01-01 01:58:17,NODE-3099,NODE-2547,FIBER,64,450,SUCCESS
2025-01-01 01:58:21,NODE-6521,NODE-7603,SATCOM,173,257,SUCCESS
2025-01-01 01:58:24,NODE-7841,NODE-8551,SATCOM,2850,5001,FAIL
2025-01-01 01:58:28,NODE-2093,NODE-3564,FIBER,987,295,DELAY
2025-01-01 01:58:31,NODE-6668,NODE-7895,RF,119,647,SUCCESS
2025-01-01 01:58:34,NODE-4631,NODE-7599,SATCOM,175,420,SUCCESS
2025-01-01 01:58:36,NODE-2111,NODE-1833,FIBER,66,1346,SUCCESS
2025-01-01 01:58:37,NODE-6516,NODE-1807,FIBER,128,1141,SUCCESS
2025-01-01 01:58:41,NODE-1361,NODE-9917,FIBER,57,1229,SUCCESS
2025-01-01 01:58:44,NODE-5953,NODE-8425,SATCOM,176,1244,SUCCESS
2025-01-01 01:58:46,NODE-3802,NODE-7441,RF,86,846,SUCCESS
2025-01-01 01:58:47,NODE-7636,NODE-2294,FIBER,224,1347,SUCCESS
2025-01-01 01:58:50,NODE-5886,NODE-4039,SATCOM,43,805,SUCCESS
2025-01-01 01:58:53,NODE-4527,NODE-7459,SATCOM,224,506,SUCCESS
2025-01-01 01:58:55,NODE-7144,NODE-6905,RF,44,1256,SUCCESS
2025-01-01 01:58:57,NODE-4197,NODE-4580,SATCOM,228,728,SUCCESS
2025-01-01 01:59:00,NODE-6420,NODE-5897,FIBER,133,893,SUCCESS
2025-01-01 01:59:04,NODE-9456,NODE-8704,SATCOM,130,1455,SUCCESS
2025-01-01 01:59:05,NODE-8063,NODE-8964,SATCOM,54,298,SUCCESS
2025-01-01 01:59:08,NODE-4475,NODE-9342,RF,146,924,SUCCESS
2025-01-01 01:59:11,NODE-1241,NODE-4653,RF,207,908,SUCCESS
2025-01-01 01:59:14,NODE-3117,NODE-9648,RF,114,1219,SUCCESS
2025-01-01 01:59:16,NODE-4799,NODE-6181,RF,123,724,SUCCESS
2025-01-01 01:59:19,NODE-2781,NODE-1362,SATCOM,69,903,SUCCESS
2025-01-01 01:59:20,NODE-4966,NODE-2388,FIBER,1415,1316,DELAY
2025-01-01 01:59:21,NODE-1579,NODE-5161,RF,206,1067,SUCCESS
2025-01-01 01:59:22,NODE-8160,NODE-1633,SATCOM,184,542,SUCCESS
2025-01-01 01:59:23,NODE-3187,NODE-6884,FIBER,230,1500,SUCCESS
2025-01-01 01:59:26,NODE-4246,NODE-1149,RF,163,942,SUCCESS
2025-01-01 01:59:28,NODE-4658,NODE-8518,FIBER,84,637,SUCCESS
2025-01-01 01:59:31,NODE-7141,NODE-4650,RF,238,873,SUCCESS
2025-01-01 01:59:32,NODE-6098,NODE-6977,RF,3184,4836,FAIL
2025-01-01 01:59:33,NODE-9155,NODE-3511,RF,2131,6837,FAIL
2025-01-01 01:59:35,NODE-6967,NODE-5666,FIBER,176,735,SUCCESS
2025-01-01 01:59:36,NODE-9208,NODE-5529,FIBER,1337,703,DELAY
2025-01-01 01:59:39,NODE-8538,NODE-3923,RF,182,1439,SUCCESS
2025-01-01 01:59:41,NODE-8804,NODE-8603,RF,215,724,SUCCESS
2025-01-01 01:59:43,NODE-7988,NODE-9306,FIBER,120,639,SUCCESS
2025-01-01 01:59:47,NODE-8870,NODE-9834,RF,2422,6883,FAIL
2025-01-01 01:59:49,NODE-9775,NODE-5986,SATCOM,814,1259,DELAY
2025-01-01 01:59:50,NODE-2041,NODE-9082,RF,177,964,SUCCESS
2025-01-01 01:59:52,NODE-5506,NODE-5425,SATCOM,131,1060,SUCCESS
2025-01-01 01:59:53,NODE-5424,NODE-2838,RF,104,874,SUCCESS
2025-01-01 01:59:54,NODE-1813,NODE-7323,FIBER,190,464,SUCCESS
2025-01-01 01:59:57,NODE-6340,NODE-1896,FIBER,76,325,SUCCESS
2025-01-01 02:00:01,NODE-9921,NODE-5889,FIBER,197,620,SUCCESS
2025-01-01 02:00:03,NODE-1600,NODE-9199,SATCOM,215,464,SUCCESS
2025-01-01 02:00:04,NODE-6104,NODE-1524,FIBER,138,825,SUCCESS
2025-01-01 02:00:06,NODE-1225,NODE-2267,SATCOM,3078,4722,FAIL
2025-01-01 02:00:10,NODE-9291,NODE-8461,FIBER,138,1304,SUCCESS
2025-01-01 02:00:13,NODE-6429,NODE-9005,RF,86,964,SUCCESS
2025-01-01 02:00:14,NODE-4090,NODE-7078,SATCOM,1217,370,DELAY
2025-01-01 02:00:16,NODE-4588,NODE-5917,SATCOM,2589,5666,FAIL
2025-01-01 02:00:20,NODE-2919,NODE-4319,FIBER,93,1370,SUCCESS
2025-01-01 02:00:23,NODE-8504,NODE-9301,FIBER,118,1006,SUCCESS
2025-01-01 02:00:26,NODE-3521,NODE-6555,SATCOM,95,929,SUCCESS
2025-01-01 02:00:28,NODE-1607,NODE-2501,RF,104,955,SUCCESS
2025-01-01 02:00:29,NODE-1122,NODE-1061,SATCOM,147,234,SUCCESS
2025-01-01 02:00:32,NODE-8155,NODE-1377,FIBER,176,489,SUCCESS
2025-01-01 02:00:33,NODE-1709,NODE-4999,RF,60,926,SUCCESS
2025-01-01 02:00:34,NODE-8276,NODE-6818,RF,95,1487,SUCCESS
2025-01-01 02:00:38,NODE-4545,NODE-5476,RF,242,705,SUCCESS
2025-01-01 02:00:41,NODE-8354,NODE-5810,RF,147,381,SUCCESS
2025-01-01 02:00:44,NODE-9959,NODE-7306,RF,3035,4279,FAIL
2025-01-01 02:00:45,NODE-9099,NODE-8430,RF,124,648,SUCCESS
2025-01-01 02:00:48,NODE-3435,NODE-2472,RF,223,771,SUCCESS
2025-01-01 02:00:52,NODE-1552,NODE-4661,SATCOM,64,774,SUCCESS
2025-01-01 02:00:54,NODE-1846,NODE-1557,RF,66,497,SUCCESS
2025-01-01 02:00:55,NODE-7469,NODE-7244,FIBER,212,1033,SUCCESS
2025-01-01 02:00:59,NODE-3492,NODE-9870,SATCOM,155,272,SUCCESS
2025-01-01 02:01:02,NODE-3193,NODE-4735,SATCOM,2260,4197,FAIL
2025-01-01 02:01:03,NODE-5570,NODE-1112,SATCOM,68,1354,SUCCESS
2025-01-01 02:01:04,NODE-1215,NODE-2140,RF,77,375,SUCCESS
2025-01-01 02:01:08,NODE-1378,NODE-1150,RF,1020,810,DELAY
2025-01-01 02:01:11,NODE-4628,NODE-6595,RF,141,1475,SUCCESS
2025-01-01 02:01:13,NODE-1541,NODE-9423,FIBER,2483,6634,FAIL
2025-01-01 02:01:16,NODE-4591,NODE-2478,SATCOM,115,1469,SUCCESS
2025-01-01 02:01:18,NODE-3203,NODE-7270,RF,1128,318,DELAY
2025-01-01 02:01:21,NODE-1485,NODE-4713,FIBER,128,1372,SUCCESS
2025-01-01 02:01:23,NODE-6298,NODE-5228,SATCOM,2030,3697,FAIL
2025-01-01 02:01:25,NODE-9782,NODE-2996,SATCOM,210,847,SUCCESS
2025-01-01 02:01:26,NODE-3457,NODE-7561,FIBER,1272,1304,DELAY
2025-01-01 02:01:30,NODE-7889,NODE-2514,FIBER,52,744,SUCCESS
2025-01-01 02:01:32,NODE-1900,NODE-8126,SATCOM,57,931,SUCCESS
2025-01-01 02:01:33,NODE-9811,NODE-6216,RF,2116,4706,FAIL
2025-01-01 02:01:36,NODE-2426,NODE-6980,SATCOM,209,1157,SUCCESS
2025-01-01 02:01:37,NODE-7601,NODE-5658,RF,195,689,SUCCESS
2025-01-01 02:01:41,NODE-1524,NODE-7476,SATCOM,144,695,SUCCESS
2025-01-01 02:01:43,NODE-6557,NODE-6626,RF,134,719,SUCCESS
2025-01-01 02:01:46,NODE-3857,NODE-7355,FIBER,142,503,SUCCESS
2025-01-01 02:01:49,NODE-7534,NODE-6778,FIBER,211,296,SUCCESS
2025-01-01 02:01:53,NODE-8623,NODE-8318,RF,123,378,SUCCESS
2025-01-01 02:01:54,NODE-9569,NODE-2857,FIBER,2867,5057,FAIL
2025-01-01 02:01:56,NODE-1189,NODE-8702,SATCOM,83,1031,SUCCESS
2025-01-01 02:01:57,NODE-7763,NODE-9186,RF,42,871,SUCCESS
2025-01-01 02:01:58,NODE-4306,NODE-8692,SATCOM,41,1383,SUCCESS
2025-01-01 02:02:00,NODE-2120,NODE-6597,SATCOM,148,894,SUCCESS
2025-01-01 02:02:02,NODE-5980,NODE-7355,SATCOM,229,304,SUCCESS
2025-01-01 02:02:05,NODE-1060,NODE-7252,RF,1090,1079,DELAY
2025-01-01 02:02:07,NODE-6292,NODE-1031,SATCOM,62,1056,SUCCESS
2025-01-01 02:02:10,NODE-8335,NODE-9609,SATCOM,57,1425,SUCCESS
2025-01-01 02:02:11,NODE-6452,NODE-6460,SATCOM,847,1205,DELAY
2025-01-01 02:02:12,NODE-4947,NODE-4377,FIBER,2341,5922,FAIL
2025-01-01 02:02:16,NODE-8180,NODE-6129,RF,1549,790,DELAY
2025-01-01 02:02:17,NODE-6513,NODE-1725,FIBER,128,779,SUCCESS
2025-01-01 02:02:21,NODE-3829,NODE-2510,SATCOM,70,402,SUCCESS
2025-01-01 02:02:24,NODE-6895,NODE-4128,SATCOM,65,559,SUCCESS
2025-01-01 02:02:28,NODE-3179,NODE-2174,RF,166,248,SUCCESS
2025-01-01 02:02:32,NODE-9566,NODE-2200,FIBER,85,1344,SUCCESS
2025-01-01 02:02:34,NODE-3889,NODE-4344,FIBER,134,1025,SUCCESS
2025-01-01 02:02:35,NODE-7068,NODE-4019,FIBER,206,938,SUCCESS
2025-01-01 02:02:36,NODE-9693,NODE-6318,FIBER,66,1218,SUCCESS
2025-01-01 02:02:40,NODE-6558,NODE-9634,FIBER,235,1123,SUCCESS
2025-01-01 02:02:44,NODE-2166,NODE-2836,SATCOM,215,293,SUCCESS
2025-01-01 02:02:47,NODE-9098,NODE-5993,SATCOM,81,1123,SUCCESS
2025-01-01 02:02:49,NODE-6711,NODE-8394,RF,116,1082,SUCCESS
2025-01-01 02:02:50,NODE-5138,NODE-6120,FIBER,160,345,SUCCESS
2025-01-01 02:02:51,NODE-1908,NODE-3427,SATCOM,117,859,SUCCESS
2025-01-01 02:02:55,NODE-6836,NODE-6439,RF,833,884,DELAY
2025-01-01 02:02:57,NODE-3386,NODE-8233,FIBER,232,910,SUCCESS
2025-01-01 02:03:01,NODE-9433,NODE-7289,SATCOM,91,781,SUCCESS
2025-01-01 02:03:04,NODE-7839,NODE-1543,FIBER,145,1278,SUCCESS
2025-01-01 02:03:08,NODE-2138,NODE-6967,RF,187,1232,SUCCESS
2025-01-01 02:03:10,NODE-6708,NODE-6805,FIBER,949,317,DELAY
2025-01-01 02:03:13,NODE-3890,NODE-1954,RF,184,1477,SUCCESS
2025-01-01 02:03:16,NODE-1715,NODE-1549,SATCOM,40,214,SUCCESS
2025-01-01 02:03:20,NODE-6334,NODE-2685,SATCOM,105,294,SUCCESS
2025-01-01 02:03:22,NODE-4248,NODE-6889,FIBER,184,406,SUCCESS
2025-01-01 02:03:26,NODE-3172,NODE-7270,SATCOM,1534,1480,DELAY
2025-01-01 02:03:29,NODE-7630,NODE-2273,RF,157,357,SUCCESS
2025-01-01 02:03:33,NODE-8166,NODE-1792,RF,49,201,SUCCESS
2025-01-01 02:03:36,NODE-8108,NODE-9134,SATCOM,1487,1480,DELAY
2025-01-01 02:03:37,NODE-8739,NODE-1142,FIBER,249,1109,SUCCESS
2025-01-01 02:03:39,NODE-3374,NODE-5584,SATCOM,163,1389,SUCCESS
2025-01-01 02:03:40,NODE-2546,NODE-2601,FIBER,45,1495,SUCCESS
2025-01-01 02:03:44,NODE-5797,NODE-6153,RF,173,931,SUCCESS
2025-01-01 02:03:47,NODE-4006,NODE-7303,FIBER,241,928,SUCCESS
2025-01-01 02:03:50,NODE-1399,NODE-3355,FIBER,2317,3684,FAIL
2025-01-01 02:03:54,NODE-2164,NODE-2849,FIBER,89,733,SUCCESS
2025-01-01 02:03:56,NODE-6136,NODE-9610,FIBER,178,1463,SUCCESS
2025-01-01 02:03:59,NODE-2336,NODE-4320,RF,127,859,SUCCESS
2025-01-01 02:04:00,NODE-5549,NODE-6007,FIBER,84,1183,SUCCESS
2025-01-01 02:04:03,NODE-7725,NODE-5607,RF,206,631,SUCCESS
2025-01-01 02:04:05,NODE-5110,NODE-5665,SATCOM,226,408,SUCCESS
2025-01-01 02:04:09,NODE-4748,NODE-1993,FIBER,108,959,SUCCESS
2025-01-01 02:04:12,NODE-4788,NODE-8666,RF,846,913,DELAY
2025-01-01 02:04:16,NODE-6563,NODE-7401,FIBER,59,1325,SUCCESS
2025-01-01 02:04:20,NODE-9690,NODE-1283,FIBER,3188,4503,FAIL
2025-01-01 02:04:24,NODE-3565,NODE-7098,FIBER,134,652,SUCCESS
2025-01-01 02:04:25,NODE-8643,NODE-3708,FIBER,205,911,SUCCESS
2025-01-01 02:04:29,NODE-4782,NODE-9338,FIBER,210,624,SUCCESS
2025-01-01 02:04:30,NODE-3033,NODE-3885,FIBER,124,1291,SUCCESS
2025-01-01 02:04:33,NODE-7852,NODE-3783,SATCOM,148,1456,SUCCESS
2025-01-01 02:04:36,NODE-9469,NODE-1794,RF,96,818,SUCCESS
2025-01-01 02:04:38,NODE-9604,NODE-9672,RF,228,825,SUCCESS
2025-01-01 02:04:40,NODE-5628,NODE-6880,FIBER,1580,576,DELAY
2025-01-01 02:04:42,NODE-9010,NODE-9988,RF,111,587,SUCCESS
2025-01-01 02:04:45,NODE-3746,NODE-7841,SATCOM,231,1249,SUCCESS
2025-01-01 02:04:48,NODE-2149,NODE-4865,RF,246,857,SUCCESS
2025-01-01 02:04:52,NODE-9185,NODE-3968,SATCOM,203,1420,SUCCESS
2025-01-01 02:04:53,NODE-7178,NODE-1338,FIBER,79,1452,SUCCESS
2025-01-01 02:04:57,NODE-9843,NODE-6318,FIBER,46,495,SUCCESS
2025-01-01 02:05:01,NODE-2947,NODE-5506,FIBER,74,847,SUCCESS
2025-01-01 02:05:03,NODE-3038,NODE-1572,SATCOM,130,1448,SUCCESS
2025-01-01 02:05:06,NODE-1518,NODE-4455,RF,149,226,SUCCESS
2025-01-01 02:05:10,NODE-1586,NODE-6519,FIBER,214,695,SUCCESS
2025-01-01 02:05:12,NODE-2795,NODE-4049,RF,50,1066,SUCCESS
2025-01-01 02:05:15,NODE-6367,NODE-1853,FIBER,197,1368,SUCCESS
2025-01-01 02:05:18,NODE-9936,NODE-4653,RF,198,480,SUCCESS
2025-01-01 02:05:19,NODE-7426,NODE-4720,FIBER,1450,1076,DELAY
2025-01-01 02:05:22,NODE-9721,NODE-1290,SATCOM,105,1362,SUCCESS
2025-01-01 02:05:23,NODE-9200,NODE-2864,FIBER,144,1489,SUCCESS
2025-01-01 02:05:24,NODE-3143,NODE-1842,RF,1146,1483,DELAY
2025-01-01 02:05:26,NODE-4943,NODE-5203,RF,111,524,SUCCESS
2025-01-01 02:05:30,NODE-7877,NODE-8046,SATCOM,124,750,SUCCESS
2025-01-01 02:05:31,NODE-2661,NODE-7420,RF,186,1125,SUCCESS
2025-01-01 02:05:33,NODE-2290,NODE-9324,RF,84,696,SUCCESS
2025-01-01 02:05:35,NODE-1411,NODE-8780,RF,1080,888,DELAY
2025-01-01 02:05:38,NODE-3829,NODE-5284,RF,2612,6195,FAIL
2025-01-01 02:05:39,NODE-6850,NODE-2298,RF,227,355,SUCCESS
2025-01-01 02:05:40,NODE-9923,NODE-9464,SATCOM,100,1280,SUCCESS
2025-01-01 02:05:41,NODE-6886,NODE-5714,FIBER,192,975,SUCCESS
2025-01-01 02:05:44,NODE-5870,NODE-6617,FIBER,57,977,SUCCESS
2025-01-01 02:05:47,NODE-9021,NODE-8408,RF,173,549,SUCCESS
2025-01-01 02:05:51,NODE-3240,NODE-5802,SATCOM,2038,4557,FAIL
2025-01-01 02:05:53,NODE-9262,NODE-9663,SATCOM,137,997,SUCCESS
2025-01-01 02:05:57,NODE-9236,NODE-8820,FIBER,215,397,SUCCESS
2025-01-01 02:05:58,NODE-3449,NODE-2011,RF,189,264,SUCCESS
2025-01-01 02:05:59,NODE-5220,NODE-7226,RF,178,467,SUCCESS
2025-01-01 02:06:03,NODE-7176,NODE-3904,FIBER,52,494,SUCCESS
2025-01-01 02:06:06,NODE-7842,NODE-7678,FIBER,217,1355,SUCCESS
2025-01-01 02:06:08,NODE-1445,NODE-7904,FIBER,1498,918,DELAY
2025-01-01 02:06:09,NODE-8162,NODE-6297,FIBER,987,817,DELAY
2025-01-01 02:06:12,NODE-3649,NODE-2254,SATCOM,77,391,SUCCESS
2025-01-01 02:06:16,NODE-5524,NODE-7091,FIBER,232,1393,SUCCESS
2025-01-01 02:06:18,NODE-8857,NODE-2467,FIBER,133,1152,SUCCESS
2025-01-01 02:06:20,NODE-1302,NODE-2925,RF,132,1190,SUCCESS
2025-01-01 02:06:24,NODE-2925,NODE-2870,RF,41,502,SUCCESS
2025-01-01 02:06:26,NODE-9170,NODE-6552,FIBER,152,783,SUCCESS
2025-01-01 02:06:30,NODE-1100,NODE-7594,RF,2344,5190,FAIL
2025-01-01 02:06:31,NODE-3831,NODE-9116,RF,242,1325,SUCCESS
2025-01-01 02:06:32,NODE-9607,NODE-2428,RF,102,1486,SUCCESS
2025-01-01 02:06:35,NODE-2550,NODE-6954,FIBER,144,239,SUCCESS
2025-01-01 02:06:38,NODE-7237,NODE-3088,RF,152,798,SUCCESS
2025-01-01 02:06:40,NODE-3359,NODE-7257,FIBER,75,1325,SUCCESS
2025-01-01 02:06:44,NODE-4084,NODE-4205,RF,180,489,SUCCESS
2025-01-01 02:06:46,NODE-2455,NODE-2434,SATCOM,221,956,SUCCESS
2025-01-01 02:06:47,NODE-1702,NODE-5545,FIBER,194,419,SUCCESS
2025-01-01 02:06:48,NODE-3277,NODE-5589,RF,210,639,SUCCESS
2025-01-01 02:06:52,NODE-8820,NODE-8499,RF,122,1340,SUCCESS
2025-01-01 02:06:54,NODE-5198,NODE-2970,SATCOM,177,692,SUCCESS
2025-01-01 02:06:57,NODE-9389,NODE-6743,SATCOM,1274,864,DELAY
2025-01-01 02:07:00,NODE-8832,NODE-3905,SATCOM,58,432,SUCCESS
2025-01-01 02:07:01,NODE-6566,NODE-2614,RF,837,928,DELAY
2025-01-01 02:07:03,NODE-2868,NODE-6901,SATCOM,157,494,SUCCESS
2025-01-01 02:07:04,NODE-7817,NODE-3529,RF,70,264,SUCCESS
2025-01-01 02:07:06,NODE-2017,NODE-4618,FIBER,173,1279,SUCCESS
2025-01-01 02:07:09,NODE-9199,NODE-9896,FIBER,116,343,SUCCESS
2025-01-01 02:07:11,NODE-6220,NODE-6887,SATCOM,184,523,SUCCESS
2025-01-01 02:07:15,NODE-3267,NODE-5096,FIBER,218,561,SUCCESS
2025-01-01 02:07:19,NODE-7363,NODE-4576,SATCOM,72,361,SUCCESS
2025-01-01 02:07:20,NODE-6990,NODE-9028,RF,171,561,SUCCESS
2025-01-01 02:07:22,NODE-5109,NODE-5823,SATCOM,2603,3644,FAIL
2025-01-01 02:07:24,NODE-3470,NODE-3168,FIBER,1400,1195,DELAY
2025-01-01 02:07:26,NODE-7431,NODE-3253,RF,1586,1470,DELAY
2025-01-01 02:07:29,NODE-4781,NODE-1288,SATCOM,78,1426,SUCCESS
2025-01-01 02:07:32,NODE-1969,NODE-1513,SATCOM,245,226,SUCCESS
2025-01-01 02:07:35,NODE-9899,NODE-1317,SATCOM,97,753,SUCCESS
2025-01-01 02:07:38,NODE-1471,NODE-6962,FIBER,1093,1305,DELAY
2025-01-01 02:07:42,NODE-4347,NODE-3437,RF,111,938,SUCCESS
2025-01-01 02:07:45,NODE-3003,NODE-3914,RF,173,1330,SUCCESS
2025-01-01 02:07:46,NODE-4453,NODE-2435,FIBER,111,1472,SUCCESS
2025-01-01 02:07:48,NODE-1949,NODE-6221,SATCOM,209,1251,SUCCESS
2025-01-01 02:07:50,NODE-7233,NODE-2530,RF,1422,889,DELAY
2025-01-01 02:07:51,NODE-8036,NODE-9555,SATCOM,66,536,SUCCESS
2025-01-01 02:07:52,NODE-5263,NODE-4226,SATCOM,245,532,SUCCESS
2025-01-01 02:07:55,NODE-8625,NODE-8054,RF,121,435,SUCCESS
2025-01-01 02:07:57,NODE-5113,NODE-6927,RF,76,1162,SUCCESS
2025-01-01 02:07:59,NODE-1049,NODE-1102,SATCOM,207,1172,SUCCESS
2025-01-01 02:08:02,NODE-3520,NODE-6636,SATCOM,53,1291,SUCCESS
2025-01-01 02:08:05,NODE-3385,NODE-5840,RF,70,810,SUCCESS
2025-01-01 02:08:06,NODE-4009,NODE-4471,SATCOM,179,806,SUCCESS
2025-01-01 02:08:10,NODE-5810,NODE-4221,FIBER,56,962,SUCCESS
2025-01-01 02:08:12,NODE-9869,NODE-2974,RF,243,1033,SUCCESS
2025-01-01 02:08:16,NODE-1572,NODE-4259,FIBER,247,1307,SUCCESS
2025-01-01 02:08:19,NODE-7234,NODE-8722,RF,63,374,SUCCESS
2025-01-01 02:08:23,NODE-2857,NODE-6654,FIBER,199,588,SUCCESS
2025-01-01 02:08:26,NODE-1157,NODE-1856,RF,57,807,SUCCESS
2025-01-01 02:08:27,NODE-6413,NODE-6854,RF,140,823,SUCCESS
2025-01-01 02:08:31,NODE-3370,NODE-6337,RF,226,890,SUCCESS
2025-01-01 02:08:35,NODE-1977,NODE-1870,SATCOM,149,642,SUCCESS
2025-01-01 02:08:38,NODE-2031,NODE-7035,FIBER,121,791,SUCCESS
2025-01-01 02:08:40,NODE-7645,NODE-6133,SATCOM,977,1127,DELAY
2025-01-01 02:08:43,NODE-6577,NODE-3663,RF,92,1499,SUCCESS
2025-01-01 02:08:46,NODE-6810,NODE-3933,SATCOM,92,723,SUCCESS
2025-01-01 02:08:48,NODE-4455,NODE-9274,SATCOM,45,269,SUCCESS
2025-01-01 02:08:49,NODE-1265,NODE-1264,FIBER,198,329,SUCCESS
2025-01-01 02:08:50,NODE-6269,NODE-6647,FIBER,159,562,SUCCESS
2025-01-01 02:08:53,NODE-2768,NODE-5815,RF,222,936,SUCCESS
2025-01-01 02:08:55,NODE-9540,NODE-1849,RF,70,701,SUCCESS
2025-01-01 02:08:57,NODE-3456,NODE-8218,RF,116,1470,SUCCESS
2025-01-01 02:08:59,NODE-1127,NODE-5473,RF,59,383,SUCCESS
2025-01-01 02:09:00,NODE-1529,NODE-5605,RF,71,200,SUCCESS
2025-01-01 02:09:04,NODE-7834,NODE-7217,FIBER,100,920,SUCCESS
2025-01-01 02:09:07,NODE-9828,NODE-3662,RF,46,530,SUCCESS
2025-01-01 02:09:09,NODE-1528,NODE-3620,RF,240,715,SUCCESS
2025-01-01 02:09:10,NODE-7211,NODE-5102,SATCOM,1262,1111,DELAY
2025-01-01 02:09:11,NODE-7539,NODE-5662,FIBER,229,685,SUCCESS
2025-01-01 02:09:12,NODE-4895,NODE-5672,FIBER,92,1289,SUCCESS
2025-01-01 02:09:15,NODE-4724,NODE-9460,RF,224,222,SUCCESS
2025-01-01 02:09:19,NODE-4587,NODE-5158,SATCOM,68,970,SUCCESS
2025-01-01 02:09:21,NODE-8992,NODE-2363,FIBER,217,1245,SUCCESS
2025-01-01 02:09:25,NODE-3706,NODE-1882,SATCOM,1553,581,DELAY
2025-01-01 02:09:26,NODE-3779,NODE-4275,RF,1065,489,DELAY
2025-01-01 02:09:27,NODE-2157,NODE-7795,SATCOM,2861,3646,FAIL
2025-01-01 02:09:28,NODE-2083,NODE-9680,SATCOM,218,1021,SUCCESS
2025-01-01 02:09:31,NODE-9113,NODE-8072,SATCOM,135,683,SUCCESS
2025-01-01 02:09:33,NODE-9209,NODE-9638,SATCOM,107,1232,SUCCESS
2025-01-01 02:09:35,NODE-6485,NODE-5811,SATCOM,931,1097,DELAY
2025-01-01 02:09:39,NODE-7834,NODE-6477,SATCOM,56,264,SUCCESS
2025-01-01 02:09:43,NODE-2086,NODE-6583,SATCOM,108,751,SUCCESS
2025-01-01 02:09:46,NODE-4437,NODE-8998,SATCOM,189,1089,SUCCESS
2025-01-01 02:09:50,NODE-2621,NODE-4605,FIBER,85,576,SUCCESS
2025-01-01 02:09:53,NODE-7332,NODE-6804,SATCOM,2459,4534,FAIL
2025-01-01 02:09:57,NODE-6548,NODE-4451,RF,83,362,SUCCESS
2025-01-01 02:10:00,NODE-8226,NODE-4272,FIBER,237,1452,SUCCESS
2025-01-01 02:10:02,NODE-7248,NODE-3457,FIBER,2449,4390,FAIL
2025-01-01 02:10:03,NODE-8222,NODE-2078,RF,96,989,SUCCESS
2025-01-01 02:10:07,NODE-5801,NODE-9378,FIBER,170,1491,SUCCESS
2025-01-01 02:10:11,NODE-1682,NODE-3019,SATCOM,823,661,DELAY
2025-01-01 02:10:14,NODE-5088,NODE-8628,FIBER,159,1321,SUCCESS
2025-01-01 02:10:15,NODE-7882,NODE-7790,FIBER,215,1484,SUCCESS
2025-01-01 02:10:16,NODE-8206,NODE-9179,FIBER,1332,278,DELAY
2025-01-01 02:10:20,NODE-3250,NODE-7912,FIBER,242,793,SUCCESS
2025-01-01 02:10:23,NODE-1192,NODE-3865,SATCOM,112,321,SUCCESS
2025-01-01 02:10:26,NODE-6628,NODE-1192,RF,121,1287,SUCCESS
2025-01-01 02:10:30,NODE-8387,NODE-9905,RF,102,1387,SUCCESS
2025-01-01 02:10:33,NODE-6413,NODE-9115,RF,108,1321,SUCCESS
2025-01-01 02:10:36,NODE-9008,NODE-3060,FIBER,234,1327,SUCCESS
2025-01-01 02:10:39,NODE-3251,NODE-8741,RF,162,1349,SUCCESS
2025-01-01 02:10:42,NODE-7519,NODE-9298,SATCOM,1030,1356,DELAY
2025-01-01 02:10:46,NODE-2920,NODE-5705,SATCOM,228,713,SUCCESS
2025-01-01 02:10:49,NODE-8486,NODE-2191,SATCOM,136,529,SUCCESS
2025-01-01 02:10:51,NODE-6112,NODE-8547,SATCOM,88,1372,SUCCESS
2025-01-01 02:10:53,NODE-3735,NODE-7427,RF,77,734,SUCCESS
2025-01-01 02:10:57,NODE-3209,NODE-5417,RF,244,647,SUCCESS
2025-01-01 02:10:58,NODE-6113,NODE-4319,FIBER,90,214,SUCCESS
2025-01-01 02:11:01,NODE-5268,NODE-8249,SATCOM,198,833,SUCCESS
2025-01-01 02:11:04,NODE-4792,NODE-5469,SATCOM,1184,1283,DELAY
2025-01-01 02:11:07,NODE-7490,NODE-3500,FIBER,826,247,DELAY
2025-01-01 02:11:11,NODE-5124,NODE-2000,FIBER,181,342,SUCCESS
2025-01-01 02:11:12,NODE-7201,NODE-4180,FIBER,152,668,SUCCESS
2025-01-01 02:11:13,NODE-7596,NODE-5508,FIBER,110,577,SUCCESS
2025-01-01 02:11:17,NODE-6465,NODE-7800,FIBER,99,1486,SUCCESS
2025-01-01 02:11:18,NODE-1042,NODE-3424,FIBER,60,669,SUCCESS
2025-01-01 02:11:22,NODE-8139,NODE-6602,RF,178,605,SUCCESS
2025-01-01 02:11:26,NODE-7519,NODE-6422,FIBER,1584,1399,DELAY
2025-01-01 02:11:28,NODE-9280,NODE-8113,FIBER,1932,3454,FAIL
2025-01-01 02:11:29,NODE-6535,NODE-6184,RF,111,953,SUCCESS
2025-01-01 02:11:30,NODE-5859,NODE-1583,RF,214,447,SUCCESS
2025-01-01 02:11:33,NODE-9858,NODE-9444,RF,128,647,SUCCESS
2025-01-01 02:11:36,NODE-9830,NODE-6019,SATCOM,917,845,DELAY
2025-01-01 02:11:37,NODE-1139,NODE-8271,SATCOM,69,246,SUCCESS
2025-01-01 02:11:40,NODE-1566,NODE-5348,RF,226,848,SUCCESS
2025-01-01 02:11:41,NODE-8215,NODE-7637,RF,135,318,SUCCESS
2025-01-01 02:11:44,NODE-7674,NODE-1320,RF,1575,450,DELAY
2025-01-01 02:11:46,NODE-3815,NODE-6176,SATCOM,156,1500,SUCCESS
2025-01-01 02:11:50,NODE-4749,NODE-5923,RF,238,1486,SUCCESS
2025-01-01 02:11:52,NODE-7606,NODE-5223,SATCOM,1556,985,DELAY
2025-01-01 02:11:53,NODE-7183,NODE-6111,SATCOM,71,1007,SUCCESS
2025-01-01 02:11:56,NODE-3878,NODE-8977,SATCOM,235,1343,SUCCESS
2025-01-01 02:11:57,NODE-1331,NODE-7296,FIBER,2287,3877,FAIL
2025-01-01 02:12:00,NODE-1949,NODE-7703,FIBER,58,1317,SUCCESS
2025-01-01 02:12:02,NODE-8929,NODE-2238,FIBER,77,1175,SUCCESS
2025-01-01 02:12:05,NODE-9826,NODE-8213,RF,238,1115,SUCCESS
2025-01-01 02:12:06,NODE-7736,NODE-5722,SATCOM,99,1368,SUCCESS
2025-01-01 02:12:10,NODE-2277,NODE-2502,RF,1530,1117,DELAY
2025-01-01 02:12:13,NODE-2578,NODE-7591,FIBER,52,893,SUCCESS
2025-01-01 02:12:15,NODE-4821,NODE-9640,RF,142,605,SUCCESS
2025-01-01 02:12:18,NODE-1575,NODE-7937,SATCOM,97,288,SUCCESS
2025-01-01 02:12:19,NODE-5135,NODE-5030,RF,176,289,SUCCESS
2025-01-01 02:12:21,NODE-2561,NODE-6896,SATCOM,1081,732,DELAY
2025-01-01 02:12:25,NODE-3003,NODE-5362,FIBER,207,1231,SUCCESS
2025-01-01 02:12:27,NODE-1273,NODE-2983,SATCOM,96,360,SUCCESS
2025-01-01 02:12:28,NODE-1149,NODE-6449,SATCOM,152,1160,SUCCESS
2025-01-01 02:12:32,NODE-5601,NODE-5808,FIBER,147,372,SUCCESS
2025-01-01 02:12:36,NODE-7411,NODE-8779,RF,105,1434,SUCCESS
2025-01-01 02:12:37,NODE-5882,NODE-5212,RF,162,370,SUCCESS
2025-01-01 02:12:38,NODE-4126,NODE-5975,FIBER,77,1076,SUCCESS
2025-01-01 02:12:42,NODE-7824,NODE-8140,RF,245,893,SUCCESS
2025-01-01 02:12:45,NODE-6895,NODE-7312,SATCOM,108,1211,SUCCESS
2025-01-01 02:12:48,NODE-8838,NODE-5528,RF,89,558,SUCCESS
2025-01-01 02:12:52,NODE-5377,NODE-9461,RF,216,1250,SUCCESS
2025-01-01 02:12:54,NODE-9129,NODE-6772,RF,134,1261,SUCCESS
2025-01-01 02:12:55,NODE-1037,NODE-4554,FIBER,40,385,SUCCESS
2025-01-01 02:12:58,NODE-4950,NODE-9253,FIBER,170,1017,SUCCESS
2025-01-01 02:13:02,NODE-5433,NODE-9553,SATCOM,1214,1437,DELAY
2025-01-01 02:13:04,NODE-6825,NODE-5268,SATCOM,115,240,SUCCESS
2025-01-01 02:13:07,NODE-6122,NODE-8497,FIBER,1547,1382,DELAY
2025-01-01 02:13:11,NODE-6826,NODE-6164,SATCOM,45,1135,SUCCESS
2025-01-01 02:13:14,NODE-6756,NODE-4614,SATCOM,54,761,SUCCESS
2025-01-01 02:13:15,NODE-7807,NODE-9516,FIBER,71,579,SUCCESS
2025-01-01 02:13:16,NODE-6624,NODE-2342,FIBER,1140,201,DELAY
2025-01-01 02:13:17,NODE-5478,NODE-3092,FIBER,50,619,SUCCESS
2025-01-01 02:13:21,NODE-3615,NODE-2685,SATCOM,1002,872,DELAY
2025-01-01 02:13:23,NODE-4893,NODE-5496,FIBER,118,575,SUCCESS
2025-01-01 02:13:24,NODE-7433,NODE-7024,RF,149,1134,SUCCESS
2025-01-01 02:13:26,NODE-6904,NODE-3313,FIBER,40,1053,SUCCESS
2025-01-01 02:13:28,NODE-1657,NODE-8424,SATCOM,47,425,SUCCESS
2025-01-01 02:13:31,NODE-9607,NODE-4474,RF,1027,1029,DELAY
2025-01-01 02:13:32,NODE-6799,NODE-9333,SATCOM,140,969,SUCCESS
2025-01-01 02:13:36,NODE-8951,NODE-3283,SATCOM,143,823,SUCCESS
2025-01-01 02:13:37,NODE-1077,NODE-3956,RF,174,900,SUCCESS
2025-01-01 02:13:39,NODE-8052,NODE-8885,SATCOM,114,371,SUCCESS
2025-01-01 02:13:40,NODE-8512,NODE-2087,FIBER,210,1185,SUCCESS
2025-01-01 02:13:42,NODE-9117,NODE-2898,FIBER,173,1138,SUCCESS
2025-01-01 02:13:45,NODE-5264,NODE-3207,FIBER,206,1400,SUCCESS
2025-01-01 02:13:47,NODE-8054,NODE-5770,SATCOM,248,493,SUCCESS
2025-01-01 02:13:49,NODE-1704,NODE-9642,FIBER,78,1486,SUCCESS
2025-01-01 02:13:52,NODE-9935,NODE-1596,FIBER,40,517,SUCCESS
2025-01-01 02:13:55,NODE-5878,NODE-2870,RF,155,1300,SUCCESS
2025-01-01 02:13:56,NODE-7400,NODE-1746,FIBER,234,348,SUCCESS
2025-01-01 02:13:57,NODE-3743,NODE-1937,FIBER,869,752,DELAY
2025-01-01 02:14:00,NODE-9338,NODE-8081,RF,212,568,SUCCESS
2025-01-01 02:14:04,NODE-7260,NODE-8985,RF,233,857,SUCCESS
2025-01-01 02:14:08,NODE-9541,NODE-4566,RF,1507,1361,DELAY
2025-01-01 02:14:09,NODE-1958,NODE-4871,FIBER,198,594,SUCCESS
2025-01-01 02:14:11,NODE-6105,NODE-3788,SATCOM,186,752,SUCCESS
2025-01-01 02:14:13,NODE-8976,NODE-7416,RF,225,643,SUCCESS
2025-01-01 02:14:16,NODE-6883,NODE-4478,SATCOM,175,233,SUCCESS
2025-01-01 02:14:17,NODE-8858,NODE-4565,SATCOM,1195,1005,DELAY
2025-01-01 02:14:20,NODE-5870,NODE-4613,SATCOM,3139,3744,FAIL
2025-01-01 02:14:22,NODE-5431,NODE-1044,FIBER,41,896,SUCCESS
2025-01-01 02:14:26,NODE-1264,NODE-8775,FIBER,163,1222,SUCCESS
2025-01-01 02:14:27,NODE-5811,NODE-9046,SATCOM,1980,3502,FAIL
2025-01-01 02:14:31,NODE-7166,NODE-9827,RF,98,804,SUCCESS
2025-01-01 02:14:34,NODE-8186,NODE-9647,FIBER,98,1012,SUCCESS
2025-01-01 02:14:36,NODE-9676,NODE-4934,FIBER,144,1301,SUCCESS
2025-01-01 02:14:38,NODE-6853,NODE-6424,RF,201,559,SUCCESS
2025-01-01 02:14:40,NODE-3031,NODE-7174,FIBER,107,1365,SUCCESS
2025-01-01 02:14:42,NODE-6656,NODE-5187,SATCOM,131,547,SUCCESS
2025-01-01 02:14:45,NODE-1251,NODE-4105,SATCOM,1112,474,DELAY
2025-01-01 02:14:47,NODE-9837,NODE-5837,RF,79,376,SUCCESS
2025-01-01 02:14:49,NODE-9183,NODE-8451,RF,231,1178,SUCCESS
2025-01-01 02:14:53,NODE-3672,NODE-6850,FIBER,191,399,SUCCESS
2025-01-01 02:14:54,NODE-6083,NODE-3338,RF,1561,322,DELAY
2025-01-01 02:14:58,NODE-7119,NODE-4735,SATCOM,162,651,SUCCESS
2025-01-01 02:15:00,NODE-8663,NODE-5866,RF,165,800,SUCCESS
2025-01-01 02:15:02,NODE-1251,NODE-3216,SATCOM,149,283,SUCCESS
2025-01-01 02:15:05,NODE-2071,NODE-6750,FIBER,232,1055,SUCCESS
2025-01-01 02:15:09,NODE-5061,NODE-9167,SATCOM,47,795,SUCCESS
2025-01-01 02:15:11,NODE-6948,NODE-1064,RF,43,1464,SUCCESS
2025-01-01 02:15:14,NODE-2092,NODE-7092,SATCOM,158,912,SUCCESS
2025-01-01 02:15:15,NODE-5620,NODE-4364,RF,131,1061,SUCCESS
2025-01-01 02:15:18,NODE-5151,NODE-6221,FIBER,1330,1330,DELAY
2025-01-01 02:15:19,NODE-1687,NODE-1452,RF,96,202,SUCCESS
2025-01-01 02:15:22,NODE-9786,NODE-8031,SATCOM,136,435,SUCCESS
2025-01-01 02:15:24,NODE-2567,NODE-6730,RF,133,648,SUCCESS
2025-01-01 02:15:27,NODE-4224,NODE-8959,RF,1840,3758,FAIL
2025-01-01 02:15:30,NODE-3750,NODE-3493,RF,845,1472,DELAY
2025-01-01 02:15:33,NODE-9351,NODE-5505,SATCOM,63,1023,SUCCESS
2025-01-01 02:15:35,NODE-7910,NODE-6467,RF,929,733,DELAY
2025-01-01 02:15:38,NODE-5810,NODE-5133,RF,139,850,SUCCESS
2025-01-01 02:15:39,NODE-6393,NODE-5667,FIBER,58,830,SUCCESS
2025-01-01 02:15:42,NODE-9347,NODE-6189,FIBER,134,745,SUCCESS
2025-01-01 02:15:46,NODE-6781,NODE-1321,RF,138,484,SUCCESS
2025-01-01 02:15:47,NODE-6539,NODE-5882,SATCOM,113,637,SUCCESS
2025-01-01 02:15:50,NODE-3634,NODE-5156,RF,79,855,SUCCESS
2025-01-01 02:15:54,NODE-5522,NODE-4656,SATCOM,187,1177,SUCCESS
2025-01-01 02:15:57,NODE-4814,NODE-3725,RF,230,1097,SUCCESS
2025-01-01 02:15:58,NODE-5934,NODE-1412,SATCOM,88,1077,SUCCESS
2025-01-01 02:16:01,NODE-8139,NODE-3560,RF,64,1311,SUCCESS
2025-01-01 02:16:03,NODE-9905,NODE-5577,FIBER,212,271,SUCCESS
2025-01-01 02:16:05,NODE-5801,NODE-7711,RF,2553,6648,FAIL
2025-01-01 02:16:07,NODE-3089,NODE-5395,SATCOM,1584,640,DELAY
2025-01-01 02:16:08,NODE-3795,NODE-8574,RF,193,440,SUCCESS
2025-01-01 02:16:09,NODE-4412,NODE-1477,RF,46,1121,SUCCESS
2025-01-01 02:16:11,NODE-2783,NODE-6858,SATCOM,1842,4112,FAIL
2025-01-01 02:16:12,NODE-3160,NODE-2050,SATCOM,137,1251,SUCCESS
2025-01-01 02:16:15,NODE-4984,NODE-6385,SATCOM,185,528,SUCCESS
2025-01-01 02:16:16,NODE-2861,NODE-4852,RF,1569,1447,DELAY
2025-01-01 02:16:19,NODE-2265,NODE-1544,FIBER,127,849,SUCCESS
2025-01-01 02:16:23,NODE-8375,NODE-4117,FIBER,214,1319,SUCCESS
2025-01-01 02:16:27,NODE-2431,NODE-7724,FIBER,84,542,SUCCESS
2025-01-01 02:16:31,NODE-4195,NODE-9304,FIBER,1510,719,DELAY
2025-01-01 02:16:35,NODE-4007,NODE-3713,FIBER,225,561,SUCCESS
2025-01-01 02:16:37,NODE-9165,NODE-7267,SATCOM,138,1309,SUCCESS
2025-01-01 02:16:41,NODE-8784,NODE-8384,RF,209,1230,SUCCESS
2025-01-01 02:16:42,NODE-8396,NODE-5560,RF,78,953,SUCCESS
2025-01-01 02:16:44,NODE-5144,NODE-7376,RF,91,994,SUCCESS
2025-01-01 02:16:45,NODE-5351,NODE-4987,SATCOM,75,606,SUCCESS
2025-01-01 02:16:46,NODE-6781,NODE-1318,SATCOM,877,1008,DELAY
2025-01-01 02:16:49,NODE-8341,NODE-4472,FIBER,51,818,SUCCESS
2025-01-01 02:16:53,NODE-3850,NODE-8841,FIBER,2397,4887,FAIL
2025-01-01 02:16:57,NODE-9218,NODE-9367,FIBER,232,1001,SUCCESS
2025-01-01 02:16:58,NODE-5044,NODE-2003,RF,75,249,SUCCESS
2025-01-01 02:17:02,NODE-8737,NODE-1945,SATCOM,218,1425,SUCCESS
2025-01-01 02:17:06,NODE-2723,NODE-1230,SATCOM,66,249,SUCCESS
2025-01-01 02:17:09,NODE-9179,NODE-1803,SATCOM,93,1318,SUCCESS
2025-01-01 02:17:13,NODE-1664,NODE-9741,RF,163,484,SUCCESS
2025-01-01 02:17:16,NODE-9826,NODE-7762,SATCOM,134,1395,SUCCESS
2025-01-01 02:17:20,NODE-4038,NODE-7201,FIBER,113,287,SUCCESS
2025-01-01 02:17:23,NODE-6267,NODE-7808,SATCOM,189,1408,SUCCESS
2025-01-01 02:17:25,NODE-9015,NODE-4790,SATCOM,243,797,SUCCESS
2025-01-01 02:17:27,NODE-2158,NODE-1436,SATCOM,223,859,SUCCESS
2025-01-01 02:17:30,NODE-2799,NODE-2637,FIBER,1137,1100,DELAY
2025-01-01 02:17:34,NODE-3039,NODE-8921,FIBER,113,1244,SUCCESS
2025-01-01 02:17:38,NODE-3500,NODE-2395,SATCOM,2382,6461,FAIL
2025-01-01 02:17:41,NODE-1070,NODE-9637,RF,109,213,SUCCESS
2025-01-01 02:17:44,NODE-9961,NODE-3629,FIBER,226,582,SUCCESS
2025-01-01 02:17:45,NODE-7934,NODE-9833,FIBER,139,1039,SUCCESS
2025-01-01 02:17:48,NODE-4291,NODE-8746,SATCOM,1256,517,DELAY
2025-01-01 02:17:51,NODE-9486,NODE-6920,FIBER,237,598,SUCCESS
2025-01-01 02:17:55,NODE-2455,NODE-9566,RF,179,1044,SUCCESS
2025-01-01 02:17:59,NODE-6351,NODE-7888,RF,182,284,SUCCESS
2025-01-01 02:18:03,NODE-9591,NODE-7774,RF,218,1271,SUCCESS
2025-01-01 02:18:07,NODE-5849,NODE-5556,SATCOM,183,1382,SUCCESS
2025-01-01 02:18:11,NODE-4415,NODE-9181,FIBER,98,1369,SUCCESS
2025-01-01 02:18:12,NODE-9550,NODE-3019,SATCOM,205,1320,SUCCESS
2025-01-01 02:18:13,NODE-8134,NODE-9895,FIBER,1855,6197,FAIL
2025-01-01 02:18:14,NODE-2511,NODE-8543,SATCOM,57,1370,SUCCESS
2025-01-01 02:18:18,NODE-3929,NODE-2530,SATCOM,234,1472,SUCCESS
2025-01-01 02:18:19,NODE-7612,NODE-3851,RF,155,1304,SUCCESS
2025-01-01 02:18:21,NODE-2339,NODE-3702,SATCOM,250,203,SUCCESS
2025-01-01 02:18:24,NODE-8764,NODE-3125,RF,153,1345,SUCCESS
2025-01-01 02:18:27,NODE-8820,NODE-3073,RF,2052,3598,FAIL
2025-01-01 02:18:28,NODE-3795,NODE-5896,FIBER,49,608,SUCCESS
2025-01-01 02:18:29,NODE-1514,NODE-4962,SATCOM,138,255,SUCCESS
2025-01-01 02:18:33,NODE-2220,NODE-9807,FIBER,241,1105,SUCCESS
2025-01-01 02:18:36,NODE-2100,NODE-6925,RF,101,1361,SUCCESS
2025-01-01 02:18:39,NODE-2334,NODE-5293,SATCOM,2633,5782,FAIL
2025-01-01 02:18:42,NODE-3809,NODE-4622,FIBER,45,1318,SUCCESS
2025-01-01 02:18:43,NODE-6461,NODE-8003,FIBER,132,376,SUCCESS
2025-01-01 02:18:45,NODE-9958,NODE-9471,SATCOM,1841,3896,FAIL
2025-01-01 02:18:48,NODE-3314,NODE-6818,SATCOM,109,713,SUCCESS
2025-01-01 02:18:52,NODE-1166,NODE-5768,SATCOM,218,888,SUCCESS
2025-01-01 02:18:55,NODE-3554,NODE-5177,SATCOM,204,275,SUCCESS
2025-01-01 02:18:58,NODE-6894,NODE-2401,RF,1183,554,DELAY
2025-01-01 02:18:59,NODE-3455,NODE-7927,FIBER,151,1243,SUCCESS
2025-01-01 02:19:01,NODE-9949,NODE-3454,FIBER,1185,1049,DELAY
2025-01-01 02:19:02,NODE-6596,NODE-5065,SATCOM,111,1377,SUCCESS
2025-01-01 02:19:03,NODE-1218,NODE-5349,SATCOM,1016,953,DELAY
2025-01-01 02:19:06,NODE-5719,NODE-3559,SATCOM,139,1315,SUCCESS
2025-01-01 02:19:10,NODE-7690,NODE-7029,RF,1021,1313,DELAY
2025-01-01 02:19:14,NODE-3196,NODE-1894,FIBER,219,1014,SUCCESS
2025-01-01 02:19:15,NODE-1201,NODE-7093,SATCOM,209,342,SUCCESS
2025-01-01 02:19:17,NODE-6103,NODE-7974,SATCOM,82,213,SUCCESS
2025-01-01 02:19:21,NODE-2593,NODE-2143,FIBER,72,300,SUCCESS
2025-01-01 02:19:23,NODE-5978,NODE-3432,RF,119,1112,SUCCESS
2025-01-01 02:19:24,NODE-7979,NODE-6567,SATCOM,66,972,SUCCESS
2025-01-01 02:19:25,NODE-1361,NODE-7650,SATCOM,94,1024,SUCCESS
2025-01-01 02:19:29,NODE-9142,NODE-7920,RF,59,815,SUCCESS
2025-01-01 02:19:31,NODE-5440,NODE-4354,FIBER,1470,857,DELAY
2025-01-01 02:19:33,NODE-2588,NODE-9458,FIBER,1471,252,DELAY
2025-01-01 02:19:35,NODE-7733,NODE-8321,RF,62,1473,SUCCESS
2025-01-01 02:19:36,NODE-4328,NODE-3023,SATCOM,153,578,SUCCESS
2025-01-01 02:19:40,NODE-5458,NODE-7425,RF,123,1289,SUCCESS
2025-01-01 02:19:42,NODE-5552,NODE-5105,RF,47,1168,SUCCESS
2025-01-01 02:19:45,NODE-3919,NODE-6985,SATCOM,135,751,SUCCESS
2025-01-01 02:19:46,NODE-3572,NODE-3958,SATCOM,160,408,SUCCESS
2025-01-01 02:19:48,NODE-6049,NODE-5050,FIBER,163,1324,SUCCESS
2025-01-01 02:19:50,NODE-2543,NODE-7002,FIBER,78,700,SUCCESS
2025-01-01 02:19:53,NODE-1569,NODE-4335,FIBER,116,617,SUCCESS
2025-01-01 02:19:56,NODE-3696,NODE-8169,FIBER,55,361,SUCCESS
2025-01-01 02:19:59,NODE-7647,NODE-8821,FIBER,204,372,SUCCESS
2025-01-01 02:20:00,NODE-8082,NODE-1312,RF,241,1328,SUCCESS
2025-01-01 02:20:02,NODE-8292,NODE-4121,FIBER,221,425,SUCCESS
2025-01-01 02:20:06,NODE-7542,NODE-1126,SATCOM,119,1107,SUCCESS
2025-01-01 02:20:10,NODE-9228,NODE-1354,FIBER,188,1050,SUCCESS
2025-01-01 02:20:14,NODE-8083,NODE-9149,FIBER,71,738,SUCCESS
2025-01-01 02:20:17,NODE-6553,NODE-3352,RF,3044,4183,FAIL
2025-01-01 02:20:20,NODE-8029,NODE-8350,RF,105,554,SUCCESS
2025-01-01 02:20:21,NODE-9138,NODE-5924,FIBER,1142,1342,DELAY
2025-01-01 02:20:25,NODE-3050,NODE-3097,RF,217,936,SUCCESS
2025-01-01 02:20:27,NODE-5751,NODE-8198,RF,71,1362,SUCCESS
2025-01-01 02:20:30,NODE-5480,NODE-2476,FIBER,1387,541,DELAY
2025-01-01 02:20:34,NODE-8417,NODE-6359,FIBER,101,440,SUCCESS
2025-01-01 02:20:38,NODE-3488,NODE-8825,SATCOM,208,527,SUCCESS
2025-01-01 02:20:40,NODE-4871,NODE-8814,RF,230,1143,SUCCESS
2025-01-01 02:20:43,NODE-3083,NODE-5901,RF,56,1475,SUCCESS
2025-01-01 02:20:45,NODE-3634,NODE-4001,SATCOM,79,1170,SUCCESS
2025-01-01 02:20:48,NODE-3640,NODE-8860,SATCOM,63,353,SUCCESS
2025-01-01 02:20:52,NODE-8929,NODE-4815,FIBER,44,1309,SUCCESS
2025-01-01 02:20:53,NODE-5408,NODE-7684,SATCOM,132,316,SUCCESS
2025-01-01 02:20:57,NODE-4310,NODE-2293,RF,206,660,SUCCESS
2025-01-01 02:20:58,NODE-7286,NODE-1616,SATCOM,67,682,SUCCESS
2025-01-01 02:21:01,NODE-1582,NODE-2635,RF,1222,1492,DELAY
2025-01-01 02:21:03,NODE-3532,NODE-9772,RF,129,1455,SUCCESS
2025-01-01 02:21:05,NODE-3600,NODE-4195,RF,159,837,SUCCESS
2025-01-01 02:21:09,NODE-2829,NODE-2993,SATCOM,45,1344,SUCCESS
2025-01-01 02:21:11,NODE-7131,NODE-5751,FIBER,201,1165,SUCCESS
2025-01-01 02:21:12,NODE-3428,NODE-4993,SATCOM,2755,4968,FAIL
2025-01-01 02:21:15,NODE-2050,NODE-6958,SATCOM,45,529,SUCCESS
2025-01-01 02:21:18,NODE-4649,NODE-2750,FIBER,190,935,SUCCESS
2025-01-01 02:21:20,NODE-7488,NODE-1138,RF,60,303,SUCCESS
2025-01-01 02:21:24,NODE-5320,NODE-6937,FIBER,179,479,SUCCESS
2025-01-01 02:21:26,NODE-1850,NODE-3691,RF,53,793,SUCCESS
2025-01-01 02:21:30,NODE-8037,NODE-6075,FIBER,83,788,SUCCESS
2025-01-01 02:21:33,NODE-7360,NODE-8073,RF,120,238,SUCCESS
2025-01-01 02:21:37,NODE-2276,NODE-1647,SATCOM,152,1232,SUCCESS
2025-01-01 02:21:38,NODE-4690,NODE-3879,FIBER,166,936,SUCCESS
2025-01-01 02:21:40,NODE-5997,NODE-3871,SATCOM,77,666,SUCCESS
2025-01-01 02:21:42,NODE-5837,NODE-6250,FIBER,182,970,SUCCESS
2025-01-01 02:21:46,NODE-1389,NODE-4189,SATCOM,42,1460,SUCCESS
2025-01-01 02:21:50,NODE-8841,NODE-6380,SATCOM,88,1393,SUCCESS
2025-01-01 02:21:51,NODE-7718,NODE-9185,RF,3036,6784,FAIL
2025-01-01 02:21:52,NODE-4099,NODE-2794,RF,136,436,SUCCESS
2025-01-01 02:21:53,NODE-9454,NODE-6532,SATCOM,215,285,SUCCESS
2025-01-01 02:21:55,NODE-3499,NODE-9780,RF,1032,575,DELAY
2025-01-01 02:21:59,NODE-4818,NODE-1537,SATCOM,158,730,SUCCESS
2025-01-01 02:22:03,NODE-3900,NODE-8466,FIBER,225,518,SUCCESS
2025-01-01 02:22:04,NODE-3961,NODE-4345,SATCOM,95,1145,SUCCESS
2025-01-01 02:22:07,NODE-9261,NODE-3970,RF,248,1499,SUCCESS
2025-01-01 02:22:10,NODE-2431,NODE-2125,RF,223,1144,SUCCESS
2025-01-01 02:22:14,NODE-7184,NODE-4640,RF,191,823,SUCCESS
2025-01-01 02:22:17,NODE-2892,NODE-6784,RF,158,1166,SUCCESS
2025-01-01 02:22:20,NODE-3902,NODE-8233,RF,185,990,SUCCESS
2025-01-01 02:22:24,NODE-1037,NODE-9846,FIBER,244,1414,SUCCESS
2025-01-01 02:22:27,NODE-8396,NODE-8577,FIBER,74,1289,SUCCESS
2025-01-01 02:22:30,NODE-3519,NODE-3472,RF,1031,247,DELAY
2025-01-01 02:22:32,NODE-4518,NODE-4976,RF,223,953,SUCCESS
2025-01-01 02:22:35,NODE-8908,NODE-8813,SATCOM,216,1353,SUCCESS
2025-01-01 02:22:38,NODE-4954,NODE-2000,SATCOM,925,1482,DELAY
2025-01-01 02:22:39,NODE-4419,NODE-1597,FIBER,108,596,SUCCESS
2025-01-01 02:22:42,NODE-2834,NODE-1029,SATCOM,247,822,SUCCESS
2025-01-01 02:22:44,NODE-3988,NODE-8237,RF,225,451,SUCCESS
2025-01-01 02:22:48,NODE-4901,NODE-3962,SATCOM,247,1441,SUCCESS
2025-01-01 02:22:49,NODE-8335,NODE-3708,SATCOM,140,736,SUCCESS
2025-01-01 02:22:52,NODE-3184,NODE-9880,RF,226,694,SUCCESS
2025-01-01 02:22:55,NODE-6680,NODE-5143,FIBER,99,1219,SUCCESS
2025-01-01 02:22:59,NODE-1457,NODE-8744,SATCOM,3086,3785,FAIL
2025-01-01 02:23:00,NODE-1204,NODE-5791,SATCOM,228,926,SUCCESS
2025-01-01 02:23:04,NODE-1315,NODE-8548,FIBER,66,710,SUCCESS
2025-01-01 02:23:07,NODE-4737,NODE-3994,SATCOM,152,810,SUCCESS
2025-01-01 02:23:10,NODE-5903,NODE-4887,RF,85,752,SUCCESS
2025-01-01 02:23:11,NODE-4662,NODE-1360,RF,135,634,SUCCESS
2025-01-01 02:23:15,NODE-6368,NODE-5697,FIBER,164,1447,SUCCESS
2025-01-01 02:23:16,NODE-4022,NODE-4434,RF,220,311,SUCCESS
2025-01-01 02:23:20,NODE-8024,NODE-6073,FIBER,993,1340,DELAY
2025-01-01 02:23:24,NODE-1453,NODE-5244,FIBER,143,1223,SUCCESS
2025-01-01 02:23:27,NODE-1420,NODE-6108,RF,222,915,SUCCESS
2025-01-01 02:23:29,NODE-9039,NODE-3531,FIBER,79,266,SUCCESS
2025-01-01 02:23:30,NODE-6384,NODE-6971,RF,133,464,SUCCESS
2025-01-01 02:23:32,NODE-9890,NODE-9318,FIBER,125,1431,SUCCESS
2025-01-01 02:23:36,NODE-1369,NODE-4887,RF,107,935,SUCCESS
2025-01-01 02:23:37,NODE-5934,NODE-3757,FIBER,157,433,SUCCESS
2025-01-01 02:23:38,NODE-1205,NODE-9652,FIBER,1508,246,DELAY
2025-01-01 02:23:41,NODE-8511,NODE-2107,SATCOM,131,960,SUCCESS
2025-01-01 02:23:44,NODE-7642,NODE-1036,SATCOM,98,1069,SUCCESS
2025-01-01 02:23:46,NODE-3963,NODE-3713,FIBER,1248,828,DELAY
2025-01-01 02:23:49,NODE-3668,NODE-1980,FIBER,145,355,SUCCESS
2025-01-01 02:23:51,NODE-2445,NODE-8158,FIBER,100,1161,SUCCESS
2025-01-01 02:23:54,NODE-4246,NODE-6298,RF,186,1036,SUCCESS
2025-01-01 02:23:57,NODE-3443,NODE-7673,RF,231,762,SUCCESS
2025-01-01 02:23:59,NODE-7691,NODE-1636,FIBER,92,763,SUCCESS
2025-01-01 02:24:01,NODE-6676,NODE-9367,RF,41,1102,SUCCESS
2025-01-01 02:24:04,NODE-7028,NODE-2524,RF,241,684,SUCCESS
2025-01-01 02:24:05,NODE-6443,NODE-3388,SATCOM,127,1247,SUCCESS
2025-01-01 02:24:08,NODE-6452,NODE-2958,SATCOM,851,1486,DELAY
2025-01-01 02:24:12,NODE-8757,NODE-1145,SATCOM,86,778,SUCCESS
2025-01-01 02:24:15,NODE-5354,NODE-5255,FIBER,110,553,SUCCESS
2025-01-01 02:24:18,NODE-7702,NODE-2900,FIBER,97,1332,SUCCESS
2025-01-01 02:24:21,NODE-4394,NODE-4693,SATCOM,216,1156,SUCCESS
2025-01-01 02:24:23,NODE-5205,NODE-4197,FIBER,41,1489,SUCCESS
2025-01-01 02:24:24,NODE-8844,NODE-3253,FIBER,157,1428,SUCCESS
2025-01-01 02:24:28,NODE-1480,NODE-7969,FIBER,117,604,SUCCESS
2025-01-01 02:24:30,NODE-2675,NODE-6480,FIBER,158,369,SUCCESS
2025-01-01 02:24:32,NODE-1485,NODE-4126,SATCOM,236,851,SUCCESS
2025-01-01 02:24:34,NODE-8678,NODE-2527,FIBER,101,245,SUCCESS
2025-01-01 02:24:36,NODE-5067,NODE-3286,SATCOM,249,1332,SUCCESS
2025-01-01 02:24:40,NODE-1021,NODE-2308,SATCOM,832,1008,DELAY
2025-01-01 02:24:42,NODE-1215,NODE-3675,RF,155,933,SUCCESS
2025-01-01 02:24:44,NODE-7981,NODE-1371,RF,45,1275,SUCCESS
2025-01-01 02:24:48,NODE-5477,NODE-9221,FIBER,246,630,SUCCESS
2025-01-01 02:24:51,NODE-3605,NODE-9303,SATCOM,57,1485,SUCCESS
2025-01-01 02:24:53,NODE-9367,NODE-7237,SATCOM,61,1475,SUCCESS
2025-01-01 02:24:54,NODE-9435,NODE-9052,FIBER,250,1389,SUCCESS
2025-01-01 02:24:56,NODE-5177,NODE-7024,FIBER,54,809,SUCCESS
2025-01-01 02:24:59,NODE-5478,NODE-1181,RF,1401,296,DELAY
2025-01-01 02:25:01,NODE-3279,NODE-4711,RF,135,1067,SUCCESS
2025-01-01 02:25:02,NODE-8938,NODE-7344,SATCOM,56,604,SUCCESS
2025-01-01 02:25:03,NODE-7602,NODE-2114,SATCOM,173,1375,SUCCESS
2025-01-01 02:25:06,NODE-8440,NODE-5058,FIBER,140,729,SUCCESS
2025-01-01 02:25:09,NODE-2120,NODE-5693,FIBER,131,671,SUCCESS
2025-01-01 02:25:12,NODE-1547,NODE-9294,SATCOM,133,1091,SUCCESS
2025-01-01 02:25:16,NODE-2331,NODE-4361,FIBER,205,908,SUCCESS
2025-01-01 02:25:19,NODE-2740,NODE-1523,SATCOM,225,718,SUCCESS
2025-01-01 02:25:21,NODE-4006,NODE-8370,FIBER,157,750,SUCCESS
2025-01-01 02:25:23,NODE-7780,NODE-6273,FIBER,220,903,SUCCESS
2025-01-01 02:25:26,NODE-6059,NODE-6942,SATCOM,98,706,SUCCESS
2025-01-01 02:25:28,NODE-8364,NODE-4554,RF,48,636,SUCCESS
2025-01-01 02:25:29,NODE-2632,NODE-4702,RF,133,562,SUCCESS
2025-01-01 02:25:33,NODE-9903,NODE-8805,SATCOM,239,692,SUCCESS
2025-01-01 02:25:37,NODE-6616,NODE-2465,SATCOM,164,930,SUCCESS
2025-01-01 02:25:41,NODE-7674,NODE-6023,RF,60,1157,SUCCESS
2025-01-01 02:25:44,NODE-7280,NODE-6490,FIBER,146,591,SUCCESS
2025-01-01 02:25:48,NODE-3155,NODE-2034,SATCOM,192,1469,SUCCESS
2025-01-01 02:25:51,NODE-7835,NODE-3180,FIBER,163,1434,SUCCESS
2025-01-01 02:25:55,NODE-3731,NODE-7772,FIBER,113,1012,SUCCESS
2025-01-01 02:25:57,NODE-5424,NODE-3716,RF,248,925,SUCCESS
2025-01-01 02:26:01,NODE-6952,NODE-3092,SATCOM,110,714,SUCCESS
2025-01-01 02:26:03,NODE-2565,NODE-6219,FIBER,144,1265,SUCCESS
2025-01-01 02:26:07,NODE-8630,NODE-6435,SATCOM,68,963,SUCCESS
2025-01-01 02:26:10,NODE-7530,NODE-5693,RF,55,959,SUCCESS
2025-01-01 02:26:14,NODE-4688,NODE-7008,FIBER,94,609,SUCCESS
2025-01-01 02:26:18,NODE-1932,NODE-2328,SATCOM,227,1228,SUCCESS
2025-01-01 02:26:22,NODE-4824,NODE-5838,RF,241,280,SUCCESS
2025-01-01 02:26:23,NODE-3729,NODE-9148,SATCOM,1072,911,DELAY
2025-01-01 02:26:26,NODE-5674,NODE-6122,FIBER,79,305,SUCCESS
2025-01-01 02:26:27,NODE-4607,NODE-8545,RF,188,262,SUCCESS
2025-01-01 02:26:28,NODE-7613,NODE-9982,RF,2886,3556,FAIL
2025-01-01 02:26:31,NODE-1907,NODE-4624,FIBER,115,209,SUCCESS
2025-01-01 02:26:33,NODE-5142,NODE-2421,SATCOM,164,1205,SUCCESS
2025-01-01 02:26:36,NODE-1919,NODE-5032,SATCOM,119,216,SUCCESS
2025-01-01 02:26:38,NODE-9913,NODE-3851,FIBER,147,923,SUCCESS
2025-01-01 02:26:41,NODE-6699,NODE-1384,SATCOM,215,544,SUCCESS
2025-01-01 02:26:45,NODE-9997,NODE-4392,SATCOM,127,1248,SUCCESS
2025-01-01 02:26:46,NODE-5228,NODE-4075,SATCOM,167,714,SUCCESS
2025-01-01 02:26:47,NODE-5442,NODE-8965,FIBER,87,735,SUCCESS
2025-01-01 02:26:51,NODE-7075,NODE-8157,SATCOM,1425,1132,DELAY
2025-01-01 02:26:54,NODE-4588,NODE-2787,SATCOM,96,1465,SUCCESS
2025-01-01 02:26:56,NODE-8458,NODE-2854,RF,805,1484,DELAY
2025-01-01 02:27:00,NODE-8203,NODE-1693,FIBER,130,316,SUCCESS
2025-01-01 02:27:01,NODE-4684,NODE-9776,SATCOM,43,1033,SUCCESS
2025-01-01 02:27:05,NODE-3242,NODE-1045,RF,2395,6811,FAIL
2025-01-01 02:27:09,NODE-4076,NODE-5554,RF,91,1100,SUCCESS
2025-01-01 02:27:11,NODE-1931,NODE-5090,RF,99,569,SUCCESS
2025-01-01 02:27:12,NODE-9165,NODE-1431,SATCOM,167,1088,SUCCESS
2025-01-01 02:27:14,NODE-5870,NODE-2238,FIBER,193,792,SUCCESS
2025-01-01 02:27:18,NODE-8817,NODE-8006,SATCOM,237,566,SUCCESS
2025-01-01 02:27:21,NODE-6991,NODE-9236,FIBER,58,1006,SUCCESS
2025-01-01 02:27:23,NODE-4512,NODE-6141,SATCOM,227,1497,SUCCESS
2025-01-01 02:27:24,NODE-2611,NODE-1908,SATCOM,207,1018,SUCCESS
2025-01-01 02:27:27,NODE-2685,NODE-3817,SATCOM,129,663,SUCCESS
2025-01-01 02:27:29,NODE-7195,NODE-9452,SATCOM,59,1416,SUCCESS
2025-01-01 02:27:30,NODE-1811,NODE-2261,FIBER,228,613,SUCCESS
2025-01-01 02:27:34,NODE-7544,NODE-4882,FIBER,983,215,DELAY
2025-01-01 02:27:38,NODE-9742,NODE-2291,RF,2556,3346,FAIL
2025-01-01 02:27:41,NODE-6721,NODE-2207,FIBER,54,1100,SUCCESS
2025-01-01 02:27:43,NODE-1973,NODE-3965,FIBER,144,931,SUCCESS
2025-01-01 02:27:46,NODE-5117,NODE-3424,RF,848,1317,DELAY
2025-01-01 02:27:47,NODE-1057,NODE-6583,SATCOM,194,687,SUCCESS
2025-01-01 02:27:48,NODE-9167,NODE-4724,RF,140,944,SUCCESS
2025-01-01 02:27:52,NODE-4514,NODE-8073,RF,136,795,SUCCESS
2025-01-01 02:27:56,NODE-2934,NODE-5900,FIBER,201,1426,SUCCESS
2025-01-01 02:28:00,NODE-4826,NODE-9425,FIBER,1094,782,DELAY
2025-01-01 02:28:02,NODE-4091,NODE-6184,FIBER,104,490,SUCCESS
2025-01-01 02:28:03,NODE-2176,NODE-2139,RF,100,1377,SUCCESS
2025-01-01 02:28:06,NODE-1744,NODE-1854,FIBER,3140,6906,FAIL
2025-01-01 02:28:09,NODE-7674,NODE-3249,FIBER,146,718,SUCCESS
2025-01-01 02:28:13,NODE-7669,NODE-9038,SATCOM,245,1235,SUCCESS
2025-01-01 02:28:16,NODE-5426,NODE-4004,FIBER,182,965,SUCCESS
2025-01-01 02:28:17,NODE-3678,NODE-7526,FIBER,1805,5314,FAIL
2025-01-01 02:28:18,NODE-2678,NODE-9987,RF,119,440,SUCCESS
2025-01-01 02:28:22,NODE-5760,NODE-1124,FIBER,209,251,SUCCESS
2025-01-01 02:28:23,NODE-4745,NODE-2021,RF,189,751,SUCCESS
2025-01-01 02:28:26,NODE-5436,NODE-4934,SATCOM,247,202,SUCCESS
2025-01-01 02:28:27,NODE-9946,NODE-5067,FIBER,46,1021,SUCCESS
2025-01-01 02:28:30,NODE-6140,NODE-8937,FIBER,66,1421,SUCCESS
2025-01-01 02:28:32,NODE-8662,NODE-6418,RF,1326,529,DELAY
2025-01-01 02:28:34,NODE-7003,NODE-2036,FIBER,174,1266,SUCCESS
2025-01-01 02:28:37,NODE-3400,NODE-4136,FIBER,108,1193,SUCCESS
2025-01-01 02:28:40,NODE-8069,NODE-4292,SATCOM,170,371,SUCCESS
2025-01-01 02:28:42,NODE-4169,NODE-6619,SATCOM,153,948,SUCCESS
2025-01-01 02:28:46,NODE-3609,NODE-6560,FIBER,1025,600,DELAY
2025-01-01 02:28:48,NODE-3521,NODE-7821,SATCOM,170,422,SUCCESS
2025-01-01 02:28:51,NODE-9903,NODE-8443,FIBER,198,1127,SUCCESS
2025-01-01 02:28:53,NODE-8332,NODE-2093,FIBER,125,632,SUCCESS
2025-01-01 02:28:55,NODE-3710,NODE-9455,RF,173,780,SUCCESS
2025-01-01 02:28:57,NODE-3091,NODE-1726,RF,2433,6102,FAIL
2025-01-01 02:28:58,NODE-3984,NODE-9473,RF,211,587,SUCCESS
2025-01-01 02:29:02,NODE-8390,NODE-2649,FIBER,57,1285,SUCCESS
2025-01-01 02:29:06,NODE-5811,NODE-2181,RF,100,1425,SUCCESS
2025-01-01 02:29:09,NODE-6910,NODE-9186,RF,83,883,SUCCESS
2025-01-01 02:29:12,NODE-7065,NODE-3941,FIBER,168,797,SUCCESS
2025-01-01 02:29:13,NODE-7720,NODE-4469,FIBER,110,206,SUCCESS
2025-01-01 02:29:16,NODE-6861,NODE-4708,SATCOM,154,310,SUCCESS
2025-01-01 02:29:20,NODE-8962,NODE-6927,SATCOM,1365,1048,DELAY
2025-01-01 02:29:24,NODE-8396,NODE-8701,FIBER,53,811,SUCCESS
2025-01-01 02:29:27,NODE-3220,NODE-8812,SATCOM,226,956,SUCCESS
2025-01-01 02:29:31,NODE-9768,NODE-6118,SATCOM,97,1077,SUCCESS
2025-01-01 02:29:33,NODE-9957,NODE-3234,SATCOM,103,1336,SUCCESS
2025-01-01 02:29:34,NODE-5025,NODE-9881,FIBER,46,511,SUCCESS
2025-01-01 02:29:37,NODE-7788,NODE-6631,FIBER,2580,4234,FAIL
2025-01-01 02:29:41,NODE-5055,NODE-5023,SATCOM,77,413,SUCCESS
2025-01-01 02:29:42,NODE-5885,NODE-2476,RF,181,1215,SUCCESS
2025-01-01 02:29:43,NODE-7574,NODE-9538,FIBER,45,1488,SUCCESS
2025-01-01 02:29:45,NODE-3075,NODE-9736,RF,180,1460,SUCCESS
2025-01-01 02:29:49,NODE-6421,NODE-2611,SATCOM,67,286,SUCCESS
2025-01-01 02:29:52,NODE-2932,NODE-7417,FIBER,227,693,SUCCESS
2025-01-01 02:29:53,NODE-8504,NODE-4791,FIBER,129,1316,SUCCESS
2025-01-01 02:29:54,NODE-8593,NODE-4149,SATCOM,181,717,SUCCESS
2025-01-01 02:29:57,NODE-6143,NODE-9064,FIBER,223,1064,SUCCESS
2025-01-01 02:30:01,NODE-3089,NODE-7599,FIBER,214,657,SUCCESS
2025-01-01 02:30:04,NODE-5834,NODE-1976,SATCOM,225,1299,SUCCESS
2025-01-01 02:30:05,NODE-1406,NODE-7914,RF,184,1443,SUCCESS
2025-01-01 02:30:08,NODE-5855,NODE-6708,FIBER,237,676,SUCCESS
2025-01-01 02:30:12,NODE-4250,NODE-1114,SATCOM,243,490,SUCCESS
2025-01-01 02:30:14,NODE-5453,NODE-1257,RF,249,947,SUCCESS
2025-01-01 02:30:17,NODE-2789,NODE-7131,SATCOM,1207,1476,DELAY
2025-01-01 02:30:18,NODE-1452,NODE-6791,SATCOM,71,1001,SUCCESS
2025-01-01 02:30:21,NODE-6813,NODE-7430,FIBER,88,421,SUCCESS
2025-01-01 02:30:23,NODE-3817,NODE-7265,FIBER,227,978,SUCCESS
2025-01-01 02:30:24,NODE-8303,NODE-2702,FIBER,170,821,SUCCESS
2025-01-01 02:30:27,NODE-2642,NODE-1268,RF,89,1341,SUCCESS
2025-01-01 02:30:30,NODE-2876,NODE-3061,SATCOM,181,332,SUCCESS
2025-01-01 02:30:31,NODE-4525,NODE-6964,RF,227,973,SUCCESS
2025-01-01 02:30:32,NODE-8438,NODE-5440,SATCOM,178,775,SUCCESS
2025-01-01 02:30:36,NODE-6464,NODE-3166,RF,173,1378,SUCCESS
2025-01-01 02:30:37,NODE-6618,NODE-5633,FIBER,80,1245,SUCCESS
2025-01-01 02:30:38,NODE-2761,NODE-2115,RF,170,1167,SUCCESS
2025-01-01 02:30:41,NODE-3506,NODE-6917,RF,818,746,DELAY
2025-01-01 02:30:42,NODE-1807,NODE-4500,RF,53,415,SUCCESS
2025-01-01 02:30:45,NODE-1382,NODE-1679,FIBER,167,520,SUCCESS
2025-01-01 02:30:48,NODE-9024,NODE-4019,RF,217,1413,SUCCESS
2025-01-01 02:30:51,NODE-3752,NODE-1591,FIBER,170,1421,SUCCESS
2025-01-01 02:30:53,NODE-4986,NODE-4539,SATCOM,99,477,SUCCESS
2025-01-01 02:30:56,NODE-7489,NODE-6698,SATCOM,242,712,SUCCESS
2025-01-01 02:30:57,NODE-5528,NODE-8135,SATCOM,202,967,SUCCESS
2025-01-01 02:30:59,NODE-7175,NODE-8390,RF,168,1395,SUCCESS
2025-01-01 02:31:02,NODE-5631,NODE-6919,FIBER,167,596,SUCCESS
2025-01-01 02:31:06,NODE-8038,NODE-2998,SATCOM,175,1187,SUCCESS
2025-01-01 02:31:07,NODE-1629,NODE-4173,RF,236,750,SUCCESS
2025-01-01 02:31:09,NODE-9325,NODE-5888,SATCOM,134,319,SUCCESS
2025-01-01 02:31:12,NODE-4663,NODE-6833,RF,221,328,SUCCESS
2025-01-01 02:31:14,NODE-7063,NODE-2709,RF,77,1337,SUCCESS
2025-01-01 02:31:15,NODE-6477,NODE-1844,FIBER,131,790,SUCCESS
2025-01-01 02:31:19,NODE-9926,NODE-5904,RF,59,1039,SUCCESS
2025-01-01 02:31:22,NODE-5882,NODE-9583,FIBER,54,733,SUCCESS
2025-01-01 02:31:24,NODE-5688,NODE-2104,FIBER,99,280,SUCCESS
2025-01-01 02:31:25,NODE-1773,NODE-7916,FIBER,169,1436,SUCCESS
2025-01-01 02:31:26,NODE-8032,NODE-5806,SATCOM,186,226,SUCCESS
2025-01-01 02:31:29,NODE-6706,NODE-2217,FIBER,232,1410,SUCCESS
2025-01-01 02:31:31,NODE-2163,NODE-8698,RF,1237,288,DELAY
2025-01-01 02:31:33,NODE-9074,NODE-3247,FIBER,231,1093,SUCCESS
2025-01-01 02:31:36,NODE-5925,NODE-2472,RF,88,1064,SUCCESS
2025-01-01 02:31:40,NODE-3585,NODE-9251,RF,220,631,SUCCESS
2025-01-01 02:31:42,NODE-1136,NODE-2035,SATCOM,180,271,SUCCESS
2025-01-01 02:31:45,NODE-1593,NODE-8477,FIBER,159,580,SUCCESS
2025-01-01 02:31:48,NODE-6782,NODE-6840,SATCOM,2969,4228,FAIL
2025-01-01 02:31:50,NODE-4884,NODE-8320,SATCOM,1018,1121,DELAY
2025-01-01 02:31:53,NODE-1195,NODE-2229,SATCOM,240,396,SUCCESS
2025-01-01 02:31:56,NODE-8298,NODE-2109,FIBER,128,787,SUCCESS
2025-01-01 02:31:59,NODE-6842,NODE-2820,FIBER,193,1200,SUCCESS
2025-01-01 02:32:02,NODE-4259,NODE-7565,SATCOM,108,668,SUCCESS
2025-01-01 02:32:05,NODE-4491,NODE-2665,FIBER,2723,6806,FAIL
2025-01-01 02:32:07,NODE-2259,NODE-6001,RF,234,200,SUCCESS
2025-01-01 02:32:10,NODE-5288,NODE-2423,SATCOM,173,803,SUCCESS
2025-01-01 02:32:13,NODE-6211,NODE-6369,FIBER,120,411,SUCCESS
2025-01-01 02:32:17,NODE-5851,NODE-6024,RF,190,242,SUCCESS
2025-01-01 02:32:18,NODE-4290,NODE-4173,RF,176,1466,SUCCESS
2025-01-01 02:32:22,NODE-6021,NODE-2084,FIBER,76,454,SUCCESS
2025-01-01 02:32:23,NODE-4903,NODE-7216,RF,137,714,SUCCESS
2025-01-01 02:32:24,NODE-3032,NODE-4720,SATCOM,169,1265,SUCCESS
2025-01-01 02:32:25,NODE-4103,NODE-5714,RF,234,942,SUCCESS
2025-01-01 02:32:29,NODE-8457,NODE-7769,RF,189,787,SUCCESS
2025-01-01 02:32:33,NODE-2367,NODE-7020,RF,205,1196,SUCCESS
2025-01-01 02:32:37,NODE-2607,NODE-4571,FIBER,219,1322,SUCCESS
2025-01-01 02:32:39,NODE-9443,NODE-1974,FIBER,1214,1317,DELAY
2025-01-01 02:32:42,NODE-1443,NODE-3254,SATCOM,111,711,SUCCESS
2025-01-01 02:32:45,NODE-7499,NODE-2625,RF,809,878,DELAY
2025-01-01 02:32:49,NODE-1452,NODE-9357,RF,94,1472,SUCCESS
2025-01-01 02:32:52,NODE-6701,NODE-4711,RF,1521,1041,DELAY
2025-01-01 02:32:53,NODE-9322,NODE-2101,SATCOM,205,291,SUCCESS
2025-01-01 02:32:54,NODE-1382,NODE-8569,RF,127,1181,SUCCESS
2025-01-01 02:32:58,NODE-6386,NODE-6885,RF,231,511,SUCCESS
2025-01-01 02:33:01,NODE-3478,NODE-5618,FIBER,804,1228,DELAY
2025-01-01 02:33:04,NODE-6722,NODE-8525,SATCOM,249,952,SUCCESS
2025-01-01 02:33:05,NODE-3957,NODE-3048,SATCOM,1373,744,DELAY
2025-01-01 02:33:09,NODE-1873,NODE-5669,FIBER,58,731,SUCCESS
2025-01-01 02:33:12,NODE-3588,NODE-6995,SATCOM,89,1415,SUCCESS
2025-01-01 02:33:15,NODE-2673,NODE-2641,RF,845,1244,DELAY
2025-01-01 02:33:18,NODE-5233,NODE-5319,RF,106,530,SUCCESS
2025-01-01 02:33:19,NODE-3317,NODE-8098,FIBER,188,1404,SUCCESS
2025-01-01 02:33:21,NODE-1703,NODE-9472,FIBER,156,1249,SUCCESS
2025-01-01 02:33:25,NODE-5677,NODE-6775,FIBER,221,329,SUCCESS
2025-01-01 02:33:26,NODE-4020,NODE-4478,RF,229,991,SUCCESS
2025-01-01 02:33:27,NODE-9501,NODE-3757,FIBER,132,659,SUCCESS
2025-01-01 02:33:30,NODE-7349,NODE-1829,SATCOM,881,414,DELAY
2025-01-01 02:33:32,NODE-7181,NODE-9599,SATCOM,235,311,SUCCESS
2025-01-01 02:33:33,NODE-8704,NODE-9164,FIBER,214,317,SUCCESS
2025-01-01 02:33:36,NODE-6765,NODE-7626,FIBER,68,1366,SUCCESS
2025-01-01 02:33:37,NODE-1906,NODE-9879,RF,58,845,SUCCESS
2025-01-01 02:33:39,NODE-7017,NODE-4366,FIBER,129,1083,SUCCESS
2025-01-01 02:33:40,NODE-8216,NODE-4069,RF,50,1228,SUCCESS
2025-01-01 02:33:44,NODE-5641,NODE-7424,SATCOM,193,812,SUCCESS
2025-01-01 02:33:45,NODE-5408,NODE-7404,RF,1508,1198,DELAY
2025-01-01 02:33:47,NODE-6405,NODE-2229,RF,141,661,SUCCESS
2025-01-01 02:33:50,NODE-6668,NODE-9973,SATCOM,1332,949,DELAY
2025-01-01 02:33:54,NODE-5022,NODE-2547,FIBER,83,645,SUCCESS
2025-01-01 02:33:58,NODE-8291,NODE-4416,FIBER,963,447,DELAY
2025-01-01 02:34:00,NODE-2710,NODE-2719,RF,179,800,SUCCESS
2025-01-01 02:34:01,NODE-5217,NODE-9005,RF,144,1395,SUCCESS
2025-01-01 02:34:05,NODE-9344,NODE-5103,SATCOM,234,1314,SUCCESS
2025-01-01 02:34:07,NODE-4034,NODE-8265,SATCOM,81,769,SUCCESS
2025-01-01 02:34:11,NODE-6257,NODE-3582,RF,1285,241,DELAY
2025-01-01 02:34:15,NODE-7575,NODE-5225,FIBER,216,1402,SUCCESS
2025-01-01 02:34:17,NODE-3883,NODE-5196,SATCOM,219,740,SUCCESS
2025-01-01 02:34:20,NODE-6020,NODE-3307,RF,227,1317,SUCCESS
2025-01-01 02:34:22,NODE-2942,NODE-6122,SATCOM,1348,863,DELAY
2025-01-01 02:34:24,NODE-1787,NODE-6065,RF,157,1455,SUCCESS
2025-01-01 02:34:26,NODE-4456,NODE-4561,SATCOM,71,727,SUCCESS
2025-01-01 02:34:27,NODE-3894,NODE-8502,FIBER,83,1422,SUCCESS
2025-01-01 02:34:29,NODE-1400,NODE-6005,RF,75,582,SUCCESS
2025-01-01 02:34:31,NODE-5083,NODE-9452,RF,117,1223,SUCCESS
2025-01-01 02:34:34,NODE-5553,NODE-9240,FIBER,50,376,SUCCESS
2025-01-01 02:34:37,NODE-9499,NODE-5161,FIBER,135,209,SUCCESS
2025-01-01 02:34:40,NODE-2290,NODE-3039,FIBER,134,449,SUCCESS
2025-01-01 02:34:44,NODE-6369,NODE-2869,SATCOM,163,324,SUCCESS
2025-01-01 02:34:48,NODE-2956,NODE-1796,SATCOM,180,501,SUCCESS
2025-01-01 02:34:52,NODE-1981,NODE-7092,RF,975,798,DELAY
2025-01-01 02:34:55,NODE-3883,NODE-7745,FIBER,68,832,SUCCESS
2025-01-01 02:34:57,NODE-8409,NODE-6766,SATCOM,205,790,SUCCESS
2025-01-01 02:34:59,NODE-9832,NODE-5512,SATCOM,71,677,SUCCESS
2025-01-01 02:35:02,NODE-6198,NODE-2894,RF,169,1191,SUCCESS
2025-01-01 02:35:04,NODE-2699,NODE-5918,FIBER,132,817,SUCCESS
2025-01-01 02:35:05,NODE-5162,NODE-6468,FIBER,1552,1157,DELAY
2025-01-01 02:35:09,NODE-7604,NODE-4000,SATCOM,225,1273,SUCCESS
2025-01-01 02:35:12,NODE-2512,NODE-5931,FIBER,1249,914,DELAY
2025-01-01 02:35:15,NODE-7402,NODE-1742,RF,1492,1038,DELAY
2025-01-01 02:35:18,NODE-3206,NODE-3227,SATCOM,144,1137,SUCCESS
2025-01-01 02:35:20,NODE-1417,NODE-7942,RF,64,862,SUCCESS
2025-01-01 02:35:22,NODE-9981,NODE-1213,FIBER,208,909,SUCCESS
2025-01-01 02:35:23,NODE-4784,NODE-9694,FIBER,1182,481,DELAY
2025-01-01 02:35:27,NODE-6085,NODE-5371,RF,52,1233,SUCCESS
2025-01-01 02:35:30,NODE-5039,NODE-9129,SATCOM,65,494,SUCCESS
2025-01-01 02:35:32,NODE-8741,NODE-3688,SATCOM,62,1007,SUCCESS
2025-01-01 02:35:35,NODE-9679,NODE-9370,FIBER,216,253,SUCCESS
2025-01-01 02:35:39,NODE-8458,NODE-3126,SATCOM,69,1148,SUCCESS
2025-01-01 02:35:41,NODE-2511,NODE-2791,RF,977,878,DELAY
2025-01-01 02:35:42,NODE-6864,NODE-5233,FIBER,2376,6406,FAIL
2025-01-01 02:35:45,NODE-6157,NODE-1953,FIBER,55,522,SUCCESS
2025-01-01 02:35:46,NODE-3439,NODE-3705,RF,141,918,SUCCESS
2025-01-01 02:35:50,NODE-6186,NODE-7756,SATCOM,172,227,SUCCESS
2025-01-01 02:35:51,NODE-3916,NODE-2113,SATCOM,249,1047,SUCCESS
2025-01-01 02:35:52,NODE-7815,NODE-5068,FIBER,99,526,SUCCESS
2025-01-01 02:35:53,NODE-5049,NODE-8210,RF,250,340,SUCCESS
2025-01-01 02:35:54,NODE-9407,NODE-4119,SATCOM,247,899,SUCCESS
2025-01-01 02:35:58,NODE-1097,NODE-3025,FIBER,236,993,SUCCESS
2025-01-01 02:36:01,NODE-3471,NODE-8418,FIBER,118,342,SUCCESS
2025-01-01 02:36:04,NODE-3698,NODE-6565,RF,129,1069,SUCCESS
2025-01-01 02:36:08,NODE-6697,NODE-9812,SATCOM,153,799,SUCCESS
2025-01-01 02:36:09,NODE-2503,NODE-2508,RF,90,912,SUCCESS
2025-01-01 02:36:11,NODE-6736,NODE-5807,RF,69,532,SUCCESS
2025-01-01 02:36:15,NODE-1563,NODE-1116,SATCOM,45,849,SUCCESS
2025-01-01 02:36:17,NODE-5551,NODE-6706,SATCOM,1446,418,DELAY
2025-01-01 02:36:19,NODE-5264,NODE-6742,SATCOM,225,848,SUCCESS
2025-01-01 02:36:23,NODE-8827,NODE-8546,FIBER,130,554,SUCCESS
2025-01-01 02:36:26,NODE-1572,NODE-1761,SATCOM,57,1157,SUCCESS
2025-01-01 02:36:28,NODE-5034,NODE-3752,RF,230,821,SUCCESS
2025-01-01 02:36:31,NODE-7743,NODE-6825,SATCOM,130,286,SUCCESS
2025-01-01 02:36:33,NODE-8043,NODE-6723,SATCOM,170,992,SUCCESS
2025-01-01 02:36:34,NODE-1628,NODE-7471,SATCOM,245,1225,SUCCESS
2025-01-01 02:36:35,NODE-4145,NODE-6238,RF,131,1451,SUCCESS
2025-01-01 02:36:39,NODE-6405,NODE-8047,SATCOM,80,367,SUCCESS
2025-01-01 02:36:41,NODE-8971,NODE-3739,SATCOM,184,1283,SUCCESS
2025-01-01 02:36:45,NODE-6134,NODE-8284,RF,234,393,SUCCESS
2025-01-01 02:36:49,NODE-2721,NODE-6578,SATCOM,246,639,SUCCESS
2025-01-01 02:36:51,NODE-9747,NODE-8680,FIBER,89,1267,SUCCESS
2025-01-01 02:36:52,NODE-1877,NODE-1845,RF,72,836,SUCCESS
2025-01-01 02:36:53,NODE-7870,NODE-5272,SATCOM,52,537,SUCCESS
2025-01-01 02:36:57,NODE-8956,NODE-4902,FIBER,167,1284,SUCCESS
2025-01-01 02:37:00,NODE-9367,NODE-5158,FIBER,103,782,SUCCESS
2025-01-01 02:37:03,NODE-4758,NODE-4595,SATCOM,55,789,SUCCESS
2025-01-01 02:37:05,NODE-2928,NODE-6548,SATCOM,123,939,SUCCESS
2025-01-01 02:37:08,NODE-1698,NODE-6005,SATCOM,116,342,SUCCESS
2025-01-01 02:37:10,NODE-4389,NODE-4410,RF,903,665,DELAY
2025-01-01 02:37:14,NODE-4985,NODE-3223,SATCOM,100,936,SUCCESS
2025-01-01 02:37:18,NODE-4937,NODE-4583,FIBER,60,578,SUCCESS
2025-01-01 02:37:21,NODE-7208,NODE-7173,RF,50,1346,SUCCESS
2025-01-01 02:37:22,NODE-4062,NODE-8072,SATCOM,173,746,SUCCESS
2025-01-01 02:37:25,NODE-3765,NODE-5588,RF,227,332,SUCCESS
2025-01-01 02:37:27,NODE-7176,NODE-1232,RF,52,215,SUCCESS
2025-01-01 02:37:30,NODE-6123,NODE-2087,FIBER,64,1194,SUCCESS
2025-01-01 02:37:34,NODE-1202,NODE-4555,RF,189,974,SUCCESS
2025-01-01 02:37:36,NODE-4157,NODE-9302,SATCOM,111,561,SUCCESS
2025-01-01 02:37:40,NODE-8391,NODE-4819,RF,157,606,SUCCESS
2025-01-01 02:37:42,NODE-4073,NODE-2778,FIBER,170,876,SUCCESS
2025-01-01 02:37:43,NODE-5846,NODE-6875,RF,232,988,SUCCESS
2025-01-01 02:37:45,NODE-4889,NODE-2388,SATCOM,83,1285,SUCCESS
2025-01-01 02:37:48,NODE-3067,NODE-2772,RF,70,1259,SUCCESS
2025-01-01 02:37:49,NODE-1706,NODE-4081,RF,2714,5311,FAIL
2025-01-01 02:37:50,NODE-5828,NODE-5742,RF,69,891,SUCCESS
2025-01-01 02:37:51,NODE-1632,NODE-1269,SATCOM,237,307,SUCCESS
2025-01-01 02:37:55,NODE-1541,NODE-3868,RF,52,353,SUCCESS
2025-01-01 02:37:57,NODE-3533,NODE-9079,SATCOM,219,228,SUCCESS
2025-01-01 02:37:59,NODE-1587,NODE-2718,SATCOM,113,440,SUCCESS
2025-01-01 02:38:02,NODE-4821,NODE-6364,FIBER,84,1307,SUCCESS
2025-01-01 02:38:03,NODE-7135,NODE-2211,SATCOM,179,1419,SUCCESS
2025-01-01 02:38:07,NODE-2903,NODE-8315,SATCOM,237,1100,SUCCESS
2025-01-01 02:38:11,NODE-2244,NODE-8787,SATCOM,120,1013,SUCCESS
2025-01-01 02:38:13,NODE-7671,NODE-9800,RF,210,532,SUCCESS
2025-01-01 02:38:16,NODE-1817,NODE-2377,SATCOM,1106,1077,DELAY
2025-01-01 02:38:19,NODE-7673,NODE-5776,FIBER,101,586,SUCCESS
2025-01-01 02:38:23,NODE-8492,NODE-9074,FIBER,197,321,SUCCESS
2025-01-01 02:38:27,NODE-1962,NODE-7934,RF,1299,1384,DELAY
2025-01-01 02:38:29,NODE-2590,NODE-3391,FIBER,3127,6474,FAIL
2025-01-01 02:38:31,NODE-7216,NODE-5492,RF,1051,1283,DELAY
2025-01-01 02:38:34,NODE-3608,NODE-9506,RF,122,390,SUCCESS
2025-01-01 02:38:35,NODE-7720,NODE-4706,RF,224,1069,SUCCESS
2025-01-01 02:38:38,NODE-2955,NODE-3650,FIBER,72,1462,SUCCESS
2025-01-01 02:38:42,NODE-1746,NODE-6387,FIBER,227,646,SUCCESS
2025-01-01 02:38:46,NODE-5778,NODE-2595,FIBER,176,358,SUCCESS
2025-01-01 02:38:47,NODE-8351,NODE-5485,RF,135,942,SUCCESS
2025-01-01 02:38:50,NODE-6550,NODE-4894,FIBER,2775,5946,FAIL
2025-01-01 02:38:52,NODE-7934,NODE-1626,RF,213,601,SUCCESS
2025-01-01 02:38:55,NODE-6896,NODE-4149,FIBER,187,350,SUCCESS
2025-01-01 02:38:57,NODE-4325,NODE-6236,SATCOM,117,1441,SUCCESS
2025-01-01 02:39:00,NODE-3688,NODE-9662,FIBER,64,866,SUCCESS
2025-01-01 02:39:01,NODE-1818,NODE-4294,SATCOM,202,1394,SUCCESS
2025-01-01 02:39:03,NODE-6583,NODE-4251,FIBER,178,1376,SUCCESS
2025-01-01 02:39:04,NODE-9611,NODE-2595,FIBER,145,448,SUCCESS
2025-01-01 02:39:06,NODE-7522,NODE-4284,RF,196,1170,SUCCESS
2025-01-01 02:39:08,NODE-1079,NODE-2477,RF,72,896,SUCCESS
2025-01-01 02:39:09,NODE-2685,NODE-3862,SATCOM,52,1436,SUCCESS
2025-01-01 02:39:11,NODE-7195,NODE-4675,FIBER,1198,954,DELAY
2025-01-01 02:39:12,NODE-7226,NODE-9432,FIBER,1226,1342,DELAY
2025-01-01 02:39:15,NODE-8815,NODE-5962,FIBER,83,1054,SUCCESS
2025-01-01 02:39:17,NODE-3633,NODE-2763,FIBER,158,506,SUCCESS
2025-01-01 02:39:19,NODE-3280,NODE-6466,RF,51,1096,SUCCESS
2025-01-01 02:39:23,NODE-1523,NODE-1807,RF,211,558,SUCCESS
2025-01-01 02:39:25,NODE-5913,NODE-7906,FIBER,1525,503,DELAY
2025-01-01 02:39:28,NODE-6361,NODE-2178,FIBER,187,1039,SUCCESS
2025-01-01 02:39:30,NODE-4077,NODE-7331,RF,184,1067,SUCCESS
2025-01-01 02:39:33,NODE-9573,NODE-8219,SATCOM,67,927,SUCCESS
2025-01-01 02:39:37,NODE-5793,NODE-3515,RF,208,610,SUCCESS
2025-01-01 02:39:39,NODE-6792,NODE-8915,SATCOM,41,1302,SUCCESS
2025-01-01 02:39:42,NODE-5869,NODE-7467,SATCOM,103,934,SUCCESS
2025-01-01 02:39:45,NODE-2846,NODE-2523,RF,250,873,SUCCESS
2025-01-01 02:39:49,NODE-1202,NODE-9922,SATCOM,190,948,SUCCESS
2025-01-01 02:39:50,NODE-2091,NODE-9807,RF,195,1138,SUCCESS
2025-01-01 02:39:52,NODE-2777,NODE-9452,FIBER,222,965,SUCCESS
2025-01-01 02:39:54,NODE-7811,NODE-1617,SATCOM,175,672,SUCCESS
2025-01-01 02:39:55,NODE-6780,NODE-1011,SATCOM,172,249,SUCCESS
2025-01-01 02:39:57,NODE-8663,NODE-4521,FIBER,246,1120,SUCCESS
2025-01-01 02:40:00,NODE-6795,NODE-4841,RF,1240,1172,DELAY
2025-01-01 02:40:03,NODE-8042,NODE-2271,RF,146,989,SUCCESS
2025-01-01 02:40:07,NODE-2491,NODE-3806,FIBER,153,561,SUCCESS
2025-01-01 02:40:09,NODE-8052,NODE-8459,FIBER,110,235,SUCCESS
2025-01-01 02:40:12,NODE-4336,NODE-9823,RF,165,1351,SUCCESS
2025-01-01 02:40:15,NODE-4817,NODE-4049,FIBER,133,220,SUCCESS
2025-01-01 02:40:17,NODE-5320,NODE-6776,FIBER,217,239,SUCCESS
2025-01-01 02:40:21,NODE-9316,NODE-9206,RF,245,460,SUCCESS
2025-01-01 02:40:24,NODE-7883,NODE-6592,FIBER,112,1196,SUCCESS
2025-01-01 02:40:28,NODE-1493,NODE-5236,FIBER,184,1415,SUCCESS
2025-01-01 02:40:29,NODE-2985,NODE-1489,FIBER,141,292,SUCCESS
2025-01-01 02:40:33,NODE-5644,NODE-7638,RF,142,212,SUCCESS
2025-01-01 02:40:37,NODE-3238,NODE-3402,FIBER,1055,657,DELAY
2025-01-01 02:40:39,NODE-2846,NODE-9958,RF,125,442,SUCCESS
2025-01-01 02:40:41,NODE-8963,NODE-6006,SATCOM,1376,724,DELAY
2025-01-01 02:40:43,NODE-6521,NODE-7612,FIBER,196,1365,SUCCESS
2025-01-01 02:40:44,NODE-3867,NODE-2796,RF,214,1278,SUCCESS
2025-01-01 02:40:46,NODE-1970,NODE-6502,SATCOM,249,834,SUCCESS
2025-01-01 02:40:47,NODE-4481,NODE-5670,RF,1993,6425,FAIL
2025-01-01 02:40:50,NODE-3951,NODE-5839,FIBER,125,357,SUCCESS
2025-01-01 02:40:54,NODE-8058,NODE-2950,RF,1420,819,DELAY
2025-01-01 02:40:57,NODE-7822,NODE-9072,FIBER,227,625,SUCCESS
2025-01-01 02:41:01,NODE-4055,NODE-7757,FIBER,184,523,SUCCESS
2025-01-01 02:41:05,NODE-6281,NODE-9596,SATCOM,80,796,SUCCESS
2025-01-01 02:41:06,NODE-9444,NODE-2438,RF,2162,6477,FAIL
2025-01-01 02:41:10,NODE-4309,NODE-9855,SATCOM,189,756,SUCCESS
2025-01-01 02:41:14,NODE-1366,NODE-1235,SATCOM,213,1482,SUCCESS
2025-01-01 02:41:16,NODE-8590,NODE-6975,SATCOM,159,1040,SUCCESS
2025-01-01 02:41:17,NODE-8641,NODE-9987,SATCOM,206,1350,SUCCESS
2025-01-01 02:41:19,NODE-7831,NODE-4471,FIBER,138,1206,SUCCESS
2025-01-01 02:41:21,NODE-7702,NODE-7831,SATCOM,46,296,SUCCESS
2025-01-01 02:41:24,NODE-1975,NODE-2616,SATCOM,199,1476,SUCCESS
2025-01-01 02:41:28,NODE-9318,NODE-8668,SATCOM,149,1422,SUCCESS
2025-01-01 02:41:30,NODE-9595,NODE-9055,SATCOM,116,1413,SUCCESS
2025-01-01 02:41:32,NODE-4783,NODE-1001,RF,171,249,SUCCESS
2025-01-01 02:41:34,NODE-3795,NODE-3330,FIBER,180,304,SUCCESS
2025-01-01 02:41:38,NODE-2187,NODE-6505,RF,178,479,SUCCESS
2025-01-01 02:41:41,NODE-5900,NODE-2450,RF,50,336,SUCCESS
2025-01-01 02:41:44,NODE-5928,NODE-3464,SATCOM,222,398,SUCCESS
2025-01-01 02:41:47,NODE-4538,NODE-3082,SATCOM,95,843,SUCCESS
2025-01-01 02:41:49,NODE-8989,NODE-6632,FIBER,200,872,SUCCESS
2025-01-01 02:41:50,NODE-3919,NODE-8248,SATCOM,41,1343,SUCCESS
2025-01-01 02:41:51,NODE-5764,NODE-8758,SATCOM,182,1466,SUCCESS
2025-01-01 02:41:52,NODE-7110,NODE-2384,SATCOM,87,1437,SUCCESS
2025-01-01 02:41:53,NODE-2220,NODE-4982,SATCOM,112,250,SUCCESS
2025-01-01 02:41:56,NODE-7331,NODE-5976,RF,880,1349,DELAY
2025-01-01 02:41:59,NODE-1450,NODE-9076,SATCOM,65,798,SUCCESS
2025-01-01 02:42:03,NODE-8122,NODE-8742,FIBER,129,214,SUCCESS
2025-01-01 02:42:05,NODE-9735,NODE-4354,RF,56,1364,SUCCESS
2025-01-01 02:42:09,NODE-3481,NODE-2624,SATCOM,163,403,SUCCESS
2025-01-01 02:42:10,NODE-2778,NODE-1782,FIBER,1572,204,DELAY
2025-01-01 02:42:13,NODE-5211,NODE-5354,SATCOM,878,898,DELAY
2025-01-01 02:42:17,NODE-4058,NODE-1403,RF,84,937,SUCCESS
2025-01-01 02:42:21,NODE-4257,NODE-4320,FIBER,2936,5935,FAIL
2025-01-01 02:42:24,NODE-9924,NODE-1767,FIBER,250,200,SUCCESS
2025-01-01 02:42:25,NODE-4918,NODE-5099,SATCOM,103,965,SUCCESS
2025-01-01 02:42:29,NODE-7291,NODE-7004,SATCOM,196,1393,SUCCESS
2025-01-01 02:42:32,NODE-9847,NODE-2846,SATCOM,148,1378,SUCCESS
2025-01-01 02:42:33,NODE-7750,NODE-3961,RF,164,357,SUCCESS
2025-01-01 02:42:36,NODE-7998,NODE-6320,FIBER,104,417,SUCCESS
2025-01-01 02:42:37,NODE-1584,NODE-6733,SATCOM,121,1334,SUCCESS
2025-01-01 02:42:39,NODE-5163,NODE-1769,RF,1571,1376,DELAY
2025-01-01 02:42:41,NODE-5133,NODE-7016,SATCOM,101,762,SUCCESS
2025-01-01 02:42:45,NODE-6764,NODE-3827,RF,199,631,SUCCESS
2025-01-01 02:42:46,NODE-3707,NODE-4709,FIBER,244,338,SUCCESS
2025-01-01 02:42:50,NODE-9311,NODE-3051,RF,242,384,SUCCESS
2025-01-01 02:42:52,NODE-8262,NODE-3427,FIBER,219,938,SUCCESS
2025-01-01 02:42:55,NODE-1782,NODE-3387,SATCOM,168,1408,SUCCESS
2025-01-01 02:42:57,NODE-5126,NODE-4961,RF,235,436,SUCCESS
2025-01-01 02:43:01,NODE-6168,NODE-2522,FIBER,194,800,SUCCESS
2025-01-01 02:43:02,NODE-5694,NODE-3305,FIBER,193,1118,SUCCESS
2025-01-01 02:43:03,NODE-3159,NODE-7023,SATCOM,87,1429,SUCCESS
2025-01-01 02:43:07,NODE-9988,NODE-9042,RF,216,618,SUCCESS
2025-01-01 02:43:11,NODE-4405,NODE-2448,SATCOM,83,548,SUCCESS
2025-01-01 02:43:12,NODE-2204,NODE-3402,FIBER,147,930,SUCCESS
2025-01-01 02:43:14,NODE-1835,NODE-3832,FIBER,106,326,SUCCESS
2025-01-01 02:43:17,NODE-8182,NODE-1847,SATCOM,87,778,SUCCESS
2025-01-01 02:43:18,NODE-3223,NODE-4249,SATCOM,112,860,SUCCESS
2025-01-01 02:43:21,NODE-8262,NODE-4570,SATCOM,66,908,SUCCESS
2025-01-01 02:43:24,NODE-6087,NODE-9884,FIBER,131,259,SUCCESS
2025-01-01 02:43:26,NODE-2975,NODE-5122,RF,109,381,SUCCESS
2025-01-01 02:43:29,NODE-3974,NODE-1814,FIBER,170,1195,SUCCESS
2025-01-01 02:43:33,NODE-6671,NODE-3456,SATCOM,1439,648,DELAY
2025-01-01 02:43:34,NODE-6027,NODE-5354,FIBER,137,863,SUCCESS
2025-01-01 02:43:38,NODE-1058,NODE-3730,FIBER,207,294,SUCCESS
2025-01-01 02:43:42,NODE-3133,NODE-8377,FIBER,179,1271,SUCCESS
2025-01-01 02:43:46,NODE-6238,NODE-5614,FIBER,97,658,SUCCESS
2025-01-01 02:43:49,NODE-1534,NODE-9741,FIBER,179,991,SUCCESS
2025-01-01 02:43:53,NODE-4213,NODE-1400,SATCOM,225,1407,SUCCESS
2025-01-01 02:43:56,NODE-6478,NODE-4776,RF,139,917,SUCCESS
2025-01-01 02:43:58,NODE-8057,NODE-6043,FIBER,238,357,SUCCESS
2025-01-01 02:44:01,NODE-2095,NODE-6995,SATCOM,164,1131,SUCCESS
2025-01-01 02:44:04,NODE-7843,NODE-2588,RF,125,992,SUCCESS
2025-01-01 02:44:08,NODE-4359,NODE-8065,SATCOM,241,994,SUCCESS
2025-01-01 02:44:11,NODE-6254,NODE-8989,SATCOM,60,340,SUCCESS
2025-01-01 02:44:12,NODE-7319,NODE-8954,FIBER,190,692,SUCCESS
2025-01-01 02:44:15,NODE-4812,NODE-5430,RF,75,1134,SUCCESS
2025-01-01 02:44:17,NODE-4343,NODE-5364,RF,242,1182,SUCCESS
2025-01-01 02:44:18,NODE-3680,NODE-5087,FIBER,84,420,SUCCESS
2025-01-01 02:44:20,NODE-2335,NODE-6299,FIBER,121,921,SUCCESS
2025-01-01 02:44:23,NODE-8067,NODE-6795,SATCOM,132,338,SUCCESS
2025-01-01 02:44:26,NODE-3891,NODE-8554,SATCOM,90,1301,SUCCESS
2025-01-01 02:44:27,NODE-3842,NODE-6822,FIBER,1248,1304,DELAY
2025-01-01 02:44:29,NODE-2242,NODE-5317,FIBER,236,696,SUCCESS
2025-01-01 02:44:32,NODE-8340,NODE-8903,RF,239,1040,SUCCESS
2025-01-01 02:44:35,NODE-2696,NODE-1331,SATCOM,246,852,SUCCESS
2025-01-01 02:44:36,NODE-2071,NODE-5825,RF,177,578,SUCCESS
2025-01-01 02:44:39,NODE-1777,NODE-3103,FIBER,171,837,SUCCESS
2025-01-01 02:44:40,NODE-8549,NODE-7485,RF,186,571,SUCCESS
2025-01-01 02:44:42,NODE-3575,NODE-7737,RF,211,1434,SUCCESS
2025-01-01 02:44:44,NODE-6872,NODE-6586,RF,130,1325,SUCCESS
2025-01-01 02:44:47,NODE-5464,NODE-9814,RF,178,935,SUCCESS
2025-01-01 02:44:48,NODE-7643,NODE-6963,RF,1193,912,DELAY
2025-01-01 02:44:51,NODE-6839,NODE-2131,FIBER,89,1079,SUCCESS
2025-01-01 02:44:55,NODE-2216,NODE-4128,RF,102,370,SUCCESS
2025-01-01 02:44:58,NODE-8456,NODE-1263,FIBER,220,861,SUCCESS
2025-01-01 02:44:59,NODE-7122,NODE-5273,SATCOM,97,1002,SUCCESS
2025-01-01 02:45:00,NODE-3179,NODE-7110,SATCOM,167,1454,SUCCESS
2025-01-01 02:45:02,NODE-7384,NODE-8785,RF,207,221,SUCCESS
2025-01-01 02:45:06,NODE-8270,NODE-3008,RF,1853,3218,FAIL
2025-01-01 02:45:10,NODE-9991,NODE-8103,RF,114,711,SUCCESS
2025-01-01 02:45:11,NODE-8348,NODE-1495,SATCOM,108,1015,SUCCESS
2025-01-01 02:45:14,NODE-6256,NODE-4026,RF,3165,6473,FAIL
2025-01-01 02:45:17,NODE-7768,NODE-3784,SATCOM,247,769,SUCCESS
2025-01-01 02:45:20,NODE-2896,NODE-2500,SATCOM,207,713,SUCCESS
2025-01-01 02:45:22,NODE-8866,NODE-9869,FIBER,183,1433,SUCCESS
2025-01-01 02:45:26,NODE-5987,NODE-2694,RF,153,1211,SUCCESS
2025-01-01 02:45:29,NODE-4027,NODE-6215,FIBER,172,763,SUCCESS
2025-01-01 02:45:30,NODE-5608,NODE-7799,SATCOM,83,251,SUCCESS
2025-01-01 02:45:34,NODE-3751,NODE-8533,SATCOM,853,549,DELAY
2025-01-01 02:45:37,NODE-8889,NODE-9085,RF,1002,915,DELAY
2025-01-01 02:45:41,NODE-5066,NODE-3198,RF,2741,4152,FAIL
2025-01-01 02:45:44,NODE-9777,NODE-3432,SATCOM,85,1117,SUCCESS
2025-01-01 02:45:46,NODE-4406,NODE-4266,FIBER,82,1086,SUCCESS
2025-01-01 02:45:47,NODE-1778,NODE-2435,SATCOM,842,496,DELAY
2025-01-01 02:45:49,NODE-4786,NODE-5709,RF,70,1318,SUCCESS
2025-01-01 02:45:52,NODE-1366,NODE-1424,RF,113,497,SUCCESS
2025-01-01 02:45:55,NODE-3384,NODE-5029,FIBER,212,904,SUCCESS
2025-01-01 02:45:56,NODE-3404,NODE-8939,SATCOM,94,295,SUCCESS
2025-01-01 02:45:57,NODE-6458,NODE-6390,SATCOM,1163,735,DELAY
2025-01-01 02:45:59,NODE-6663,NODE-8322,SATCOM,148,652,SUCCESS
2025-01-01 02:46:03,NODE-4692,NODE-3884,FIBER,159,834,SUCCESS
2025-01-01 02:46:06,NODE-2044,NODE-1274,FIBER,164,335,SUCCESS
2025-01-01 02:46:10,NODE-4817,NODE-6434,FIBER,2091,5263,FAIL
2025-01-01 02:46:12,NODE-7593,NODE-2714,SATCOM,204,289,SUCCESS
2025-01-01 02:46:13,NODE-9034,NODE-4800,FIBER,148,707,SUCCESS
2025-01-01 02:46:14,NODE-4251,NODE-3061,SATCOM,200,349,SUCCESS
2025-01-01 02:46:17,NODE-8398,NODE-7052,RF,223,951,SUCCESS
2025-01-01 02:46:21,NODE-9434,NODE-7884,FIBER,48,1391,SUCCESS
2025-01-01 02:46:23,NODE-3961,NODE-9925,SATCOM,189,1040,SUCCESS
2025-01-01 02:46:25,NODE-4597,NODE-8757,SATCOM,231,983,SUCCESS
2025-01-01 02:46:27,NODE-4991,NODE-2568,SATCOM,242,1238,SUCCESS
2025-01-01 02:46:29,NODE-3332,NODE-1288,SATCOM,50,1403,SUCCESS
2025-01-01 02:46:31,NODE-1947,NODE-2055,FIBER,218,466,SUCCESS
2025-01-01 02:46:32,NODE-6390,NODE-9311,SATCOM,233,1115,SUCCESS
2025-01-01 02:46:33,NODE-3563,NODE-5685,FIBER,146,346,SUCCESS
2025-01-01 02:46:36,NODE-7608,NODE-3819,RF,55,953,SUCCESS
2025-01-01 02:46:37,NODE-2748,NODE-6949,SATCOM,137,628,SUCCESS
2025-01-01 02:46:40,NODE-9113,NODE-9609,SATCOM,163,857,SUCCESS
2025-01-01 02:46:44,NODE-8900,NODE-1968,RF,149,500,SUCCESS
2025-01-01 02:46:47,NODE-1549,NODE-4764,SATCOM,142,1307,SUCCESS
2025-01-01 02:46:49,NODE-6031,NODE-8654,RF,1166,942,DELAY
2025-01-01 02:46:50,NODE-8305,NODE-8710,RF,56,372,SUCCESS
2025-01-01 02:46:54,NODE-5816,NODE-7974,RF,206,753,SUCCESS
2025-01-01 02:46:58,NODE-5625,NODE-2856,RF,193,569,SUCCESS
2025-01-01 02:47:00,NODE-1503,NODE-1790,RF,235,1309,SUCCESS
2025-01-01 02:47:04,NODE-3094,NODE-1934,FIBER,229,1240,SUCCESS
2025-01-01 02:47:05,NODE-4995,NODE-2499,SATCOM,242,1279,SUCCESS
2025-01-01 02:47:06,NODE-4995,NODE-6304,FIBER,40,310,SUCCESS
2025-01-01 02:47:08,NODE-6387,NODE-9782,RF,71,1329,SUCCESS
2025-01-01 02:47:12,NODE-4750,NODE-7810,RF,950,561,DELAY
2025-01-01 02:47:16,NODE-9674,NODE-4998,FIBER,64,1392,SUCCESS
2025-01-01 02:47:18,NODE-4362,NODE-6173,SATCOM,72,888,SUCCESS
2025-01-01 02:47:21,NODE-2245,NODE-4768,RF,79,377,SUCCESS
2025-01-01 02:47:25,NODE-2994,NODE-4277,RF,183,329,SUCCESS
2025-01-01 02:47:28,NODE-8058,NODE-6247,RF,209,347,SUCCESS
2025-01-01 02:47:30,NODE-9016,NODE-3889,RF,164,921,SUCCESS
2025-01-01 02:47:31,NODE-6531,NODE-5816,FIBER,147,313,SUCCESS
2025-01-01 02:47:34,NODE-4989,NODE-2822,SATCOM,102,357,SUCCESS
2025-01-01 02:47:37,NODE-7840,NODE-6352,FIBER,55,1194,SUCCESS
2025-01-01 02:47:40,NODE-7244,NODE-5709,RF,75,697,SUCCESS
2025-01-01 02:47:42,NODE-9535,NODE-9794,RF,110,860,SUCCESS
2025-01-01 02:47:46,NODE-8802,NODE-3368,RF,93,899,SUCCESS
2025-01-01 02:47:48,NODE-8133,NODE-7709,SATCOM,156,851,SUCCESS
2025-01-01 02:47:51,NODE-4201,NODE-1888,FIBER,177,536,SUCCESS
2025-01-01 02:47:52,NODE-7275,NODE-8303,RF,190,1223,SUCCESS
2025-01-01 02:47:56,NODE-5147,NODE-6680,RF,186,1404,SUCCESS
2025-01-01 02:47:57,NODE-6796,NODE-5918,RF,1130,597,DELAY
2025-01-01 02:47:58,NODE-2019,NODE-5535,RF,128,845,SUCCESS
2025-01-01 02:47:59,NODE-8703,NODE-3559,FIBER,189,477,SUCCESS
2025-01-01 02:48:02,NODE-9156,NODE-3731,SATCOM,89,733,SUCCESS
2025-01-01 02:48:05,NODE-5477,NODE-5034,FIBER,192,1228,SUCCESS
2025-01-01 02:48:09,NODE-8144,NODE-7651,SATCOM,134,643,SUCCESS
2025-01-01 02:48:12,NODE-4288,NODE-4230,FIBER,61,1307,SUCCESS
2025-01-01 02:48:14,NODE-9823,NODE-1071,FIBER,106,1395,SUCCESS
2025-01-01 02:48:18,NODE-5472,NODE-1734,FIBER,175,427,SUCCESS
2025-01-01 02:48:20,NODE-6743,NODE-2488,SATCOM,143,340,SUCCESS
2025-01-01 02:48:21,NODE-5095,NODE-5912,SATCOM,67,933,SUCCESS
2025-01-01 02:48:25,NODE-5219,NODE-5873,SATCOM,114,669,SUCCESS
2025-01-01 02:48:29,NODE-8696,NODE-4187,RF,147,1450,SUCCESS
2025-01-01 02:48:31,NODE-1070,NODE-4217,RF,174,989,SUCCESS
2025-01-01 02:48:33,NODE-7109,NODE-3854,FIBER,63,460,SUCCESS
2025-01-01 02:48:36,NODE-4316,NODE-1831,RF,936,1188,DELAY
2025-01-01 02:48:38,NODE-9411,NODE-5371,SATCOM,145,1152,SUCCESS
2025-01-01 02:48:42,NODE-7128,NODE-8333,FIBER,173,1159,SUCCESS
2025-01-01 02:48:45,NODE-8429,NODE-1472,SATCOM,146,1383,SUCCESS
2025-01-01 02:48:47,NODE-5566,NODE-3979,SATCOM,106,311,SUCCESS
2025-01-01 02:48:48,NODE-4263,NODE-1229,SATCOM,1289,855,DELAY
2025-01-01 02:48:50,NODE-2137,NODE-5912,SATCOM,42,1255,SUCCESS
2025-01-01 02:48:53,NODE-9871,NODE-6689,SATCOM,92,297,SUCCESS
2025-01-01 02:48:57,NODE-7897,NODE-1274,RF,48,1448,SUCCESS
2025-01-01 02:49:01,NODE-6767,NODE-2287,SATCOM,163,1459,SUCCESS
2025-01-01 02:49:03,NODE-9274,NODE-4503,RF,73,230,SUCCESS
2025-01-01 02:49:05,NODE-7720,NODE-3235,FIBER,50,1054,SUCCESS
2025-01-01 02:49:08,NODE-4858,NODE-2243,FIBER,2467,3270,FAIL
2025-01-01 02:49:10,NODE-7675,NODE-1029,FIBER,120,287,SUCCESS
2025-01-01 02:49:13,NODE-7828,NODE-7746,RF,235,1398,SUCCESS
2025-01-01 02:49:16,NODE-1890,NODE-6095,SATCOM,1452,467,DELAY
2025-01-01 02:49:18,NODE-9737,NODE-9725,SATCOM,200,898,SUCCESS
2025-01-01 02:49:19,NODE-2817,NODE-8190,SATCOM,156,1145,SUCCESS
2025-01-01 02:49:23,NODE-6092,NODE-5141,SATCOM,125,1255,SUCCESS
2025-01-01 02:49:24,NODE-6784,NODE-1394,SATCOM,1249,300,DELAY
2025-01-01 02:49:27,NODE-5958,NODE-7157,RF,242,393,SUCCESS
2025-01-01 02:49:31,NODE-1484,NODE-3540,SATCOM,198,1236,SUCCESS
2025-01-01 02:49:34,NODE-1240,NODE-5796,RF,241,1166,SUCCESS
2025-01-01 02:49:37,NODE-3957,NODE-5505,RF,234,1251,SUCCESS
2025-01-01 02:49:40,NODE-5514,NODE-1274,RF,118,636,SUCCESS
2025-01-01 02:49:41,NODE-4155,NODE-2853,SATCOM,135,587,SUCCESS
2025-01-01 02:49:42,NODE-6375,NODE-5734,SATCOM,192,560,SUCCESS
2025-01-01 02:49:46,NODE-7300,NODE-4652,SATCOM,183,939,SUCCESS
2025-01-01 02:49:50,NODE-9466,NODE-9548,FIBER,188,1356,SUCCESS
2025-01-01 02:49:54,NODE-9136,NODE-2800,FIBER,225,1419,SUCCESS
2025-01-01 02:49:56,NODE-9756,NODE-1897,RF,48,557,SUCCESS
2025-01-01 02:50:00,NODE-1737,NODE-5090,FIBER,83,1012,SUCCESS
2025-01-01 02:50:01,NODE-3035,NODE-3958,SATCOM,192,996,SUCCESS
2025-01-01 02:50:02,NODE-2278,NODE-1180,SATCOM,166,926,SUCCESS
2025-01-01 02:50:03,NODE-5993,NODE-4207,FIBER,115,1086,SUCCESS
2025-01-01 02:50:04,NODE-1826,NODE-2146,RF,86,252,SUCCESS
2025-01-01 02:50:07,NODE-4591,NODE-7368,FIBER,48,1492,SUCCESS
2025-01-01 02:50:09,NODE-1820,NODE-8188,SATCOM,125,882,SUCCESS
2025-01-01 02:50:13,NODE-1999,NODE-9250,SATCOM,116,1364,SUCCESS
2025-01-01 02:50:17,NODE-8464,NODE-1916,SATCOM,1044,929,DELAY
2025-01-01 02:50:21,NODE-1027,NODE-5876,SATCOM,157,535,SUCCESS
2025-01-01 02:50:22,NODE-5410,NODE-3656,RF,75,401,SUCCESS
2025-01-01 02:50:25,NODE-3383,NODE-5048,FIBER,128,290,SUCCESS
2025-01-01 02:50:28,NODE-9982,NODE-5206,FIBER,103,1048,SUCCESS
2025-01-01 02:50:29,NODE-1286,NODE-2703,SATCOM,1463,565,DELAY
2025-01-01 02:50:30,NODE-1684,NODE-4969,SATCOM,213,352,SUCCESS
2025-01-01 02:50:33,NODE-2847,NODE-6016,SATCOM,2958,5097,FAIL
2025-01-01 02:50:36,NODE-4789,NODE-1959,FIBER,180,1130,SUCCESS
2025-01-01 02:50:38,NODE-2620,NODE-3319,SATCOM,179,650,SUCCESS
2025-01-01 02:50:40,NODE-2047,NODE-3590,SATCOM,2189,3981,FAIL
2025-01-01 02:50:41,NODE-7884,NODE-2486,RF,170,749,SUCCESS
2025-01-01 02:50:44,NODE-6959,NODE-3421,SATCOM,165,336,SUCCESS
2025-01-01 02:50:45,NODE-4126,NODE-8832,RF,171,819,SUCCESS
2025-01-01 02:50:49,NODE-1124,NODE-9185,RF,122,1466,SUCCESS
2025-01-01 02:50:50,NODE-7881,NODE-3583,SATCOM,196,929,SUCCESS
2025-01-01 02:50:54,NODE-1229,NODE-8125,FIBER,173,1116,SUCCESS
2025-01-01 02:50:55,NODE-7693,NODE-7900,FIBER,186,478,SUCCESS
2025-01-01 02:50:56,NODE-2614,NODE-6768,RF,117,503,SUCCESS
2025-01-01 02:50:59,NODE-6474,NODE-6138,RF,141,740,SUCCESS
2025-01-01 02:51:02,NODE-2225,NODE-8227,SATCOM,2344,4995,FAIL
2025-01-01 02:51:05,NODE-2453,NODE-8857,FIBER,1017,280,DELAY
2025-01-01 02:51:08,NODE-2921,NODE-8717,FIBER,161,876,SUCCESS
2025-01-01 02:51:09,NODE-2551,NODE-8160,RF,187,510,SUCCESS
2025-01-01 02:51:12,NODE-7577,NODE-1708,SATCOM,245,1230,SUCCESS
2025-01-01 02:51:15,NODE-7811,NODE-7385,RF,224,829,SUCCESS
2025-01-01 02:51:19,NODE-3156,NODE-9214,FIBER,186,609,SUCCESS
2025-01-01 02:51:21,NODE-4229,NODE-4094,RF,130,1324,SUCCESS
2025-01-01 02:51:25,NODE-8272,NODE-7981,RF,65,357,SUCCESS
2025-01-01 02:51:29,NODE-5634,NODE-3906,FIBER,108,911,SUCCESS
2025-01-01 02:51:32,NODE-4649,NODE-5601,FIBER,41,331,SUCCESS
2025-01-01 02:51:36,NODE-3337,NODE-5418,RF,1304,1483,DELAY
2025-01-01 02:51:37,NODE-4373,NODE-9367,FIBER,192,651,SUCCESS
2025-01-01 02:51:38,NODE-1516,NODE-6386,RF,247,854,SUCCESS
2025-01-01 02:51:41,NODE-2057,NODE-7647,FIBER,2357,6090,FAIL
2025-01-01 02:51:42,NODE-6740,NODE-7296,FIBER,181,1225,SUCCESS
2025-01-01 02:51:44,NODE-8223,NODE-5918,FIBER,194,1376,SUCCESS
2025-01-01 02:51:46,NODE-9315,NODE-1517,FIBER,178,918,SUCCESS
2025-01-01 02:51:49,NODE-4685,NODE-5288,SATCOM,239,1003,SUCCESS
2025-01-01 02:51:53,NODE-7546,NODE-4635,SATCOM,244,835,SUCCESS
2025-01-01 02:51:57,NODE-9416,NODE-3677,RF,148,486,SUCCESS
2025-01-01 02:52:01,NODE-9708,NODE-5991,FIBER,234,949,SUCCESS
2025-01-01 02:52:05,NODE-5278,NODE-1472,FIBER,185,300,SUCCESS
2025-01-01 02:52:08,NODE-2318,NODE-4471,SATCOM,121,586,SUCCESS
2025-01-01 02:52:09,NODE-7792,NODE-6227,RF,1183,1253,DELAY
2025-01-01 02:52:11,NODE-3989,NODE-6057,RF,170,1255,SUCCESS
2025-01-01 02:52:14,NODE-8557,NODE-2692,SATCOM,94,293,SUCCESS
2025-01-01 02:52:15,NODE-7674,NODE-2860,SATCOM,160,1019,SUCCESS
2025-01-01 02:52:18,NODE-5418,NODE-1634,FIBER,989,663,DELAY
2025-01-01 02:52:22,NODE-7713,NODE-3949,FIBER,232,715,SUCCESS
2025-01-01 02:52:23,NODE-3708,NODE-1982,SATCOM,1470,307,DELAY
2025-01-01 02:52:27,NODE-3813,NODE-2094,SATCOM,1273,796,DELAY
2025-01-01 02:52:31,NODE-9913,NODE-9339,FIBER,124,1298,SUCCESS
2025-01-01 02:52:32,NODE-3922,NODE-8337,FIBER,2196,4571,FAIL
2025-01-01 02:52:36,NODE-9880,NODE-5700,RF,77,318,SUCCESS
2025-01-01 02:52:39,NODE-7417,NODE-4447,RF,2090,5569,FAIL
2025-01-01 02:52:41,NODE-7398,NODE-4183,FIBER,1218,1080,DELAY
2025-01-01 02:52:44,NODE-6636,NODE-6759,FIBER,181,561,SUCCESS
2025-01-01 02:52:48,NODE-4033,NODE-1207,RF,63,605,SUCCESS
2025-01-01 02:52:50,NODE-7765,NODE-7308,SATCOM,51,513,SUCCESS
2025-01-01 02:52:53,NODE-9786,NODE-1863,RF,238,480,SUCCESS
2025-01-01 02:52:56,NODE-3238,NODE-3372,SATCOM,78,766,SUCCESS
2025-01-01 02:52:59,NODE-2744,NODE-1993,RF,65,1314,SUCCESS
2025-01-01 02:53:03,NODE-1171,NODE-6884,FIBER,125,764,SUCCESS
2025-01-01 02:53:07,NODE-2274,NODE-2563,SATCOM,1012,202,DELAY
2025-01-01 02:53:11,NODE-5979,NODE-6690,RF,145,1474,SUCCESS
2025-01-01 02:53:15,NODE-3609,NODE-9855,FIBER,104,751,SUCCESS
2025-01-01 02:53:18,NODE-9034,NODE-8668,SATCOM,66,1002,SUCCESS
2025-01-01 02:53:21,NODE-1761,NODE-9610,SATCOM,236,1166,SUCCESS
2025-01-01 02:53:22,NODE-3105,NODE-6559,FIBER,122,553,SUCCESS
2025-01-01 02:53:26,NODE-3029,NODE-2332,FIBER,198,1457,SUCCESS
2025-01-01 02:53:27,NODE-9170,NODE-9796,SATCOM,87,902,SUCCESS
2025-01-01 02:53:30,NODE-9297,NODE-6736,SATCOM,133,339,SUCCESS
2025-01-01 02:53:34,NODE-9413,NODE-5632,RF,55,295,SUCCESS
2025-01-01 02:53:38,NODE-4533,NODE-4321,FIBER,1961,6199,FAIL
2025-01-01 02:53:41,NODE-7628,NODE-4926,SATCOM,851,348,DELAY
2025-01-01 02:53:42,NODE-6853,NODE-7011,SATCOM,215,1289,SUCCESS
2025-01-01 02:53:44,NODE-3537,NODE-9992,SATCOM,229,1044,SUCCESS
2025-01-01 02:53:47,NODE-2382,NODE-3921,FIBER,210,818,SUCCESS
2025-01-01 02:53:48,NODE-3269,NODE-5678,SATCOM,234,1302,SUCCESS
2025-01-01 02:53:49,NODE-7419,NODE-1127,RF,196,486,SUCCESS
2025-01-01 02:53:50,NODE-9040,NODE-5041,RF,85,1162,SUCCESS
2025-01-01 02:53:54,NODE-9891,NODE-3965,FIBER,161,753,SUCCESS
2025-01-01 02:53:57,NODE-8704,NODE-3992,RF,224,1010,SUCCESS
2025-01-01 02:53:59,NODE-9110,NODE-7945,FIBER,925,248,DELAY
2025-01-01 02:54:00,NODE-2153,NODE-5573,RF,1573,830,DELAY
2025-01-01 02:54:04,NODE-1204,NODE-3219,RF,131,1256,SUCCESS
2025-01-01 02:54:08,NODE-9131,NODE-2901,SATCOM,143,359,SUCCESS
2025-01-01 02:54:12,NODE-6431,NODE-7665,SATCOM,196,664,SUCCESS
2025-01-01 02:54:16,NODE-1843,NODE-8199,FIBER,166,238,SUCCESS
2025-01-01 02:54:18,NODE-9747,NODE-6298,SATCOM,134,350,SUCCESS
2025-01-01 02:54:21,NODE-2066,NODE-8890,FIBER,175,598,SUCCESS
2025-01-01 02:54:23,NODE-4569,NODE-2842,FIBER,135,526,SUCCESS
2025-01-01 02:54:27,NODE-2677,NODE-4227,FIBER,85,1121,SUCCESS
2025-01-01 02:54:31,NODE-1435,NODE-6583,SATCOM,154,584,SUCCESS
2025-01-01 02:54:34,NODE-9647,NODE-5286,SATCOM,218,403,SUCCESS
2025-01-01 02:54:38,NODE-9920,NODE-7556,FIBER,240,393,SUCCESS
2025-01-01 02:54:40,NODE-8770,NODE-7130,RF,191,1240,SUCCESS
2025-01-01 02:54:44,NODE-8326,NODE-6814,RF,223,758,SUCCESS
2025-01-01 02:54:46,NODE-4616,NODE-7401,SATCOM,40,275,SUCCESS
2025-01-01 02:54:48,NODE-1750,NODE-8228,SATCOM,150,893,SUCCESS
2025-01-01 02:54:49,NODE-7287,NODE-2957,RF,157,604,SUCCESS
2025-01-01 02:54:53,NODE-1264,NODE-8734,FIBER,91,626,SUCCESS
2025-01-01 02:54:55,NODE-9327,NODE-7287,SATCOM,215,806,SUCCESS
2025-01-01 02:54:59,NODE-6420,NODE-7662,RF,103,370,SUCCESS
2025-01-01 02:55:03,NODE-7734,NODE-2870,RF,193,1291,SUCCESS
2025-01-01 02:55:04,NODE-5896,NODE-5432,SATCOM,903,666,DELAY
2025-01-01 02:55:05,NODE-6639,NODE-3592,FIBER,174,313,SUCCESS
2025-01-01 02:55:06,NODE-7221,NODE-3193,RF,230,953,SUCCESS
2025-01-01 02:55:10,NODE-7758,NODE-9842,FIBER,1033,972,DELAY
2025-01-01 02:55:11,NODE-1653,NODE-1693,SATCOM,82,1179,SUCCESS
2025-01-01 02:55:14,NODE-9333,NODE-3801,SATCOM,1297,1142,DELAY
2025-01-01 02:55:16,NODE-5972,NODE-2400,RF,225,292,SUCCESS
2025-01-01 02:55:18,NODE-6292,NODE-3664,SATCOM,218,239,SUCCESS
2025-01-01 02:55:20,NODE-4769,NODE-5632,FIBER,99,688,SUCCESS
2025-01-01 02:55:23,NODE-5956,NODE-8623,FIBER,67,1347,SUCCESS
2025-01-01 02:55:24,NODE-5586,NODE-7223,RF,183,262,SUCCESS
2025-01-01 02:55:25,NODE-1478,NODE-5096,FIBER,93,894,SUCCESS
2025-01-01 02:55:27,NODE-9611,NODE-5487,FIBER,193,1087,SUCCESS
2025-01-01 02:55:31,NODE-9853,NODE-5819,SATCOM,91,913,SUCCESS
2025-01-01 02:55:32,NODE-9015,NODE-9382,FIBER,56,1207,SUCCESS
2025-01-01 02:55:34,NODE-7859,NODE-1169,SATCOM,141,1393,SUCCESS
2025-01-01 02:55:38,NODE-4391,NODE-5069,FIBER,54,1375,SUCCESS
2025-01-01 02:55:40,NODE-3027,NODE-6983,SATCOM,134,447,SUCCESS
2025-01-01 02:55:44,NODE-2283,NODE-3274,RF,173,1338,SUCCESS
2025-01-01 02:55:48,NODE-7602,NODE-9238,FIBER,162,525,SUCCESS
2025-01-01 02:55:51,NODE-9865,NODE-7275,FIBER,212,969,SUCCESS
2025-01-01 02:55:55,NODE-3087,NODE-7620,FIBER,87,369,SUCCESS
2025-01-01 02:55:56,NODE-9576,NODE-6884,FIBER,170,1047,SUCCESS
2025-01-01 02:55:59,NODE-7831,NODE-7564,RF,1444,804,DELAY
2025-01-01 02:56:03,NODE-6338,NODE-1742,RF,185,1043,SUCCESS
2025-01-01 02:56:04,NODE-9270,NODE-1245,FIBER,243,421,SUCCESS
2025-01-01 02:56:06,NODE-6287,NODE-7166,RF,249,678,SUCCESS
2025-01-01 02:56:10,NODE-6373,NODE-7607,SATCOM,61,1029,SUCCESS
2025-01-01 02:56:11,NODE-5850,NODE-2186,SATCOM,169,684,SUCCESS
2025-01-01 02:56:12,NODE-6808,NODE-3844,SATCOM,51,1481,SUCCESS
2025-01-01 02:56:16,NODE-7699,NODE-2265,RF,184,251,SUCCESS
2025-01-01 02:56:18,NODE-4972,NODE-8643,RF,57,456,SUCCESS
2025-01-01 02:56:21,NODE-7595,NODE-4245,RF,825,1381,DELAY
2025-01-01 02:56:22,NODE-5661,NODE-1985,SATCOM,871,734,DELAY
2025-01-01 02:56:26,NODE-6801,NODE-3828,FIBER,86,534,SUCCESS
2025-01-01 02:56:30,NODE-4387,NODE-8355,RF,190,259,SUCCESS
2025-01-01 02:56:31,NODE-8005,NODE-8721,SATCOM,185,1267,SUCCESS
2025-01-01 02:56:35,NODE-8468,NODE-4163,SATCOM,64,932,SUCCESS
2025-01-01 02:56:37,NODE-9693,NODE-2472,FIBER,195,840,SUCCESS
2025-01-01 02:56:41,NODE-2687,NODE-4822,RF,79,1136,SUCCESS
2025-01-01 02:56:42,NODE-2337,NODE-9228,FIBER,1123,325,DELAY
2025-01-01 02:56:43,NODE-7224,NODE-3067,RF,209,1007,SUCCESS
2025-01-01 02:56:47,NODE-8249,NODE-7293,FIBER,64,1367,SUCCESS
2025-01-01 02:56:50,NODE-8031,NODE-3356,RF,212,1458,SUCCESS
2025-01-01 02:56:53,NODE-7964,NODE-2289,SATCOM,138,516,SUCCESS
2025-01-01 02:56:55,NODE-9781,NODE-1690,FIBER,87,1053,SUCCESS
2025-01-01 02:56:57,NODE-3348,NODE-3562,FIBER,165,397,SUCCESS
2025-01-01 02:57:00,NODE-2255,NODE-9416,SATCOM,112,1266,SUCCESS
2025-01-01 02:57:01,NODE-7148,NODE-4036,FIBER,162,1468,SUCCESS
2025-01-01 02:57:05,NODE-7118,NODE-9571,RF,109,1166,SUCCESS
2025-01-01 02:57:07,NODE-6595,NODE-4099,RF,234,261,SUCCESS
2025-01-01 02:57:09,NODE-7162,NODE-2656,FIBER,177,416,SUCCESS
2025-01-01 02:57:10,NODE-6486,NODE-9656,FIBER,191,1238,SUCCESS
2025-01-01 02:57:13,NODE-3728,NODE-3707,RF,248,646,SUCCESS
2025-01-01 02:57:17,NODE-7491,NODE-6271,SATCOM,221,1054,SUCCESS
2025-01-01 02:57:21,NODE-8028,NODE-2646,SATCOM,182,884,SUCCESS
2025-01-01 02:57:22,NODE-4304,NODE-3398,FIBER,70,212,SUCCESS
2025-01-01 02:57:25,NODE-2087,NODE-4645,SATCOM,112,1252,SUCCESS
2025-01-01 02:57:28,NODE-5620,NODE-4978,RF,45,1380,SUCCESS
2025-01-01 02:57:31,NODE-8956,NODE-4601,RF,100,1378,SUCCESS
2025-01-01 02:57:35,NODE-5737,NODE-3655,FIBER,73,243,SUCCESS
2025-01-01 02:57:38,NODE-9597,NODE-3675,FIBER,841,1360,DELAY
2025-01-01 02:57:42,NODE-3103,NODE-2646,RF,2113,3583,FAIL
2025-01-01 02:57:44,NODE-5458,NODE-2834,SATCOM,169,966,SUCCESS
2025-01-01 02:57:45,NODE-8470,NODE-3044,RF,63,1278,SUCCESS
2025-01-01 02:57:48,NODE-1700,NODE-1982,RF,2238,6670,FAIL
2025-01-01 02:57:52,NODE-6553,NODE-1994,SATCOM,90,723,SUCCESS
2025-01-01 02:57:53,NODE-7099,NODE-8777,SATCOM,174,753,SUCCESS
2025-01-01 02:57:55,NODE-3310,NODE-9772,RF,193,1349,SUCCESS
2025-01-01 02:57:57,NODE-5891,NODE-4190,SATCOM,244,470,SUCCESS
2025-01-01 02:57:58,NODE-2748,NODE-2969,RF,108,1193,SUCCESS
2025-01-01 02:58:02,NODE-9011,NODE-6313,RF,112,956,SUCCESS
2025-01-01 02:58:05,NODE-1030,NODE-9092,SATCOM,95,208,SUCCESS
2025-01-01 02:58:07,NODE-3359,NODE-3037,SATCOM,247,1075,SUCCESS
2025-01-01 02:58:10,NODE-1408,NODE-9412,FIBER,134,1367,SUCCESS
2025-01-01 02:58:14,NODE-7869,NODE-8565,RF,124,1335,SUCCESS
2025-01-01 02:58:17,NODE-2869,NODE-4785,SATCOM,98,1319,SUCCESS
2025-01-01 02:58:18,NODE-4871,NODE-2389,FIBER,180,236,SUCCESS
2025-01-01 02:58:21,NODE-3181,NODE-9567,SATCOM,161,432,SUCCESS
2025-01-01 02:58:24,NODE-1153,NODE-4796,SATCOM,238,1272,SUCCESS
2025-01-01 02:58:26,NODE-8724,NODE-3093,RF,124,504,SUCCESS
2025-01-01 02:58:29,NODE-5610,NODE-5596,RF,212,1147,SUCCESS
2025-01-01 02:58:30,NODE-1653,NODE-7934,RF,78,992,SUCCESS
2025-01-01 02:58:31,NODE-7935,NODE-1726,RF,173,1263,SUCCESS
2025-01-01 02:58:35,NODE-3642,NODE-1810,SATCOM,98,1302,SUCCESS
2025-01-01 02:58:38,NODE-8641,NODE-5295,SATCOM,1185,655,DELAY
2025-01-01 02:58:42,NODE-8608,NODE-4946,RF,41,773,SUCCESS
2025-01-01 02:58:45,NODE-9518,NODE-8127,FIBER,70,1495,SUCCESS
2025-01-01 02:58:47,NODE-9754,NODE-4680,RF,128,644,SUCCESS
2025-01-01 02:58:49,NODE-7147,NODE-6343,RF,230,432,SUCCESS
2025-01-01 02:58:53,NODE-1138,NODE-2841,SATCOM,218,1033,SUCCESS
2025-01-01 02:58:57,NODE-7579,NODE-9911,FIBER,118,1390,SUCCESS
2025-01-01 02:59:01,NODE-8700,NODE-7944,SATCOM,60,393,SUCCESS
2025-01-01 02:59:05,NODE-4452,NODE-6686,RF,91,1368,SUCCESS
2025-01-01 02:59:08,NODE-9970,NODE-8135,FIBER,170,449,SUCCESS
2025-01-01 02:59:12,NODE-4945,NODE-5260,RF,125,363,SUCCESS
2025-01-01 02:59:14,NODE-2285,NODE-8757,RF,237,1489,SUCCESS
2025-01-01 02:59:18,NODE-2118,NODE-9563,RF,98,772,SUCCESS
2025-01-01 02:59:19,NODE-9469,NODE-8830,SATCOM,47,406,SUCCESS
2025-01-01 02:59:20,NODE-8155,NODE-8974,FIBER,1482,778,DELAY
2025-01-01 02:59:24,NODE-1757,NODE-1595,SATCOM,184,363,SUCCESS
2025-01-01 02:59:26,NODE-5384,NODE-8621,FIBER,196,1484,SUCCESS
2025-01-01 02:59:27,NODE-3641,NODE-9653,RF,168,220,SUCCESS
2025-01-01 02:59:28,NODE-1646,NODE-5912,RF,222,794,SUCCESS
2025-01-01 02:59:31,NODE-8391,NODE-1540,FIBER,149,1335,SUCCESS
2025-01-01 02:59:34,NODE-5446,NODE-2252,FIBER,178,597,SUCCESS
2025-01-01 02:59:37,NODE-6141,NODE-2420,RF,137,1470,SUCCESS
2025-01-01 02:59:38,NODE-4952,NODE-1199,SATCOM,1175,250,DELAY
2025-01-01 02:59:41,NODE-3410,NODE-9397,FIBER,232,1128,SUCCESS
2025-01-01 02:59:42,NODE-8884,NODE-6846,RF,237,685,SUCCESS
2025-01-01 02:59:43,NODE-3850,NODE-6472,RF,926,840,DELAY
2025-01-01 02:59:44,NODE-3897,NODE-3217,FIBER,103,809,SUCCESS
2025-01-01 02:59:46,NODE-9385,NODE-2835,FIBER,100,588,SUCCESS
2025-01-01 02:59:47,NODE-2839,NODE-3000,SATCOM,1408,580,DELAY
2025-01-01 02:59:51,NODE-7333,NODE-9898,RF,64,274,SUCCESS
2025-01-01 02:59:52,NODE-4150,NODE-9642,SATCOM,194,1484,SUCCESS
2025-01-01 02:59:53,NODE-1125,NODE-1775,SATCOM,132,1292,SUCCESS
2025-01-01 02:59:54,NODE-3675,NODE-2318,RF,169,294,SUCCESS
2025-01-01 02:59:56,NODE-2905,NODE-6994,FIBER,75,817,SUCCESS
2025-01-01 03:00:00,NODE-3626,NODE-9969,FIBER,91,1425,SUCCESS
2025-01-01 03:00:03,NODE-9770,NODE-1694,RF,109,863,SUCCESS
2025-01-01 03:00:06,NODE-4407,NODE-4252,RF,57,1431,SUCCESS
2025-01-01 03:00:09,NODE-1854,NODE-5383,SATCOM,72,1372,SUCCESS
2025-01-01 03:00:12,NODE-3428,NODE-9323,SATCOM,1176,427,DELAY
2025-01-01 03:00:15,NODE-8509,NODE-3720,FIBER,1443,256,DELAY
2025-01-01 03:00:18,NODE-2801,NODE-7862,RF,133,374,SUCCESS
2025-01-01 03:00:19,NODE-7813,NODE-5520,SATCOM,74,919,SUCCESS
2025-01-01 03:00:23,NODE-5306,NODE-4120,RF,114,1201,SUCCESS
2025-01-01 03:00:27,NODE-5830,NODE-7477,RF,140,737,SUCCESS
2025-01-01 03:00:31,NODE-4035,NODE-5854,RF,70,1036,SUCCESS
2025-01-01 03:00:33,NODE-3994,NODE-3083,FIBER,130,724,SUCCESS
2025-01-01 03:00:35,NODE-9123,NODE-5491,FIBER,84,1204,SUCCESS
2025-01-01 03:00:39,NODE-1521,NODE-3659,RF,95,1048,SUCCESS
2025-01-01 03:00:40,NODE-3139,NODE-3530,RF,217,994,SUCCESS
2025-01-01 03:00:42,NODE-8069,NODE-8239,SATCOM,59,443,SUCCESS
2025-01-01 03:00:44,NODE-8270,NODE-9514,SATCOM,91,645,SUCCESS
2025-01-01 03:00:47,NODE-4623,NODE-8321,FIBER,60,854,SUCCESS
2025-01-01 03:00:51,NODE-6615,NODE-3415,FIBER,2119,4299,FAIL
2025-01-01 03:00:52,NODE-4947,NODE-2239,FIBER,199,1227,SUCCESS
2025-01-01 03:00:55,NODE-6416,NODE-7133,FIBER,228,1115,SUCCESS
2025-01-01 03:00:56,NODE-8749,NODE-9750,RF,182,996,SUCCESS
2025-01-01 03:00:57,NODE-1180,NODE-2549,RF,3020,4003,FAIL
2025-01-01 03:01:00,NODE-7277,NODE-3067,FIBER,151,300,SUCCESS
2025-01-01 03:01:01,NODE-3127,NODE-7288,FIBER,109,222,SUCCESS
2025-01-01 03:01:03,NODE-9654,NODE-7481,RF,135,256,SUCCESS
2025-01-01 03:01:04,NODE-2570,NODE-1605,FIBER,98,1234,SUCCESS
2025-01-01 03:01:05,NODE-4232,NODE-3795,RF,227,613,SUCCESS
2025-01-01 03:01:08,NODE-9887,NODE-6431,FIBER,3011,6631,FAIL
2025-01-01 03:01:12,NODE-8684,NODE-4920,SATCOM,248,1398,SUCCESS
2025-01-01 03:01:14,NODE-8099,NODE-4138,FIBER,1541,210,DELAY
2025-01-01 03:01:16,NODE-1724,NODE-7576,RF,2207,3746,FAIL
2025-01-01 03:01:20,NODE-7980,NODE-2692,SATCOM,230,587,SUCCESS
2025-01-01 03:01:24,NODE-9380,NODE-5923,RF,112,725,SUCCESS
2025-01-01 03:01:25,NODE-8008,NODE-2386,FIBER,114,649,SUCCESS
2025-01-01 03:01:27,NODE-8906,NODE-3932,FIBER,2944,4049,FAIL
2025-01-01 03:01:28,NODE-5920,NODE-6485,FIBER,1389,1102,DELAY
2025-01-01 03:01:29,NODE-6870,NODE-9205,RF,831,707,DELAY
2025-01-01 03:01:30,NODE-4420,NODE-9996,SATCOM,1873,6953,FAIL
2025-01-01 03:01:32,NODE-3590,NODE-5909,SATCOM,90,1026,SUCCESS
2025-01-01 03:01:36,NODE-4368,NODE-7388,FIBER,250,417,SUCCESS
2025-01-01 03:01:39,NODE-7946,NODE-5797,FIBER,142,703,SUCCESS
2025-01-01 03:01:40,NODE-5997,NODE-6086,SATCOM,172,929,SUCCESS
2025-01-01 03:01:42,NODE-1723,NODE-8800,FIBER,242,541,SUCCESS
2025-01-01 03:01:45,NODE-8280,NODE-6557,FIBER,235,561,SUCCESS
2025-01-01 03:01:46,NODE-8463,NODE-8465,SATCOM,157,330,SUCCESS
2025-01-01 03:01:49,NODE-8516,NODE-6728,SATCOM,141,359,SUCCESS
2025-01-01 03:01:52,NODE-1193,NODE-8380,SATCOM,113,372,SUCCESS
2025-01-01 03:01:54,NODE-1271,NODE-4788,FIBER,1089,600,DELAY
2025-01-01 03:01:57,NODE-5438,NODE-5743,FIBER,119,1455,SUCCESS
2025-01-01 03:02:01,NODE-8975,NODE-9458,FIBER,105,1035,SUCCESS
2025-01-01 03:02:04,NODE-4240,NODE-9364,RF,151,419,SUCCESS
2025-01-01 03:02:06,NODE-8645,NODE-9850,FIBER,1377,258,DELAY
2025-01-01 03:02:08,NODE-5312,NODE-3099,FIBER,2277,5744,FAIL
2025-01-01 03:02:09,NODE-6163,NODE-4654,RF,90,538,SUCCESS
2025-01-01 03:02:10,NODE-3097,NODE-6884,RF,61,449,SUCCESS
2025-01-01 03:02:11,NODE-3036,NODE-5802,SATCOM,187,1209,SUCCESS
2025-01-01 03:02:15,NODE-2830,NODE-8895,RF,76,804,SUCCESS
2025-01-01 03:02:17,NODE-1543,NODE-8617,RF,227,664,SUCCESS
2025-01-01 03:02:21,NODE-3363,NODE-4822,RF,170,1322,SUCCESS
2025-01-01 03:02:24,NODE-2494,NODE-3333,FIBER,1805,5676,FAIL
2025-01-01 03:02:26,NODE-3092,NODE-8424,SATCOM,109,458,SUCCESS
2025-01-01 03:02:30,NODE-9348,NODE-8362,FIBER,1185,670,DELAY
2025-01-01 03:02:32,NODE-9967,NODE-2502,FIBER,1249,517,DELAY
2025-01-01 03:02:36,NODE-7857,NODE-1935,SATCOM,149,1038,SUCCESS
2025-01-01 03:02:37,NODE-8707,NODE-7634,FIBER,2082,4758,FAIL
2025-01-01 03:02:39,NODE-8676,NODE-2139,SATCOM,112,613,SUCCESS
2025-01-01 03:02:43,NODE-5681,NODE-6933,FIBER,66,930,SUCCESS
2025-01-01 03:02:46,NODE-3749,NODE-3712,SATCOM,95,587,SUCCESS
2025-01-01 03:02:49,NODE-6626,NODE-3339,SATCOM,91,1182,SUCCESS
2025-01-01 03:02:51,NODE-3171,NODE-9684,FIBER,1207,1306,DELAY
2025-01-01 03:02:53,NODE-7961,NODE-2818,RF,233,392,SUCCESS
2025-01-01 03:02:56,NODE-4986,NODE-8518,FIBER,804,756,DELAY
2025-01-01 03:02:58,NODE-7889,NODE-3942,FIBER,1252,366,DELAY
2025-01-01 03:02:59,NODE-4618,NODE-3575,RF,238,1202,SUCCESS
2025-01-01 03:03:00,NODE-4584,NODE-5720,FIBER,96,953,SUCCESS
2025-01-01 03:03:03,NODE-6404,NODE-6714,RF,75,350,SUCCESS
2025-01-01 03:03:06,NODE-2670,NODE-7130,RF,210,867,SUCCESS
2025-01-01 03:03:07,NODE-6104,NODE-8197,RF,132,387,SUCCESS
2025-01-01 03:03:11,NODE-9124,NODE-3578,RF,87,860,SUCCESS
2025-01-01 03:03:12,NODE-6269,NODE-6181,RF,248,898,SUCCESS
2025-01-01 03:03:16,NODE-3205,NODE-9893,FIBER,111,493,SUCCESS
2025-01-01 03:03:18,NODE-7746,NODE-3535,SATCOM,172,995,SUCCESS
2025-01-01 03:03:21,NODE-4534,NODE-1121,SATCOM,101,1258,SUCCESS
2025-01-01 03:03:25,NODE-3255,NODE-2545,RF,177,1443,SUCCESS
2025-01-01 03:03:28,NODE-7573,NODE-4565,SATCOM,1575,1301,DELAY
2025-01-01 03:03:32,NODE-1336,NODE-3396,FIBER,240,593,SUCCESS
2025-01-01 03:03:33,NODE-9376,NODE-4842,FIBER,61,1268,SUCCESS
2025-01-01 03:03:36,NODE-8497,NODE-9181,SATCOM,147,689,SUCCESS
2025-01-01 03:03:37,NODE-3470,NODE-8176,FIBER,105,509,SUCCESS
2025-01-01 03:03:41,NODE-1450,NODE-9785,FIBER,41,1041,SUCCESS
2025-01-01 03:03:43,NODE-2621,NODE-5554,FIBER,819,826,DELAY
2025-01-01 03:03:46,NODE-9632,NODE-2643,RF,207,1387,SUCCESS
2025-01-01 03:03:48,NODE-8581,NODE-2357,FIBER,227,1410,SUCCESS
2025-01-01 03:03:52,NODE-5260,NODE-6703,SATCOM,172,878,SUCCESS
2025-01-01 03:03:54,NODE-5886,NODE-8081,SATCOM,97,1329,SUCCESS
2025-01-01 03:03:57,NODE-1515,NODE-8554,RF,58,788,SUCCESS
2025-01-01 03:04:00,NODE-6545,NODE-6006,FIBER,154,484,SUCCESS
2025-01-01 03:04:04,NODE-6308,NODE-8977,SATCOM,1403,276,DELAY
2025-01-01 03:04:05,NODE-8672,NODE-5999,FIBER,217,1374,SUCCESS
2025-01-01 03:04:08,NODE-6051,NODE-4792,SATCOM,74,865,SUCCESS
2025-01-01 03:04:11,NODE-4213,NODE-6171,FIBER,65,1189,SUCCESS
2025-01-01 03:04:15,NODE-2270,NODE-3017,FIBER,51,377,SUCCESS
2025-01-01 03:04:18,NODE-7779,NODE-1588,SATCOM,2944,6003,FAIL
2025-01-01 03:04:19,NODE-8754,NODE-6633,FIBER,168,465,SUCCESS
2025-01-01 03:04:20,NODE-6081,NODE-7820,RF,84,685,SUCCESS
2025-01-01 03:04:21,NODE-8654,NODE-6421,FIBER,72,1344,SUCCESS
2025-01-01 03:04:25,NODE-5868,NODE-6290,SATCOM,147,1125,SUCCESS
2025-01-01 03:04:29,NODE-9329,NODE-1782,FIBER,169,706,SUCCESS
2025-01-01 03:04:31,NODE-2665,NODE-6508,RF,236,827,SUCCESS
2025-01-01 03:04:34,NODE-5665,NODE-9487,FIBER,75,391,SUCCESS
2025-01-01 03:04:37,NODE-3810,NODE-3293,FIBER,42,826,SUCCESS
2025-01-01 03:04:41,NODE-8577,NODE-6409,FIBER,160,803,SUCCESS
2025-01-01 03:04:45,NODE-5210,NODE-9894,FIBER,231,987,SUCCESS
2025-01-01 03:04:48,NODE-8728,NODE-4064,FIBER,224,696,SUCCESS
2025-01-01 03:04:49,NODE-9555,NODE-6861,RF,172,1474,SUCCESS
2025-01-01 03:04:50,NODE-3088,NODE-3173,FIBER,1229,1322,DELAY
2025-01-01 03:04:54,NODE-2427,NODE-6582,FIBER,52,993,SUCCESS
2025-01-01 03:04:56,NODE-5159,NODE-9298,SATCOM,233,542,SUCCESS
2025-01-01 03:04:58,NODE-2394,NODE-8786,FIBER,205,719,SUCCESS
2025-01-01 03:05:01,NODE-2897,NODE-4018,FIBER,205,237,SUCCESS
2025-01-01 03:05:02,NODE-9209,NODE-6401,FIBER,62,795,SUCCESS
2025-01-01 03:05:06,NODE-5890,NODE-6278,RF,244,1418,SUCCESS
2025-01-01 03:05:07,NODE-1679,NODE-5659,RF,130,1452,SUCCESS
2025-01-01 03:05:08,NODE-5711,NODE-3848,RF,213,1173,SUCCESS
2025-01-01 03:05:09,NODE-9494,NODE-7044,RF,91,909,SUCCESS
2025-01-01 03:05:11,NODE-1083,NODE-8948,RF,96,1138,SUCCESS
2025-01-01 03:05:15,NODE-7700,NODE-7089,FIBER,211,298,SUCCESS
2025-01-01 03:05:17,NODE-9055,NODE-3157,FIBER,103,379,SUCCESS
2025-01-01 03:05:20,NODE-1338,NODE-8859,SATCOM,160,295,SUCCESS
2025-01-01 03:05:23,NODE-3291,NODE-7450,FIBER,2354,4374,FAIL
2025-01-01 03:05:25,NODE-7630,NODE-7394,SATCOM,81,351,SUCCESS
2025-01-01 03:05:29,NODE-2613,NODE-5637,SATCOM,148,959,SUCCESS
2025-01-01 03:05:33,NODE-6890,NODE-9111,RF,155,1281,SUCCESS
2025-01-01 03:05:34,NODE-5025,NODE-8147,SATCOM,156,1465,SUCCESS
2025-01-01 03:05:36,NODE-3967,NODE-7537,SATCOM,70,1435,SUCCESS
2025-01-01 03:05:39,NODE-2763,NODE-3997,SATCOM,805,881,DELAY
2025-01-01 03:05:42,NODE-8538,NODE-7720,FIBER,1860,4520,FAIL
2025-01-01 03:05:43,NODE-5385,NODE-9692,SATCOM,171,1023,SUCCESS
2025-01-01 03:05:45,NODE-6421,NODE-6575,SATCOM,218,574,SUCCESS
2025-01-01 03:05:48,NODE-7310,NODE-2451,RF,70,366,SUCCESS
2025-01-01 03:05:49,NODE-5153,NODE-4735,FIBER,113,447,SUCCESS
2025-01-01 03:05:51,NODE-8424,NODE-1519,FIBER,43,446,SUCCESS
2025-01-01 03:05:54,NODE-2191,NODE-2878,FIBER,134,507,SUCCESS
2025-01-01 03:05:57,NODE-7557,NODE-3627,SATCOM,232,1014,SUCCESS
2025-01-01 03:05:59,NODE-6096,NODE-7303,SATCOM,138,1370,SUCCESS
2025-01-01 03:06:02,NODE-3310,NODE-8921,RF,228,878,SUCCESS
2025-01-01 03:06:04,NODE-6321,NODE-3583,RF,116,1390,SUCCESS
2025-01-01 03:06:06,NODE-7856,NODE-3510,RF,117,1337,SUCCESS
2025-01-01 03:06:10,NODE-8005,NODE-7825,FIBER,142,1016,SUCCESS
2025-01-01 03:06:11,NODE-3557,NODE-6277,SATCOM,193,297,SUCCESS
2025-01-01 03:06:14,NODE-3159,NODE-5474,RF,157,297,SUCCESS
2025-01-01 03:06:15,NODE-9009,NODE-7032,RF,94,525,SUCCESS
2025-01-01 03:06:18,NODE-4219,NODE-9281,SATCOM,1876,4083,FAIL
2025-01-01 03:06:22,NODE-6174,NODE-6978,RF,107,829,SUCCESS
2025-01-01 03:06:23,NODE-7816,NODE-9463,SATCOM,133,1218,SUCCESS
2025-01-01 03:06:26,NODE-6973,NODE-5782,FIBER,189,645,SUCCESS
2025-01-01 03:06:28,NODE-5555,NODE-7166,RF,2555,6583,FAIL
2025-01-01 03:06:29,NODE-4117,NODE-4459,SATCOM,112,691,SUCCESS
2025-01-01 03:06:31,NODE-2096,NODE-2242,RF,187,856,SUCCESS
2025-01-01 03:06:32,NODE-6481,NODE-7797,SATCOM,60,1485,SUCCESS
2025-01-01 03:06:35,NODE-1701,NODE-4129,SATCOM,210,1190,SUCCESS
2025-01-01 03:06:38,NODE-4830,NODE-2860,RF,69,1380,SUCCESS
2025-01-01 03:06:41,NODE-2489,NODE-4121,RF,128,299,SUCCESS
2025-01-01 03:06:44,NODE-2017,NODE-8637,FIBER,109,575,SUCCESS
2025-01-01 03:06:45,NODE-8765,NODE-8443,FIBER,110,571,SUCCESS
2025-01-01 03:06:46,NODE-3879,NODE-4283,SATCOM,1492,836,DELAY
2025-01-01 03:06:50,NODE-6317,NODE-6092,RF,243,624,SUCCESS
2025-01-01 03:06:52,NODE-5158,NODE-4823,SATCOM,116,483,SUCCESS
2025-01-01 03:06:55,NODE-1005,NODE-4807,RF,236,844,SUCCESS
2025-01-01 03:06:58,NODE-5054,NODE-4307,SATCOM,82,1417,SUCCESS
2025-01-01 03:07:00,NODE-6936,NODE-1863,RF,177,991,SUCCESS
2025-01-01 03:07:02,NODE-5462,NODE-5259,FIBER,202,849,SUCCESS
2025-01-01 03:07:04,NODE-1982,NODE-5956,RF,244,1054,SUCCESS
2025-01-01 03:07:06,NODE-3436,NODE-4176,FIBER,171,440,SUCCESS
2025-01-01 03:07:10,NODE-7978,NODE-5332,RF,1384,805,DELAY
2025-01-01 03:07:13,NODE-9183,NODE-5269,SATCOM,1373,323,DELAY
2025-01-01 03:07:17,NODE-5363,NODE-5227,FIBER,203,1418,SUCCESS
2025-01-01 03:07:21,NODE-7626,NODE-3933,FIBER,147,505,SUCCESS
2025-01-01 03:07:24,NODE-1813,NODE-5902,FIBER,247,860,SUCCESS
2025-01-01 03:07:25,NODE-7004,NODE-8445,SATCOM,176,1495,SUCCESS
2025-01-01 03:07:28,NODE-1635,NODE-4907,SATCOM,1438,581,DELAY
2025-01-01 03:07:30,NODE-8760,NODE-2833,SATCOM,196,1264,SUCCESS
2025-01-01 03:07:33,NODE-5886,NODE-8724,SATCOM,202,1148,SUCCESS
2025-01-01 03:07:37,NODE-1123,NODE-7506,RF,208,827,SUCCESS
2025-01-01 03:07:41,NODE-9352,NODE-9344,SATCOM,148,875,SUCCESS
2025-01-01 03:07:45,NODE-1099,NODE-3534,SATCOM,189,307,SUCCESS
2025-01-01 03:07:46,NODE-7932,NODE-5377,SATCOM,242,1488,SUCCESS
2025-01-01 03:07:50,NODE-9429,NODE-3464,FIBER,98,1092,SUCCESS
2025-01-01 03:07:53,NODE-5553,NODE-6127,SATCOM,144,767,SUCCESS
2025-01-01 03:07:54,NODE-5487,NODE-2270,SATCOM,140,546,SUCCESS
2025-01-01 03:07:55,NODE-7066,NODE-6509,RF,103,483,SUCCESS
2025-01-01 03:07:59,NODE-1103,NODE-4293,SATCOM,1365,1231,DELAY
2025-01-01 03:08:01,NODE-8225,NODE-7021,RF,81,305,SUCCESS
2025-01-01 03:08:02,NODE-2770,NODE-8946,SATCOM,131,1344,SUCCESS
2025-01-01 03:08:04,NODE-5831,NODE-2553,FIBER,211,430,SUCCESS
2025-01-01 03:08:08,NODE-8804,NODE-6028,FIBER,64,233,SUCCESS
2025-01-01 03:08:10,NODE-1727,NODE-8512,FIBER,218,327,SUCCESS
2025-01-01 03:08:11,NODE-7523,NODE-3534,RF,223,1019,SUCCESS
2025-01-01 03:08:15,NODE-8159,NODE-5593,SATCOM,206,641,SUCCESS
2025-01-01 03:08:16,NODE-4154,NODE-4637,FIBER,137,454,SUCCESS
2025-01-01 03:08:19,NODE-9733,NODE-8697,FIBER,130,1154,SUCCESS
2025-01-01 03:08:22,NODE-9588,NODE-3423,RF,49,1204,SUCCESS
2025-01-01 03:08:23,NODE-8058,NODE-3476,FIBER,245,1022,SUCCESS
2025-01-01 03:08:27,NODE-5215,NODE-3400,FIBER,91,837,SUCCESS
2025-01-01 03:08:31,NODE-7256,NODE-5104,SATCOM,209,1321,SUCCESS
2025-01-01 03:08:33,NODE-6937,NODE-6157,FIBER,182,440,SUCCESS
2025-01-01 03:08:37,NODE-7116,NODE-7961,FIBER,206,319,SUCCESS
2025-01-01 03:08:41,NODE-5009,NODE-9652,SATCOM,220,936,SUCCESS
2025-01-01 03:08:45,NODE-1001,NODE-2020,RF,159,765,SUCCESS
2025-01-01 03:08:48,NODE-1418,NODE-2886,RF,111,811,SUCCESS
2025-01-01 03:08:49,NODE-6840,NODE-5975,SATCOM,1474,631,DELAY
2025-01-01 03:08:53,NODE-5087,NODE-3689,SATCOM,147,461,SUCCESS
2025-01-01 03:08:55,NODE-8088,NODE-6861,FIBER,167,688,SUCCESS
2025-01-01 03:08:56,NODE-7916,NODE-7919,RF,181,389,SUCCESS
2025-01-01 03:09:00,NODE-7130,NODE-8314,RF,209,1394,SUCCESS
2025-01-01 03:09:03,NODE-9374,NODE-7283,RF,67,1121,SUCCESS
2025-01-01 03:09:04,NODE-3055,NODE-7783,SATCOM,1183,1194,DELAY
2025-01-01 03:09:05,NODE-1808,NODE-7841,RF,248,1018,SUCCESS
2025-01-01 03:09:09,NODE-3917,NODE-1902,SATCOM,209,568,SUCCESS
2025-01-01 03:09:12,NODE-8126,NODE-3320,FIBER,2951,5765,FAIL
2025-01-01 03:09:14,NODE-7642,NODE-3307,FIBER,66,1500,SUCCESS
2025-01-01 03:09:15,NODE-1032,NODE-3202,FIBER,1182,1087,DELAY
2025-01-01 03:09:18,NODE-3357,NODE-4356,FIBER,156,1456,SUCCESS
2025-01-01 03:09:21,NODE-6177,NODE-6210,FIBER,157,692,SUCCESS
2025-01-01 03:09:25,NODE-5647,NODE-9919,RF,183,488,SUCCESS
2025-01-01 03:09:28,NODE-4680,NODE-8882,RF,97,622,SUCCESS
2025-01-01 03:09:30,NODE-7593,NODE-1502,SATCOM,120,493,SUCCESS
2025-01-01 03:09:34,NODE-9196,NODE-7718,FIBER,170,938,SUCCESS
2025-01-01 03:09:35,NODE-7337,NODE-2072,SATCOM,61,746,SUCCESS
2025-01-01 03:09:37,NODE-4729,NODE-3847,SATCOM,139,208,SUCCESS
2025-01-01 03:09:41,NODE-3155,NODE-6554,FIBER,2346,3152,FAIL
2025-01-01 03:09:43,NODE-8329,NODE-7033,FIBER,2226,5301,FAIL
2025-01-01 03:09:46,NODE-5000,NODE-9955,FIBER,106,558,SUCCESS
2025-01-01 03:09:50,NODE-5593,NODE-4564,FIBER,235,569,SUCCESS
2025-01-01 03:09:54,NODE-9539,NODE-9756,RF,134,1341,SUCCESS
2025-01-01 03:09:57,NODE-6870,NODE-9914,FIBER,126,1329,SUCCESS
2025-01-01 03:09:58,NODE-3017,NODE-9516,FIBER,2457,6812,FAIL
2025-01-01 03:10:01,NODE-1739,NODE-2137,FIBER,1543,1093,DELAY
2025-01-01 03:10:04,NODE-1369,NODE-9950,RF,106,203,SUCCESS
2025-01-01 03:10:07,NODE-6851,NODE-7571,RF,199,1415,SUCCESS
2025-01-01 03:10:08,NODE-4004,NODE-3769,SATCOM,151,1421,SUCCESS
2025-01-01 03:10:12,NODE-3225,NODE-5588,FIBER,1430,1123,DELAY
2025-01-01 03:10:14,NODE-8693,NODE-1204,SATCOM,107,1157,SUCCESS
2025-01-01 03:10:18,NODE-7449,NODE-4884,RF,66,722,SUCCESS
2025-01-01 03:10:22,NODE-9787,NODE-6815,RF,74,303,SUCCESS
2025-01-01 03:10:24,NODE-3932,NODE-6604,RF,49,1363,SUCCESS
2025-01-01 03:10:26,NODE-3533,NODE-8334,SATCOM,2545,6150,FAIL
2025-01-01 03:10:30,NODE-3076,NODE-2164,FIBER,221,668,SUCCESS
2025-01-01 03:10:34,NODE-4328,NODE-1074,RF,148,1316,SUCCESS
2025-01-01 03:10:36,NODE-8480,NODE-3403,SATCOM,1117,1464,DELAY
2025-01-01 03:10:37,NODE-6385,NODE-7162,FIBER,171,912,SUCCESS
2025-01-01 03:10:39,NODE-3725,NODE-9966,SATCOM,173,703,SUCCESS
2025-01-01 03:10:40,NODE-5888,NODE-1692,RF,58,1265,SUCCESS
2025-01-01 03:10:42,NODE-5043,NODE-2625,RF,70,487,SUCCESS
2025-01-01 03:10:46,NODE-7330,NODE-1600,SATCOM,203,637,SUCCESS
2025-01-01 03:10:47,NODE-1161,NODE-8688,RF,159,512,SUCCESS
2025-01-01 03:10:48,NODE-8744,NODE-4441,FIBER,222,1082,SUCCESS
2025-01-01 03:10:52,NODE-3228,NODE-2193,RF,156,483,SUCCESS
2025-01-01 03:10:54,NODE-2817,NODE-2966,FIBER,142,583,SUCCESS
2025-01-01 03:10:56,NODE-9412,NODE-3246,RF,104,288,SUCCESS
2025-01-01 03:10:57,NODE-5516,NODE-2057,SATCOM,95,1129,SUCCESS
2025-01-01 03:10:58,NODE-9625,NODE-4334,FIBER,151,291,SUCCESS
2025-01-01 03:10:59,NODE-6125,NODE-8730,SATCOM,233,891,SUCCESS
2025-01-01 03:11:01,NODE-6490,NODE-2851,RF,99,1191,SUCCESS
2025-01-01 03:11:04,NODE-8835,NODE-9064,RF,1475,734,DELAY
2025-01-01 03:11:05,NODE-7634,NODE-1657,SATCOM,165,906,SUCCESS
2025-01-01 03:11:06,NODE-7830,NODE-2403,FIBER,54,1331,SUCCESS
2025-01-01 03:11:08,NODE-8787,NODE-9876,SATCOM,123,1391,SUCCESS
2025-01-01 03:11:09,NODE-1777,NODE-1478,RF,99,1063,SUCCESS
2025-01-01 03:11:10,NODE-4187,NODE-4404,FIBER,133,649,SUCCESS
2025-01-01 03:11:11,NODE-4768,NODE-5424,FIBER,223,1446,SUCCESS
2025-01-01 03:11:15,NODE-4447,NODE-3416,FIBER,114,1220,SUCCESS
2025-01-01 03:11:18,NODE-2134,NODE-7798,SATCOM,125,1277,SUCCESS
2025-01-01 03:11:19,NODE-5697,NODE-1596,RF,1031,1088,DELAY
2025-01-01 03:11:20,NODE-9767,NODE-1923,RF,71,893,SUCCESS
2025-01-01 03:11:23,NODE-1021,NODE-7205,FIBER,95,559,SUCCESS
2025-01-01 03:11:24,NODE-6845,NODE-7564,RF,120,383,SUCCESS
2025-01-01 03:11:26,NODE-4212,NODE-9436,FIBER,49,768,SUCCESS
2025-01-01 03:11:28,NODE-6456,NODE-8215,RF,215,224,SUCCESS
2025-01-01 03:11:29,NODE-4150,NODE-2172,SATCOM,157,1385,SUCCESS
2025-01-01 03:11:30,NODE-9356,NODE-6837,SATCOM,214,477,SUCCESS
2025-01-01 03:11:34,NODE-6394,NODE-7006,RF,1311,1242,DELAY
2025-01-01 03:11:38,NODE-6200,NODE-5259,FIBER,247,1470,SUCCESS
2025-01-01 03:11:40,NODE-3472,NODE-1931,FIBER,80,1177,SUCCESS
2025-01-01 03:11:43,NODE-2715,NODE-4975,RF,127,1189,SUCCESS
2025-01-01 03:11:45,NODE-1302,NODE-2240,SATCOM,56,1290,SUCCESS
2025-01-01 03:11:48,NODE-3139,NODE-6742,SATCOM,113,340,SUCCESS
2025-01-01 03:11:52,NODE-3009,NODE-1166,RF,216,1496,SUCCESS
2025-01-01 03:11:54,NODE-5759,NODE-9972,RF,202,644,SUCCESS
2025-01-01 03:11:56,NODE-9986,NODE-7759,FIBER,62,902,SUCCESS
2025-01-01 03:11:57,NODE-4450,NODE-9185,RF,63,254,SUCCESS
2025-01-01 03:11:59,NODE-9464,NODE-9867,SATCOM,134,1173,SUCCESS
2025-01-01 03:12:00,NODE-1857,NODE-5642,RF,228,574,SUCCESS
2025-01-01 03:12:04,NODE-2324,NODE-1216,FIBER,201,477,SUCCESS
2025-01-01 03:12:06,NODE-5251,NODE-6637,RF,217,736,SUCCESS
2025-01-01 03:12:10,NODE-2511,NODE-5351,FIBER,140,738,SUCCESS
2025-01-01 03:12:14,NODE-5330,NODE-2428,SATCOM,89,1345,SUCCESS
2025-01-01 03:12:16,NODE-9268,NODE-4050,RF,137,1253,SUCCESS
2025-01-01 03:12:20,NODE-8640,NODE-6214,FIBER,229,1140,SUCCESS
2025-01-01 03:12:22,NODE-1331,NODE-3401,FIBER,55,968,SUCCESS
2025-01-01 03:12:26,NODE-4154,NODE-1491,RF,1596,280,DELAY
2025-01-01 03:12:27,NODE-6610,NODE-1814,RF,74,530,SUCCESS
2025-01-01 03:12:28,NODE-7600,NODE-8599,FIBER,148,498,SUCCESS
2025-01-01 03:12:32,NODE-6602,NODE-3772,RF,2279,5755,FAIL
2025-01-01 03:12:35,NODE-9267,NODE-1726,FIBER,187,1117,SUCCESS
2025-01-01 03:12:39,NODE-2337,NODE-7133,SATCOM,223,1292,SUCCESS
2025-01-01 03:12:40,NODE-4083,NODE-7852,SATCOM,223,651,SUCCESS
2025-01-01 03:12:44,NODE-2720,NODE-4956,FIBER,55,517,SUCCESS
2025-01-01 03:12:48,NODE-4239,NODE-8641,SATCOM,227,1383,SUCCESS
2025-01-01 03:12:52,NODE-2299,NODE-4561,SATCOM,203,415,SUCCESS
2025-01-01 03:12:55,NODE-9586,NODE-2720,SATCOM,60,779,SUCCESS
2025-01-01 03:12:58,NODE-5794,NODE-1896,RF,244,1482,SUCCESS
2025-01-01 03:13:00,NODE-6237,NODE-5094,SATCOM,58,421,SUCCESS
2025-01-01 03:13:03,NODE-6693,NODE-7194,FIBER,120,1180,SUCCESS
2025-01-01 03:13:07,NODE-8407,NODE-4380,RF,140,895,SUCCESS
2025-01-01 03:13:10,NODE-2909,NODE-8072,RF,129,262,SUCCESS
2025-01-01 03:13:13,NODE-5762,NODE-4111,SATCOM,151,519,SUCCESS
2025-01-01 03:13:15,NODE-2112,NODE-8509,SATCOM,246,309,SUCCESS
2025-01-01 03:13:17,NODE-1819,NODE-8429,FIBER,248,1059,SUCCESS
2025-01-01 03:13:20,NODE-2791,NODE-7535,SATCOM,68,1221,SUCCESS
2025-01-01 03:13:21,NODE-1348,NODE-8951,FIBER,97,526,SUCCESS
2025-01-01 03:13:25,NODE-8082,NODE-3422,RF,1523,727,DELAY
2025-01-01 03:13:26,NODE-2819,NODE-1979,FIBER,947,518,DELAY
2025-01-01 03:13:27,NODE-3034,NODE-4538,RF,2930,4038,FAIL
2025-01-01 03:13:28,NODE-2538,NODE-8519,SATCOM,175,452,SUCCESS
2025-01-01 03:13:32,NODE-6753,NODE-3923,SATCOM,222,1239,SUCCESS
2025-01-01 03:13:33,NODE-4333,NODE-3892,RF,69,400,SUCCESS
2025-01-01 03:13:34,NODE-9473,NODE-4703,SATCOM,198,252,SUCCESS
2025-01-01 03:13:38,NODE-9086,NODE-6040,FIBER,209,1472,SUCCESS
2025-01-01 03:13:41,NODE-9983,NODE-2511,FIBER,93,236,SUCCESS
2025-01-01 03:13:44,NODE-9375,NODE-4523,SATCOM,101,204,SUCCESS
2025-01-01 03:13:45,NODE-8759,NODE-9768,RF,86,905,SUCCESS
2025-01-01 03:13:47,NODE-4335,NODE-6197,FIBER,105,657,SUCCESS
2025-01-01 03:13:50,NODE-4795,NODE-9292,RF,125,669,SUCCESS
2025-01-01 03:13:52,NODE-3532,NODE-8533,FIBER,86,1373,SUCCESS
2025-01-01 03:13:54,NODE-7876,NODE-3625,RF,161,825,SUCCESS
2025-01-01 03:13:58,NODE-8255,NODE-9708,FIBER,247,206,SUCCESS
2025-01-01 03:14:00,NODE-6027,NODE-7592,FIBER,149,1046,SUCCESS
2025-01-01 03:14:01,NODE-3686,NODE-2092,FIBER,191,1442,SUCCESS
2025-01-01 03:14:04,NODE-7507,NODE-8316,RF,70,1116,SUCCESS
2025-01-01 03:14:08,NODE-1612,NODE-5453,FIBER,160,341,SUCCESS
2025-01-01 03:14:10,NODE-7075,NODE-7630,RF,111,643,SUCCESS
2025-01-01 03:14:14,NODE-1429,NODE-3889,SATCOM,63,1154,SUCCESS
2025-01-01 03:14:16,NODE-6765,NODE-2066,FIBER,97,1033,SUCCESS
2025-01-01 03:14:17,NODE-9983,NODE-2127,RF,84,298,SUCCESS
2025-01-01 03:14:18,NODE-5670,NODE-7810,FIBER,190,423,SUCCESS
2025-01-01 03:14:22,NODE-3415,NODE-2209,RF,109,1297,SUCCESS
2025-01-01 03:14:26,NODE-7917,NODE-7593,RF,134,918,SUCCESS
2025-01-01 03:14:27,NODE-8019,NODE-5325,SATCOM,239,1261,SUCCESS
2025-01-01 03:14:28,NODE-2089,NODE-6035,RF,247,867,SUCCESS
2025-01-01 03:14:30,NODE-4317,NODE-4207,FIBER,184,1074,SUCCESS
2025-01-01 03:14:31,NODE-1565,NODE-3549,RF,215,1113,SUCCESS
2025-01-01 03:14:35,NODE-5311,NODE-5891,RF,183,375,SUCCESS
2025-01-01 03:14:37,NODE-1574,NODE-5841,RF,76,1205,SUCCESS
2025-01-01 03:14:41,NODE-1087,NODE-3928,FIBER,68,1095,SUCCESS
2025-01-01 03:14:44,NODE-9293,NODE-7389,RF,207,1078,SUCCESS
2025-01-01 03:14:48,NODE-7539,NODE-6810,FIBER,1078,1331,DELAY
2025-01-01 03:14:52,NODE-3154,NODE-2102,RF,168,1117,SUCCESS
2025-01-01 03:14:56,NODE-6794,NODE-6399,RF,155,461,SUCCESS
2025-01-01 03:15:00,NODE-5943,NODE-6079,RF,121,1039,SUCCESS
2025-01-01 03:15:01,NODE-7271,NODE-2022,FIBER,216,550,SUCCESS
2025-01-01 03:15:02,NODE-5665,NODE-4776,FIBER,1173,1187,DELAY
2025-01-01 03:15:04,NODE-9197,NODE-4763,FIBER,204,1082,SUCCESS
2025-01-01 03:15:08,NODE-4647,NODE-8029,RF,241,208,SUCCESS
2025-01-01 03:15:10,NODE-9529,NODE-9126,SATCOM,191,284,SUCCESS
2025-01-01 03:15:12,NODE-2209,NODE-5918,FIBER,208,977,SUCCESS
2025-01-01 03:15:13,NODE-7651,NODE-5578,SATCOM,168,611,SUCCESS
2025-01-01 03:15:14,NODE-7817,NODE-2732,FIBER,210,553,SUCCESS
2025-01-01 03:15:16,NODE-3886,NODE-9405,FIBER,2429,6265,FAIL
2025-01-01 03:15:17,NODE-1977,NODE-2863,RF,144,1042,SUCCESS
2025-01-01 03:15:19,NODE-1428,NODE-7067,SATCOM,235,892,SUCCESS
2025-01-01 03:15:21,NODE-6740,NODE-1626,RF,164,435,SUCCESS
2025-01-01 03:15:25,NODE-7393,NODE-8244,SATCOM,130,973,SUCCESS
2025-01-01 03:15:29,NODE-8650,NODE-8312,FIBER,177,268,SUCCESS
2025-01-01 03:15:32,NODE-9815,NODE-1791,RF,69,481,SUCCESS
2025-01-01 03:15:34,NODE-5451,NODE-6800,RF,166,1257,SUCCESS
2025-01-01 03:15:36,NODE-7677,NODE-2444,RF,192,292,SUCCESS
2025-01-01 03:15:39,NODE-8327,NODE-2001,SATCOM,156,1179,SUCCESS
2025-01-01 03:15:41,NODE-5908,NODE-1901,RF,143,797,SUCCESS
2025-01-01 03:15:44,NODE-3504,NODE-5649,RF,45,1353,SUCCESS
2025-01-01 03:15:45,NODE-5455,NODE-6202,SATCOM,247,297,SUCCESS
2025-01-01 03:15:48,NODE-9227,NODE-4012,RF,195,508,SUCCESS
2025-01-01 03:15:49,NODE-9726,NODE-2751,SATCOM,174,290,SUCCESS
2025-01-01 03:15:53,NODE-4357,NODE-3484,FIBER,79,904,SUCCESS
2025-01-01 03:15:56,NODE-7986,NODE-9173,SATCOM,53,1091,SUCCESS
2025-01-01 03:15:58,NODE-1738,NODE-4019,RF,2933,4220,FAIL
2025-01-01 03:15:59,NODE-5305,NODE-8924,SATCOM,1097,859,DELAY
2025-01-01 03:16:01,NODE-9931,NODE-1776,SATCOM,3121,3880,FAIL
2025-01-01 03:16:02,NODE-5690,NODE-4696,FIBER,111,759,SUCCESS
2025-01-01 03:16:05,NODE-3191,NODE-1765,RF,223,576,SUCCESS
2025-01-01 03:16:08,NODE-1846,NODE-1423,SATCOM,217,839,SUCCESS
2025-01-01 03:16:10,NODE-4836,NODE-8639,RF,1173,355,DELAY
2025-01-01 03:16:12,NODE-9164,NODE-1387,FIBER,113,526,SUCCESS
2025-01-01 03:16:14,NODE-5347,NODE-6873,RF,2654,3380,FAIL
2025-01-01 03:16:18,NODE-9188,NODE-6953,SATCOM,101,1381,SUCCESS
2025-01-01 03:16:21,NODE-3219,NODE-5722,RF,187,629,SUCCESS
2025-01-01 03:16:25,NODE-2267,NODE-9834,FIBER,150,1161,SUCCESS
2025-01-01 03:16:28,NODE-1989,NODE-1329,SATCOM,79,1430,SUCCESS
2025-01-01 03:16:30,NODE-5678,NODE-5563,RF,164,1009,SUCCESS
2025-01-01 03:16:33,NODE-5031,NODE-5077,SATCOM,197,535,SUCCESS
2025-01-01 03:16:34,NODE-6165,NODE-4938,FIBER,185,279,SUCCESS
2025-01-01 03:16:36,NODE-9578,NODE-8275,SATCOM,1068,618,DELAY
2025-01-01 03:16:39,NODE-3924,NODE-9027,SATCOM,70,1343,SUCCESS
2025-01-01 03:16:43,NODE-8527,NODE-2006,SATCOM,72,475,SUCCESS
2025-01-01 03:16:45,NODE-6020,NODE-3513,SATCOM,208,1045,SUCCESS
2025-01-01 03:16:47,NODE-1473,NODE-9735,RF,87,1199,SUCCESS
2025-01-01 03:16:51,NODE-2842,NODE-9261,SATCOM,181,235,SUCCESS
2025-01-01 03:16:52,NODE-9959,NODE-8614,RF,246,683,SUCCESS
2025-01-01 03:16:56,NODE-4590,NODE-8793,FIBER,1542,998,DELAY
2025-01-01 03:17:00,NODE-9190,NODE-7500,SATCOM,199,1168,SUCCESS
2025-01-01 03:17:01,NODE-5622,NODE-9977,SATCOM,204,548,SUCCESS
2025-01-01 03:17:02,NODE-3218,NODE-9927,SATCOM,197,1228,SUCCESS
2025-01-01 03:17:06,NODE-6850,NODE-9802,RF,221,581,SUCCESS
2025-01-01 03:17:08,NODE-3419,NODE-2787,SATCOM,114,1050,SUCCESS
2025-01-01 03:17:09,NODE-5343,NODE-2550,RF,74,443,SUCCESS
2025-01-01 03:17:10,NODE-4419,NODE-5928,SATCOM,79,1203,SUCCESS
2025-01-01 03:17:14,NODE-9300,NODE-5194,SATCOM,140,381,SUCCESS
2025-01-01 03:17:17,NODE-9732,NODE-3682,SATCOM,101,467,SUCCESS
2025-01-01 03:17:21,NODE-3130,NODE-9534,SATCOM,2342,4191,FAIL
2025-01-01 03:17:24,NODE-6072,NODE-2634,FIBER,76,825,SUCCESS
2025-01-01 03:17:27,NODE-2721,NODE-6977,RF,234,1065,SUCCESS
2025-01-01 03:17:28,NODE-7248,NODE-4202,RF,44,272,SUCCESS
2025-01-01 03:17:31,NODE-1461,NODE-5238,RF,149,761,SUCCESS
2025-01-01 03:17:32,NODE-4178,NODE-8230,RF,1318,503,DELAY
2025-01-01 03:17:34,NODE-8640,NODE-9161,RF,947,1125,DELAY
2025-01-01 03:17:35,NODE-4190,NODE-1806,RF,1350,1192,DELAY
2025-01-01 03:17:38,NODE-1198,NODE-7899,SATCOM,182,903,SUCCESS
2025-01-01 03:17:40,NODE-1444,NODE-9956,RF,188,1403,SUCCESS
2025-01-01 03:17:43,NODE-4709,NODE-5373,RF,230,1101,SUCCESS
2025-01-01 03:17:46,NODE-8169,NODE-9716,SATCOM,169,927,SUCCESS
2025-01-01 03:17:47,NODE-6460,NODE-1050,FIBER,84,732,SUCCESS
2025-01-01 03:17:49,NODE-5975,NODE-7816,RF,3144,5386,FAIL
2025-01-01 03:17:51,NODE-8378,NODE-9018,FIBER,234,202,SUCCESS
2025-01-01 03:17:52,NODE-3056,NODE-7904,RF,139,296,SUCCESS
2025-01-01 03:17:54,NODE-6744,NODE-3550,FIBER,128,303,SUCCESS
2025-01-01 03:17:57,NODE-8947,NODE-5953,FIBER,2593,5869,FAIL
2025-01-01 03:18:00,NODE-3905,NODE-8971,FIBER,221,1248,SUCCESS
2025-01-01 03:18:03,NODE-5036,NODE-6848,SATCOM,41,742,SUCCESS
2025-01-01 03:18:04,NODE-3324,NODE-6504,FIBER,85,589,SUCCESS
2025-01-01 03:18:06,NODE-1053,NODE-9452,RF,92,598,SUCCESS
2025-01-01 03:18:08,NODE-9865,NODE-3402,SATCOM,236,1044,SUCCESS
2025-01-01 03:18:09,NODE-7506,NODE-2185,SATCOM,97,640,SUCCESS
2025-01-01 03:18:12,NODE-2191,NODE-8522,FIBER,1031,1002,DELAY
2025-01-01 03:18:16,NODE-9065,NODE-4935,RF,222,493,SUCCESS
2025-01-01 03:18:19,NODE-3466,NODE-6165,RF,169,1320,SUCCESS
2025-01-01 03:18:21,NODE-9330,NODE-6654,RF,1094,628,DELAY
2025-01-01 03:18:25,NODE-8687,NODE-5969,FIBER,119,316,SUCCESS
2025-01-01 03:18:29,NODE-6572,NODE-7034,SATCOM,153,233,SUCCESS
2025-01-01 03:18:30,NODE-2364,NODE-5405,RF,1465,1065,DELAY
2025-01-01 03:18:31,NODE-8666,NODE-9467,FIBER,1282,851,DELAY
2025-01-01 03:18:32,NODE-2281,NODE-9244,RF,163,350,SUCCESS
2025-01-01 03:18:34,NODE-9135,NODE-7661,FIBER,195,205,SUCCESS
2025-01-01 03:18:36,NODE-9562,NODE-4323,RF,128,804,SUCCESS
2025-01-01 03:18:37,NODE-9663,NODE-8751,SATCOM,118,1151,SUCCESS
2025-01-01 03:18:38,NODE-2172,NODE-3671,RF,193,1200,SUCCESS
2025-01-01 03:18:39,NODE-8056,NODE-9718,SATCOM,241,1204,SUCCESS
2025-01-01 03:18:42,NODE-4048,NODE-2919,SATCOM,126,239,SUCCESS
2025-01-01 03:18:43,NODE-1720,NODE-9898,RF,43,633,SUCCESS
2025-01-01 03:18:46,NODE-9608,NODE-1938,RF,145,708,SUCCESS
2025-01-01 03:18:48,NODE-7769,NODE-7006,FIBER,198,1230,SUCCESS
2025-01-01 03:18:51,NODE-3317,NODE-8631,SATCOM,168,292,SUCCESS
2025-01-01 03:18:53,NODE-8329,NODE-4947,RF,205,967,SUCCESS
2025-01-01 03:18:57,NODE-9358,NODE-7788,SATCOM,2033,5425,FAIL
2025-01-01 03:18:59,NODE-4643,NODE-4507,FIBER,114,1413,SUCCESS
2025-01-01 03:19:02,NODE-4337,NODE-4366,FIBER,1335,1327,DELAY
2025-01-01 03:19:06,NODE-2619,NODE-5626,SATCOM,250,1291,SUCCESS
2025-01-01 03:19:08,NODE-2905,NODE-6941,FIBER,135,263,SUCCESS
2025-01-01 03:19:10,NODE-7462,NODE-9601,SATCOM,122,551,SUCCESS
2025-01-01 03:19:13,NODE-6629,NODE-5030,SATCOM,172,1449,SUCCESS
2025-01-01 03:19:17,NODE-8957,NODE-7869,SATCOM,44,315,SUCCESS
2025-01-01 03:19:20,NODE-8827,NODE-8622,RF,136,777,SUCCESS
2025-01-01 03:19:23,NODE-7243,NODE-8235,RF,147,464,SUCCESS
2025-01-01 03:19:27,NODE-7040,NODE-7463,FIBER,188,337,SUCCESS
2025-01-01 03:19:29,NODE-2964,NODE-9595,FIBER,223,773,SUCCESS
2025-01-01 03:19:33,NODE-2467,NODE-5838,SATCOM,2143,5741,FAIL
2025-01-01 03:19:35,NODE-4410,NODE-2296,FIBER,240,933,SUCCESS
2025-01-01 03:19:39,NODE-6267,NODE-1008,RF,94,308,SUCCESS
2025-01-01 03:19:43,NODE-5574,NODE-9938,FIBER,68,874,SUCCESS
2025-01-01 03:19:45,NODE-1722,NODE-8445,RF,43,564,SUCCESS
2025-01-01 03:19:47,NODE-7353,NODE-7000,RF,234,907,SUCCESS
2025-01-01 03:19:49,NODE-1697,NODE-5722,RF,242,1058,SUCCESS
2025-01-01 03:19:53,NODE-5482,NODE-5722,FIBER,968,906,DELAY
2025-01-01 03:19:54,NODE-5913,NODE-5507,SATCOM,204,753,SUCCESS
2025-01-01 03:19:58,NODE-9987,NODE-1235,SATCOM,232,289,SUCCESS
2025-01-01 03:20:01,NODE-6625,NODE-6266,SATCOM,1147,386,DELAY
2025-01-01 03:20:03,NODE-5721,NODE-3353,RF,1493,587,DELAY
2025-01-01 03:20:06,NODE-1594,NODE-9703,FIBER,225,932,SUCCESS
2025-01-01 03:20:08,NODE-8508,NODE-2869,FIBER,91,845,SUCCESS
2025-01-01 03:20:09,NODE-4943,NODE-7633,FIBER,1287,1087,DELAY
2025-01-01 03:20:11,NODE-6734,NODE-5304,RF,180,1057,SUCCESS
2025-01-01 03:20:13,NODE-9554,NODE-4998,RF,2176,4407,FAIL
2025-01-01 03:20:14,NODE-5866,NODE-8365,RF,978,1092,DELAY
2025-01-01 03:20:17,NODE-4023,NODE-1318,RF,187,425,SUCCESS
2025-01-01 03:20:19,NODE-8369,NODE-2351,FIBER,232,271,SUCCESS
2025-01-01 03:20:21,NODE-1661,NODE-5749,RF,109,296,SUCCESS
2025-01-01 03:20:25,NODE-8846,NODE-3144,FIBER,174,698,SUCCESS
2025-01-01 03:20:29,NODE-5717,NODE-1323,RF,173,306,SUCCESS
2025-01-01 03:20:31,NODE-1441,NODE-8510,FIBER,242,1013,SUCCESS
2025-01-01 03:20:32,NODE-4401,NODE-7581,SATCOM,83,1209,SUCCESS
2025-01-01 03:20:33,NODE-7231,NODE-7356,FIBER,71,1160,SUCCESS
2025-01-01 03:20:36,NODE-9658,NODE-3824,SATCOM,1494,1198,DELAY
2025-01-01 03:20:39,NODE-9189,NODE-2116,RF,857,1294,DELAY
2025-01-01 03:20:43,NODE-3156,NODE-3119,SATCOM,182,1314,SUCCESS
2025-01-01 03:20:47,NODE-1944,NODE-3490,SATCOM,68,280,SUCCESS
2025-01-01 03:20:50,NODE-6537,NODE-2782,SATCOM,197,769,SUCCESS
2025-01-01 03:20:52,NODE-6809,NODE-9241,RF,168,1080,SUCCESS
2025-01-01 03:20:55,NODE-9378,NODE-3838,FIBER,188,239,SUCCESS
2025-01-01 03:20:57,NODE-9902,NODE-2336,RF,61,1304,SUCCESS
2025-01-01 03:21:00,NODE-9523,NODE-9851,FIBER,811,1474,DELAY
2025-01-01 03:21:03,NODE-3294,NODE-5473,SATCOM,69,210,SUCCESS
2025-01-01 03:21:05,NODE-5716,NODE-1066,SATCOM,164,792,SUCCESS
2025-01-01 03:21:06,NODE-4856,NODE-2081,SATCOM,192,1021,SUCCESS
2025-01-01 03:21:08,NODE-6525,NODE-1084,FIBER,1159,359,DELAY
2025-01-01 03:21:12,NODE-7357,NODE-6749,FIBER,214,1220,SUCCESS
2025-01-01 03:21:16,NODE-3894,NODE-6027,FIBER,123,724,SUCCESS
2025-01-01 03:21:17,NODE-5774,NODE-1133,RF,186,699,SUCCESS
2025-01-01 03:21:18,NODE-7577,NODE-2612,SATCOM,167,330,SUCCESS
2025-01-01 03:21:19,NODE-6020,NODE-8979,FIBER,173,1042,SUCCESS
2025-01-01 03:21:21,NODE-5666,NODE-9752,SATCOM,64,1144,SUCCESS
2025-01-01 03:21:23,NODE-3654,NODE-2690,RF,109,624,SUCCESS
2025-01-01 03:21:25,NODE-7453,NODE-6672,RF,177,963,SUCCESS
2025-01-01 03:21:29,NODE-8523,NODE-6923,FIBER,244,578,SUCCESS
2025-01-01 03:21:31,NODE-9474,NODE-3997,RF,185,1278,SUCCESS
2025-01-01 03:21:32,NODE-8738,NODE-3198,FIBER,198,1465,SUCCESS
2025-01-01 03:21:33,NODE-7100,NODE-7341,FIBER,113,656,SUCCESS
2025-01-01 03:21:36,NODE-3533,NODE-6028,FIBER,227,1123,SUCCESS
2025-01-01 03:21:39,NODE-4252,NODE-2667,RF,180,957,SUCCESS
2025-01-01 03:21:40,NODE-8472,NODE-6422,RF,188,249,SUCCESS
2025-01-01 03:21:43,NODE-9217,NODE-5499,RF,76,1041,SUCCESS
2025-01-01 03:21:47,NODE-9976,NODE-5629,FIBER,164,835,SUCCESS
2025-01-01 03:21:51,NODE-7705,NODE-2295,SATCOM,135,1196,SUCCESS
2025-01-01 03:21:55,NODE-5359,NODE-4358,SATCOM,95,416,SUCCESS
2025-01-01 03:21:56,NODE-5274,NODE-2465,SATCOM,60,455,SUCCESS
2025-01-01 03:21:59,NODE-5529,NODE-6624,RF,156,462,SUCCESS
2025-01-01 03:22:00,NODE-3921,NODE-4961,FIBER,93,529,SUCCESS
2025-01-01 03:22:04,NODE-2130,NODE-1911,SATCOM,147,963,SUCCESS
2025-01-01 03:22:06,NODE-1579,NODE-3070,SATCOM,63,920,SUCCESS
2025-01-01 03:22:09,NODE-1997,NODE-4101,SATCOM,2227,5736,FAIL
2025-01-01 03:22:11,NODE-2682,NODE-1610,SATCOM,102,978,SUCCESS
2025-01-01 03:22:14,NODE-5132,NODE-7728,FIBER,1425,494,DELAY
2025-01-01 03:22:18,NODE-2892,NODE-3919,RF,165,1060,SUCCESS
2025-01-01 03:22:19,NODE-1010,NODE-6841,SATCOM,111,238,SUCCESS
2025-01-01 03:22:22,NODE-8200,NODE-8630,RF,88,820,SUCCESS
2025-01-01 03:22:24,NODE-2116,NODE-1874,SATCOM,210,503,SUCCESS
2025-01-01 03:22:25,NODE-7541,NODE-1726,FIBER,138,924,SUCCESS
2025-01-01 03:22:27,NODE-1470,NODE-8944,SATCOM,201,1035,SUCCESS
2025-01-01 03:22:29,NODE-2736,NODE-6316,FIBER,867,634,DELAY
2025-01-01 03:22:33,NODE-3311,NODE-5016,FIBER,98,1287,SUCCESS
2025-01-01 03:22:36,NODE-2175,NODE-1060,FIBER,182,744,SUCCESS
2025-01-01 03:22:37,NODE-9854,NODE-6872,SATCOM,97,1324,SUCCESS
2025-01-01 03:22:38,NODE-4297,NODE-7191,FIBER,124,273,SUCCESS
2025-01-01 03:22:40,NODE-3581,NODE-6743,FIBER,66,376,SUCCESS
2025-01-01 03:22:43,NODE-6061,NODE-1474,FIBER,53,1241,SUCCESS
2025-01-01 03:22:44,NODE-6708,NODE-7398,RF,179,397,SUCCESS
2025-01-01 03:22:46,NODE-6676,NODE-5281,RF,104,1002,SUCCESS
2025-01-01 03:22:47,NODE-8622,NODE-7142,SATCOM,141,1170,SUCCESS
2025-01-01 03:22:51,NODE-3353,NODE-7210,RF,1422,901,DELAY
2025-01-01 03:22:53,NODE-8426,NODE-9550,FIBER,206,676,SUCCESS
2025-01-01 03:22:56,NODE-6156,NODE-1570,SATCOM,139,690,SUCCESS
2025-01-01 03:22:57,NODE-6000,NODE-2363,RF,184,818,SUCCESS
2025-01-01 03:22:59,NODE-6055,NODE-7519,FIBER,100,208,SUCCESS
2025-01-01 03:23:02,NODE-1771,NODE-5646,FIBER,238,1301,SUCCESS
2025-01-01 03:23:06,NODE-2338,NODE-7622,SATCOM,93,772,SUCCESS
2025-01-01 03:23:07,NODE-5399,NODE-6505,SATCOM,110,462,SUCCESS
2025-01-01 03:23:09,NODE-1668,NODE-8031,SATCOM,64,1022,SUCCESS
2025-01-01 03:23:13,NODE-2782,NODE-1008,RF,42,564,SUCCESS
2025-01-01 03:23:14,NODE-7532,NODE-3039,RF,67,1038,SUCCESS
2025-01-01 03:23:15,NODE-4481,NODE-7228,FIBER,159,627,SUCCESS
2025-01-01 03:23:19,NODE-5341,NODE-6017,SATCOM,142,1181,SUCCESS
2025-01-01 03:23:23,NODE-8921,NODE-1833,RF,114,995,SUCCESS
2025-01-01 03:23:27,NODE-3964,NODE-9094,SATCOM,174,523,SUCCESS
2025-01-01 03:23:31,NODE-8295,NODE-6604,RF,1530,579,DELAY
2025-01-01 03:23:32,NODE-2021,NODE-7075,FIBER,45,299,SUCCESS
2025-01-01 03:23:35,NODE-7591,NODE-4041,RF,159,641,SUCCESS
2025-01-01 03:23:37,NODE-2892,NODE-1942,RF,190,225,SUCCESS
2025-01-01 03:23:41,NODE-4577,NODE-7776,FIBER,40,688,SUCCESS
2025-01-01 03:23:43,NODE-2029,NODE-5227,FIBER,186,583,SUCCESS
2025-01-01 03:23:45,NODE-2303,NODE-3567,FIBER,174,1284,SUCCESS
2025-01-01 03:23:48,NODE-6063,NODE-9798,SATCOM,1389,235,DELAY
2025-01-01 03:23:51,NODE-9468,NODE-6195,SATCOM,102,756,SUCCESS
2025-01-01 03:23:53,NODE-9089,NODE-3055,SATCOM,244,868,SUCCESS
2025-01-01 03:23:57,NODE-3935,NODE-7745,SATCOM,186,1324,SUCCESS
2025-01-01 03:23:59,NODE-5275,NODE-9010,RF,83,1462,SUCCESS
2025-01-01 03:24:00,NODE-4991,NODE-2312,SATCOM,125,1261,SUCCESS
2025-01-01 03:24:02,NODE-9392,NODE-7959,SATCOM,1419,1117,DELAY
2025-01-01 03:24:04,NODE-5552,NODE-2838,SATCOM,236,608,SUCCESS
2025-01-01 03:24:05,NODE-1954,NODE-5620,FIBER,44,654,SUCCESS
2025-01-01 03:24:08,NODE-1277,NODE-4875,FIBER,183,406,SUCCESS
2025-01-01 03:24:11,NODE-4694,NODE-1877,RF,142,662,SUCCESS
2025-01-01 03:24:12,NODE-9648,NODE-8657,FIBER,161,546,SUCCESS
2025-01-01 03:24:14,NODE-9096,NODE-6730,RF,207,226,SUCCESS
2025-01-01 03:24:15,NODE-6681,NODE-7345,RF,141,266,SUCCESS
2025-01-01 03:24:16,NODE-7188,NODE-8628,RF,108,852,SUCCESS
2025-01-01 03:24:18,NODE-8540,NODE-9302,FIBER,162,1411,SUCCESS
2025-01-01 03:24:22,NODE-6379,NODE-7187,RF,93,1129,SUCCESS
2025-01-01 03:24:26,NODE-3384,NODE-6082,SATCOM,190,975,SUCCESS
2025-01-01 03:24:29,NODE-6089,NODE-8862,RF,40,1141,SUCCESS
2025-01-01 03:24:33,NODE-1567,NODE-1908,FIBER,1115,431,DELAY
2025-01-01 03:24:35,NODE-4830,NODE-1551,SATCOM,183,1469,SUCCESS
2025-01-01 03:24:37,NODE-4329,NODE-2486,RF,1415,1261,DELAY
2025-01-01 03:24:38,NODE-2916,NODE-3957,RF,98,1390,SUCCESS
2025-01-01 03:24:41,NODE-4025,NODE-2375,FIBER,1129,786,DELAY
2025-01-01 03:24:43,NODE-3610,NODE-1917,FIBER,1206,1391,DELAY
2025-01-01 03:24:47,NODE-6420,NODE-2215,SATCOM,1400,1416,DELAY
2025-01-01 03:24:51,NODE-4548,NODE-8825,SATCOM,201,1452,SUCCESS
2025-01-01 03:24:52,NODE-2530,NODE-8478,FIBER,56,1267,SUCCESS
2025-01-01 03:24:53,NODE-5476,NODE-2491,FIBER,211,467,SUCCESS
2025-01-01 03:24:54,NODE-5521,NODE-2645,RF,187,332,SUCCESS
2025-01-01 03:24:55,NODE-9515,NODE-9162,RF,1498,253,DELAY
2025-01-01 03:24:58,NODE-3714,NODE-7119,RF,87,758,SUCCESS
2025-01-01 03:25:00,NODE-7359,NODE-4078,FIBER,121,916,SUCCESS
2025-01-01 03:25:04,NODE-5464,NODE-8322,FIBER,195,942,SUCCESS
2025-01-01 03:25:06,NODE-4997,NODE-3677,RF,129,1437,SUCCESS
2025-01-01 03:25:07,NODE-7383,NODE-2120,FIBER,222,1050,SUCCESS
2025-01-01 03:25:10,NODE-4133,NODE-9518,FIBER,87,1391,SUCCESS
2025-01-01 03:25:14,NODE-6559,NODE-4738,FIBER,199,458,SUCCESS
2025-01-01 03:25:16,NODE-6365,NODE-2319,RF,134,1308,SUCCESS
2025-01-01 03:25:17,NODE-7270,NODE-7853,SATCOM,214,769,SUCCESS
2025-01-01 03:25:20,NODE-3077,NODE-9308,FIBER,60,1092,SUCCESS
2025-01-01 03:25:21,NODE-4819,NODE-6358,SATCOM,183,1173,SUCCESS
2025-01-01 03:25:22,NODE-3877,NODE-1415,FIBER,212,346,SUCCESS
2025-01-01 03:25:26,NODE-5292,NODE-1991,RF,158,726,SUCCESS
2025-01-01 03:25:27,NODE-3106,NODE-9284,SATCOM,1397,546,DELAY
2025-01-01 03:25:29,NODE-3877,NODE-3397,SATCOM,180,1061,SUCCESS
2025-01-01 03:25:32,NODE-3870,NODE-4550,SATCOM,242,1115,SUCCESS
2025-01-01 03:25:33,NODE-5097,NODE-9571,FIBER,132,665,SUCCESS
2025-01-01 03:25:37,NODE-1567,NODE-8217,RF,86,912,SUCCESS
2025-01-01 03:25:39,NODE-1675,NODE-4586,RF,125,201,SUCCESS
2025-01-01 03:25:41,NODE-2588,NODE-5247,SATCOM,55,814,SUCCESS
2025-01-01 03:25:45,NODE-9904,NODE-3672,RF,162,1493,SUCCESS
2025-01-01 03:25:46,NODE-6459,NODE-7453,RF,65,619,SUCCESS
2025-01-01 03:25:48,NODE-7420,NODE-7164,SATCOM,136,452,SUCCESS
2025-01-01 03:25:52,NODE-9516,NODE-6052,RF,237,800,SUCCESS
2025-01-01 03:25:54,NODE-7350,NODE-8103,SATCOM,213,840,SUCCESS
2025-01-01 03:25:58,NODE-7311,NODE-5260,FIBER,155,830,SUCCESS
2025-01-01 03:26:00,NODE-2476,NODE-3266,FIBER,208,1288,SUCCESS
2025-01-01 03:26:03,NODE-1571,NODE-2066,RF,242,286,SUCCESS
2025-01-01 03:26:04,NODE-3601,NODE-4855,RF,815,1015,DELAY
2025-01-01 03:26:07,NODE-2227,NODE-6321,FIBER,66,1074,SUCCESS
2025-01-01 03:26:10,NODE-7882,NODE-4370,RF,243,1227,SUCCESS
2025-01-01 03:26:13,NODE-3071,NODE-9654,RF,2648,5405,FAIL
2025-01-01 03:26:15,NODE-6471,NODE-1430,FIBER,67,211,SUCCESS
2025-01-01 03:26:19,NODE-5959,NODE-9282,SATCOM,1478,1432,DELAY
2025-01-01 03:26:23,NODE-7932,NODE-6268,RF,120,595,SUCCESS
2025-01-01 03:26:26,NODE-3146,NODE-2552,FIBER,218,965,SUCCESS
2025-01-01 03:26:30,NODE-4636,NODE-2906,SATCOM,123,686,SUCCESS
2025-01-01 03:26:33,NODE-7946,NODE-8399,RF,219,499,SUCCESS
2025-01-01 03:26:34,NODE-1192,NODE-7288,RF,205,729,SUCCESS
2025-01-01 03:26:37,NODE-9959,NODE-2208,FIBER,183,1076,SUCCESS
2025-01-01 03:26:38,NODE-9376,NODE-9103,SATCOM,128,843,SUCCESS
2025-01-01 03:26:40,NODE-4489,NODE-4681,SATCOM,121,368,SUCCESS
2025-01-01 03:26:43,NODE-6030,NODE-4675,FIBER,125,893,SUCCESS
2025-01-01 03:26:44,NODE-4847,NODE-6907,FIBER,89,1030,SUCCESS
2025-01-01 03:26:47,NODE-1593,NODE-3371,RF,130,391,SUCCESS
2025-01-01 03:26:49,NODE-1717,NODE-5227,RF,168,468,SUCCESS
2025-01-01 03:26:53,NODE-7582,NODE-8120,RF,63,1079,SUCCESS
2025-01-01 03:26:54,NODE-2343,NODE-4918,RF,212,936,SUCCESS
2025-01-01 03:26:57,NODE-4702,NODE-1393,RF,1091,1497,DELAY
2025-01-01 03:26:59,NODE-7995,NODE-9926,RF,59,207,SUCCESS
2025-01-01 03:27:01,NODE-4412,NODE-7237,SATCOM,159,330,SUCCESS
2025-01-01 03:27:03,NODE-2935,NODE-4296,FIBER,239,683,SUCCESS
2025-01-01 03:27:05,NODE-4010,NODE-8426,RF,1439,846,DELAY
2025-01-01 03:27:09,NODE-4522,NODE-6637,SATCOM,2274,3543,FAIL
2025-01-01 03:27:13,NODE-2327,NODE-3013,RF,1307,255,DELAY
2025-01-01 03:27:14,NODE-5817,NODE-3193,RF,67,958,SUCCESS
2025-01-01 03:27:17,NODE-9380,NODE-8492,RF,128,1158,SUCCESS
2025-01-01 03:27:21,NODE-6748,NODE-3279,FIBER,79,580,SUCCESS
2025-01-01 03:27:25,NODE-3489,NODE-4570,RF,103,1035,SUCCESS
2025-01-01 03:27:29,NODE-2325,NODE-9135,FIBER,95,703,SUCCESS
2025-01-01 03:27:31,NODE-2025,NODE-4696,FIBER,2939,5455,FAIL
2025-01-01 03:27:33,NODE-8171,NODE-5507,SATCOM,52,435,SUCCESS
2025-01-01 03:27:37,NODE-3320,NODE-2581,RF,166,635,SUCCESS
2025-01-01 03:27:39,NODE-5880,NODE-5345,FIBER,44,905,SUCCESS
2025-01-01 03:27:41,NODE-4278,NODE-6871,FIBER,1109,472,DELAY
2025-01-01 03:27:43,NODE-8469,NODE-6761,FIBER,236,1419,SUCCESS
2025-01-01 03:27:47,NODE-4508,NODE-7995,SATCOM,250,771,SUCCESS
2025-01-01 03:27:48,NODE-7144,NODE-5570,RF,49,1477,SUCCESS
2025-01-01 03:27:51,NODE-1946,NODE-3241,FIBER,1548,683,DELAY
2025-01-01 03:27:53,NODE-8420,NODE-1071,SATCOM,168,288,SUCCESS
2025-01-01 03:27:57,NODE-9894,NODE-9129,SATCOM,226,214,SUCCESS
2025-01-01 03:27:59,NODE-6682,NODE-8979,FIBER,129,711,SUCCESS
2025-01-01 03:28:02,NODE-7200,NODE-6817,SATCOM,52,1161,SUCCESS
2025-01-01 03:28:05,NODE-7506,NODE-8301,FIBER,246,897,SUCCESS
2025-01-01 03:28:07,NODE-1664,NODE-8593,SATCOM,1533,500,DELAY
2025-01-01 03:28:08,NODE-3227,NODE-7753,SATCOM,236,405,SUCCESS
2025-01-01 03:28:09,NODE-6856,NODE-1822,SATCOM,160,608,SUCCESS
2025-01-01 03:28:10,NODE-5750,NODE-4465,FIBER,50,659,SUCCESS
2025-01-01 03:28:12,NODE-8662,NODE-7935,FIBER,127,311,SUCCESS
2025-01-01 03:28:16,NODE-8932,NODE-9318,FIBER,1089,320,DELAY
2025-01-01 03:28:20,NODE-7116,NODE-3122,FIBER,1205,1377,DELAY
2025-01-01 03:28:23,NODE-5764,NODE-7664,RF,112,1121,SUCCESS
2025-01-01 03:28:25,NODE-7500,NODE-2727,SATCOM,61,723,SUCCESS
2025-01-01 03:28:27,NODE-3740,NODE-8836,RF,249,373,SUCCESS
2025-01-01 03:28:28,NODE-8248,NODE-2580,SATCOM,1060,1310,DELAY
2025-01-01 03:28:30,NODE-4219,NODE-3491,SATCOM,56,1391,SUCCESS
2025-01-01 03:28:33,NODE-3238,NODE-5583,RF,207,1055,SUCCESS
2025-01-01 03:28:34,NODE-9797,NODE-2015,SATCOM,95,536,SUCCESS
2025-01-01 03:28:38,NODE-7675,NODE-2465,SATCOM,114,856,SUCCESS
2025-01-01 03:28:39,NODE-5200,NODE-1750,RF,50,982,SUCCESS
2025-01-01 03:28:41,NODE-7345,NODE-5078,FIBER,154,603,SUCCESS
2025-01-01 03:28:44,NODE-1926,NODE-4258,SATCOM,48,1182,SUCCESS
2025-01-01 03:28:46,NODE-6517,NODE-5531,RF,1410,440,DELAY
2025-01-01 03:28:48,NODE-3910,NODE-8325,RF,144,571,SUCCESS
2025-01-01 03:28:51,NODE-1756,NODE-9043,RF,845,863,DELAY
2025-01-01 03:28:55,NODE-4047,NODE-8345,FIBER,128,1017,SUCCESS
2025-01-01 03:28:56,NODE-9374,NODE-2229,FIBER,215,1169,SUCCESS
2025-01-01 03:28:57,NODE-5104,NODE-8891,FIBER,154,1190,SUCCESS
2025-01-01 03:29:01,NODE-1529,NODE-9198,FIBER,209,960,SUCCESS
2025-01-01 03:29:03,NODE-7098,NODE-1759,FIBER,108,1354,SUCCESS
2025-01-01 03:29:04,NODE-8498,NODE-2996,SATCOM,177,675,SUCCESS
2025-01-01 03:29:06,NODE-3896,NODE-6486,RF,81,725,SUCCESS
2025-01-01 03:29:07,NODE-7038,NODE-9167,FIBER,239,444,SUCCESS
2025-01-01 03:29:08,NODE-6247,NODE-9785,FIBER,247,623,SUCCESS
2025-01-01 03:29:09,NODE-2727,NODE-9345,SATCOM,246,1111,SUCCESS
2025-01-01 03:29:11,NODE-5790,NODE-4041,FIBER,1147,1346,DELAY
2025-01-01 03:29:13,NODE-9940,NODE-5069,RF,199,1190,SUCCESS
2025-01-01 03:29:14,NODE-5247,NODE-3399,SATCOM,120,1361,SUCCESS
2025-01-01 03:29:17,NODE-7112,NODE-7489,SATCOM,196,966,SUCCESS
2025-01-01 03:29:19,NODE-4747,NODE-4870,RF,57,515,SUCCESS
2025-01-01 03:29:22,NODE-7709,NODE-7584,RF,1092,1418,DELAY
2025-01-01 03:29:24,NODE-5800,NODE-8407,RF,1525,1469,DELAY
2025-01-01 03:29:25,NODE-7190,NODE-2369,RF,77,700,SUCCESS
2025-01-01 03:29:29,NODE-3409,NODE-9352,RF,249,1040,SUCCESS
2025-01-01 03:29:33,NODE-8803,NODE-8710,RF,1545,423,DELAY
2025-01-01 03:29:34,NODE-4897,NODE-7984,RF,162,980,SUCCESS
2025-01-01 03:29:35,NODE-9928,NODE-3298,FIBER,226,1204,SUCCESS
2025-01-01 03:29:36,NODE-5476,NODE-5829,FIBER,1457,474,DELAY
2025-01-01 03:29:40,NODE-5528,NODE-7648,FIBER,83,1293,SUCCESS
2025-01-01 03:29:42,NODE-6044,NODE-4016,FIBER,126,877,SUCCESS
2025-01-01 03:29:44,NODE-9886,NODE-6085,RF,231,1315,SUCCESS
2025-01-01 03:29:45,NODE-3863,NODE-9713,SATCOM,172,579,SUCCESS
2025-01-01 03:29:46,NODE-6477,NODE-8716,SATCOM,239,789,SUCCESS
2025-01-01 03:29:47,NODE-5788,NODE-3635,SATCOM,75,839,SUCCESS
2025-01-01 03:29:51,NODE-8304,NODE-5987,FIBER,196,362,SUCCESS
2025-01-01 03:29:55,NODE-9116,NODE-3052,SATCOM,3184,5984,FAIL
2025-01-01 03:29:58,NODE-6333,NODE-8275,SATCOM,247,297,SUCCESS
2025-01-01 03:30:01,NODE-5631,NODE-6060,RF,182,558,SUCCESS
2025-01-01 03:30:04,NODE-8304,NODE-8211,SATCOM,238,329,SUCCESS
2025-01-01 03:30:05,NODE-5506,NODE-9464,SATCOM,143,958,SUCCESS
2025-01-01 03:30:08,NODE-6365,NODE-9341,RF,50,1485,SUCCESS
2025-01-01 03:30:11,NODE-2562,NODE-7611,RF,188,428,SUCCESS
2025-01-01 03:30:15,NODE-5345,NODE-1850,FIBER,111,720,SUCCESS
2025-01-01 03:30:16,NODE-2910,NODE-6848,RF,43,529,SUCCESS
2025-01-01 03:30:18,NODE-7181,NODE-5135,FIBER,89,958,SUCCESS
2025-01-01 03:30:21,NODE-2166,NODE-9203,RF,164,926,SUCCESS
2025-01-01 03:30:23,NODE-8734,NODE-1320,SATCOM,65,897,SUCCESS
2025-01-01 03:30:24,NODE-6017,NODE-2057,RF,63,407,SUCCESS
2025-01-01 03:30:28,NODE-4068,NODE-8646,FIBER,223,269,SUCCESS
2025-01-01 03:30:29,NODE-9098,NODE-6565,FIBER,159,946,SUCCESS
2025-01-01 03:30:30,NODE-8846,NODE-6397,RF,155,1012,SUCCESS
2025-01-01 03:30:32,NODE-9982,NODE-5127,RF,78,1454,SUCCESS
2025-01-01 03:30:34,NODE-4900,NODE-2540,SATCOM,216,610,SUCCESS
2025-01-01 03:30:36,NODE-5774,NODE-4710,RF,159,508,SUCCESS
2025-01-01 03:30:40,NODE-5606,NODE-2228,SATCOM,114,637,SUCCESS
2025-01-01 03:30:43,NODE-9747,NODE-1436,SATCOM,135,773,SUCCESS
2025-01-01 03:30:46,NODE-5833,NODE-2605,RF,229,1368,SUCCESS
2025-01-01 03:30:47,NODE-5982,NODE-4364,SATCOM,42,1123,SUCCESS
2025-01-01 03:30:50,NODE-3537,NODE-5517,SATCOM,247,465,SUCCESS
2025-01-01 03:30:51,NODE-3766,NODE-7944,RF,239,296,SUCCESS
2025-01-01 03:30:53,NODE-2847,NODE-1665,RF,132,390,SUCCESS
2025-01-01 03:30:54,NODE-4029,NODE-8104,RF,83,407,SUCCESS
2025-01-01 03:30:57,NODE-7255,NODE-1548,SATCOM,2025,4210,FAIL
2025-01-01 03:31:01,NODE-2336,NODE-5717,FIBER,224,1484,SUCCESS
2025-01-01 03:31:05,NODE-7529,NODE-1164,FIBER,93,758,SUCCESS
2025-01-01 03:31:07,NODE-1975,NODE-4385,RF,54,1063,SUCCESS
2025-01-01 03:31:08,NODE-6236,NODE-3806,FIBER,119,1211,SUCCESS
2025-01-01 03:31:09,NODE-1202,NODE-1700,SATCOM,211,1272,SUCCESS
2025-01-01 03:31:12,NODE-9552,NODE-5836,SATCOM,159,506,SUCCESS
2025-01-01 03:31:15,NODE-3947,NODE-7761,FIBER,156,582,SUCCESS
2025-01-01 03:31:19,NODE-4556,NODE-5497,SATCOM,183,1455,SUCCESS
2025-01-01 03:31:23,NODE-8875,NODE-5418,SATCOM,99,525,SUCCESS
2025-01-01 03:31:27,NODE-9285,NODE-8805,FIBER,98,424,SUCCESS
2025-01-01 03:31:31,NODE-8263,NODE-2939,RF,174,1274,SUCCESS
2025-01-01 03:31:35,NODE-4124,NODE-5680,RF,1472,451,DELAY
2025-01-01 03:31:39,NODE-8954,NODE-6060,SATCOM,110,909,SUCCESS
2025-01-01 03:31:40,NODE-5983,NODE-5420,FIBER,2184,6637,FAIL
2025-01-01 03:31:43,NODE-6549,NODE-9420,FIBER,124,1033,SUCCESS
2025-01-01 03:31:45,NODE-9148,NODE-1921,SATCOM,40,1029,SUCCESS
2025-01-01 03:31:46,NODE-8324,NODE-5958,FIBER,93,1047,SUCCESS
2025-01-01 03:31:50,NODE-7728,NODE-6855,RF,173,536,SUCCESS
2025-01-01 03:31:53,NODE-1745,NODE-1483,SATCOM,90,1363,SUCCESS
2025-01-01 03:31:56,NODE-9927,NODE-9666,FIBER,179,1470,SUCCESS
2025-01-01 03:31:59,NODE-7491,NODE-5142,RF,98,468,SUCCESS
2025-01-01 03:32:02,NODE-6441,NODE-5096,RF,98,1430,SUCCESS
2025-01-01 03:32:06,NODE-8402,NODE-5827,FIBER,130,1351,SUCCESS
2025-01-01 03:32:07,NODE-2209,NODE-1314,SATCOM,2503,5398,FAIL
2025-01-01 03:32:11,NODE-2004,NODE-5248,RF,108,592,SUCCESS
2025-01-01 03:32:13,NODE-4957,NODE-7204,RF,1265,412,DELAY
2025-01-01 03:32:15,NODE-3092,NODE-1963,FIBER,1340,685,DELAY
2025-01-01 03:32:19,NODE-9738,NODE-8024,SATCOM,219,785,SUCCESS
2025-01-01 03:32:20,NODE-7371,NODE-3457,SATCOM,815,690,DELAY
2025-01-01 03:32:22,NODE-4627,NODE-6142,RF,75,413,SUCCESS
2025-01-01 03:32:24,NODE-1896,NODE-1053,FIBER,228,1018,SUCCESS
2025-01-01 03:32:27,NODE-9277,NODE-5137,FIBER,171,207,SUCCESS
2025-01-01 03:32:29,NODE-7390,NODE-8873,SATCOM,132,969,SUCCESS
2025-01-01 03:32:31,NODE-6840,NODE-8074,FIBER,242,1304,SUCCESS
2025-01-01 03:32:33,NODE-6835,NODE-5344,RF,78,1177,SUCCESS
2025-01-01 03:32:36,NODE-8925,NODE-5186,SATCOM,239,207,SUCCESS
2025-01-01 03:32:38,NODE-6755,NODE-7800,FIBER,139,800,SUCCESS
2025-01-01 03:32:40,NODE-2721,NODE-2732,SATCOM,40,203,SUCCESS
2025-01-01 03:32:43,NODE-9768,NODE-7439,SATCOM,1055,235,DELAY
2025-01-01 03:32:47,NODE-8467,NODE-8028,FIBER,67,1124,SUCCESS
2025-01-01 03:32:51,NODE-2983,NODE-7589,FIBER,148,1085,SUCCESS
2025-01-01 03:32:55,NODE-2235,NODE-2971,FIBER,215,560,SUCCESS
2025-01-01 03:32:56,NODE-5568,NODE-2954,FIBER,236,461,SUCCESS
2025-01-01 03:32:57,NODE-3579,NODE-7498,FIBER,159,583,SUCCESS
2025-01-01 03:32:58,NODE-5782,NODE-8715,RF,167,579,SUCCESS
2025-01-01 03:32:59,NODE-6674,NODE-4050,FIBER,245,413,SUCCESS
2025-01-01 03:33:02,NODE-6476,NODE-9789,FIBER,133,1150,SUCCESS
2025-01-01 03:33:03,NODE-4463,NODE-7394,RF,138,445,SUCCESS
2025-01-01 03:33:06,NODE-9628,NODE-4145,SATCOM,202,963,SUCCESS
2025-01-01 03:33:07,NODE-1704,NODE-8350,RF,79,269,SUCCESS
2025-01-01 03:33:10,NODE-6122,NODE-3530,RF,160,1499,SUCCESS
2025-01-01 03:33:14,NODE-4781,NODE-2035,SATCOM,2230,4613,FAIL
2025-01-01 03:33:17,NODE-8446,NODE-2683,FIBER,1051,1110,DELAY
2025-01-01 03:33:20,NODE-9484,NODE-7333,FIBER,1533,351,DELAY
2025-01-01 03:33:22,NODE-1269,NODE-8790,SATCOM,190,887,SUCCESS
2025-01-01 03:33:25,NODE-7670,NODE-8019,FIBER,1116,1089,DELAY
2025-01-01 03:33:26,NODE-4151,NODE-2576,FIBER,88,374,SUCCESS
2025-01-01 03:33:29,NODE-8691,NODE-6427,RF,162,1163,SUCCESS
2025-01-01 03:33:33,NODE-1982,NODE-9343,SATCOM,161,732,SUCCESS
2025-01-01 03:33:36,NODE-4175,NODE-1375,RF,223,1132,SUCCESS
2025-01-01 03:33:38,NODE-7851,NODE-3071,FIBER,250,731,SUCCESS
2025-01-01 03:33:41,NODE-1428,NODE-2358,SATCOM,54,370,SUCCESS
2025-01-01 03:33:43,NODE-9760,NODE-9659,RF,48,451,SUCCESS
2025-01-01 03:33:45,NODE-4303,NODE-8077,FIBER,50,964,SUCCESS
2025-01-01 03:33:47,NODE-5778,NODE-4357,FIBER,59,1341,SUCCESS
2025-01-01 03:33:48,NODE-3354,NODE-6569,FIBER,173,202,SUCCESS
2025-01-01 03:33:50,NODE-9672,NODE-9601,FIBER,158,665,SUCCESS
2025-01-01 03:33:52,NODE-5257,NODE-9263,FIBER,65,502,SUCCESS
2025-01-01 03:33:54,NODE-3322,NODE-8195,FIBER,2751,5588,FAIL
2025-01-01 03:33:55,NODE-4879,NODE-6606,FIBER,59,1389,SUCCESS
2025-01-01 03:33:59,NODE-8809,NODE-5345,SATCOM,56,360,SUCCESS
2025-01-01 03:34:02,NODE-7053,NODE-4060,FIBER,122,1321,SUCCESS
2025-01-01 03:34:05,NODE-3351,NODE-7577,FIBER,2980,5043,FAIL
2025-01-01 03:34:06,NODE-6872,NODE-7648,FIBER,216,487,SUCCESS
2025-01-01 03:34:09,NODE-7178,NODE-8383,SATCOM,186,246,SUCCESS
2025-01-01 03:34:12,NODE-9713,NODE-8160,RF,213,322,SUCCESS
2025-01-01 03:34:15,NODE-5285,NODE-1210,RF,132,1192,SUCCESS
2025-01-01 03:34:19,NODE-5324,NODE-2075,RF,185,1118,SUCCESS
2025-01-01 03:34:23,NODE-3494,NODE-6799,FIBER,157,524,SUCCESS
2025-01-01 03:34:27,NODE-7197,NODE-9962,FIBER,111,1386,SUCCESS
2025-01-01 03:34:28,NODE-3527,NODE-3011,SATCOM,186,1044,SUCCESS
2025-01-01 03:34:30,NODE-9193,NODE-5086,FIBER,101,424,SUCCESS
2025-01-01 03:34:34,NODE-3526,NODE-7935,SATCOM,228,834,SUCCESS
2025-01-01 03:34:37,NODE-4088,NODE-3002,RF,203,1307,SUCCESS
2025-01-01 03:34:38,NODE-9125,NODE-7632,SATCOM,182,1282,SUCCESS
2025-01-01 03:34:39,NODE-9493,NODE-8272,FIBER,925,364,DELAY
2025-01-01 03:34:43,NODE-8846,NODE-7844,SATCOM,48,819,SUCCESS
2025-01-01 03:34:45,NODE-1579,NODE-3700,RF,218,1110,SUCCESS
2025-01-01 03:34:49,NODE-1818,NODE-4871,RF,136,1310,SUCCESS
2025-01-01 03:34:50,NODE-7266,NODE-3491,FIBER,1426,637,DELAY
2025-01-01 03:34:51,NODE-3679,NODE-2978,SATCOM,154,514,SUCCESS
2025-01-01 03:34:52,NODE-1403,NODE-8354,SATCOM,1277,1079,DELAY
2025-01-01 03:34:56,NODE-2509,NODE-7707,FIBER,165,794,SUCCESS
2025-01-01 03:35:00,NODE-5652,NODE-4457,RF,1595,1428,DELAY
2025-01-01 03:35:02,NODE-9711,NODE-7799,FIBER,241,414,SUCCESS
2025-01-01 03:35:04,NODE-5283,NODE-8263,FIBER,190,1153,SUCCESS
2025-01-01 03:35:05,NODE-7843,NODE-9031,SATCOM,236,1332,SUCCESS
2025-01-01 03:35:08,NODE-1478,NODE-3086,FIBER,168,916,SUCCESS
2025-01-01 03:35:12,NODE-1585,NODE-2143,SATCOM,70,314,SUCCESS
2025-01-01 03:35:14,NODE-9163,NODE-9035,FIBER,90,1131,SUCCESS
2025-01-01 03:35:17,NODE-7405,NODE-4691,SATCOM,207,408,SUCCESS
2025-01-01 03:35:18,NODE-6313,NODE-1078,RF,199,649,SUCCESS
2025-01-01 03:35:21,NODE-4985,NODE-3344,RF,75,249,SUCCESS
2025-01-01 03:35:25,NODE-8752,NODE-9029,FIBER,1579,689,DELAY
2025-01-01 03:35:27,NODE-2462,NODE-7823,FIBER,244,315,SUCCESS
2025-01-01 03:35:28,NODE-6064,NODE-9001,SATCOM,133,1427,SUCCESS
2025-01-01 03:35:30,NODE-9707,NODE-1606,RF,966,804,DELAY
2025-01-01 03:35:31,NODE-4283,NODE-8227,RF,196,1220,SUCCESS
2025-01-01 03:35:33,NODE-7403,NODE-8404,FIBER,52,369,SUCCESS
2025-01-01 03:35:35,NODE-9144,NODE-6844,SATCOM,1112,1208,DELAY
2025-01-01 03:35:38,NODE-6920,NODE-4981,FIBER,89,875,SUCCESS
2025-01-01 03:35:41,NODE-1603,NODE-3029,FIBER,204,1239,SUCCESS
2025-01-01 03:35:44,NODE-8929,NODE-1257,RF,239,1008,SUCCESS
2025-01-01 03:35:46,NODE-8118,NODE-1675,SATCOM,183,688,SUCCESS
2025-01-01 03:35:47,NODE-4556,NODE-9349,RF,1973,5528,FAIL
2025-01-01 03:35:48,NODE-9208,NODE-6602,SATCOM,63,532,SUCCESS
2025-01-01 03:35:50,NODE-8418,NODE-8145,RF,45,1448,SUCCESS
2025-01-01 03:35:52,NODE-8020,NODE-5265,FIBER,241,653,SUCCESS
2025-01-01 03:35:55,NODE-7755,NODE-9784,FIBER,208,1418,SUCCESS
2025-01-01 03:35:58,NODE-9606,NODE-1094,FIBER,163,1478,SUCCESS
2025-01-01 03:36:00,NODE-4252,NODE-2116,RF,1026,1182,DELAY
2025-01-01 03:36:02,NODE-4856,NODE-9091,RF,101,1047,SUCCESS
2025-01-01 03:36:04,NODE-2493,NODE-4091,SATCOM,127,247,SUCCESS
2025-01-01 03:36:06,NODE-2251,NODE-9026,SATCOM,229,514,SUCCESS
2025-01-01 03:36:09,NODE-7331,NODE-9110,SATCOM,241,1320,SUCCESS
2025-01-01 03:36:12,NODE-4162,NODE-3745,SATCOM,228,791,SUCCESS
2025-01-01 03:36:14,NODE-3581,NODE-8755,RF,194,894,SUCCESS
2025-01-01 03:36:16,NODE-2960,NODE-9194,FIBER,1120,662,DELAY
2025-01-01 03:36:20,NODE-8345,NODE-1699,FIBER,2135,4685,FAIL
2025-01-01 03:36:24,NODE-7907,NODE-3514,FIBER,176,486,SUCCESS
2025-01-01 03:36:27,NODE-8867,NODE-8804,SATCOM,240,630,SUCCESS
2025-01-01 03:36:31,NODE-4586,NODE-3412,SATCOM,126,338,SUCCESS
2025-01-01 03:36:32,NODE-5924,NODE-4678,SATCOM,1033,234,DELAY
2025-01-01 03:36:36,NODE-4348,NODE-7934,SATCOM,43,520,SUCCESS
2025-01-01 03:36:37,NODE-3264,NODE-5412,SATCOM,66,892,SUCCESS
2025-01-01 03:36:38,NODE-1529,NODE-8515,SATCOM,187,605,SUCCESS
2025-01-01 03:36:41,NODE-8324,NODE-6416,FIBER,2920,5343,FAIL
2025-01-01 03:36:43,NODE-7177,NODE-5999,SATCOM,233,1364,SUCCESS
2025-01-01 03:36:46,NODE-2603,NODE-1672,SATCOM,991,1343,DELAY
2025-01-01 03:36:47,NODE-1910,NODE-6942,RF,191,250,SUCCESS
2025-01-01 03:36:49,NODE-8607,NODE-9539,SATCOM,99,1345,SUCCESS
2025-01-01 03:36:50,NODE-2524,NODE-8485,RF,150,736,SUCCESS
2025-01-01 03:36:54,NODE-7450,NODE-5822,SATCOM,86,670,SUCCESS
2025-01-01 03:36:56,NODE-8964,NODE-5910,SATCOM,55,1489,SUCCESS
2025-01-01 03:36:59,NODE-9186,NODE-9585,SATCOM,70,704,SUCCESS
2025-01-01 03:37:02,NODE-4664,NODE-3229,SATCOM,115,938,SUCCESS
2025-01-01 03:37:03,NODE-7650,NODE-1688,FIBER,184,982,SUCCESS
2025-01-01 03:37:06,NODE-9810,NODE-1893,RF,45,1025,SUCCESS
2025-01-01 03:37:10,NODE-8124,NODE-9384,FIBER,58,885,SUCCESS
2025-01-01 03:37:12,NODE-5270,NODE-6330,FIBER,174,667,SUCCESS
2025-01-01 03:37:16,NODE-7743,NODE-4459,RF,245,1076,SUCCESS
2025-01-01 03:37:20,NODE-5731,NODE-2507,SATCOM,118,1431,SUCCESS
2025-01-01 03:37:22,NODE-3095,NODE-6394,RF,45,819,SUCCESS
2025-01-01 03:37:24,NODE-9832,NODE-3356,RF,73,274,SUCCESS
2025-01-01 03:37:27,NODE-7615,NODE-5274,FIBER,176,562,SUCCESS
2025-01-01 03:37:28,NODE-1830,NODE-9032,FIBER,165,518,SUCCESS
2025-01-01 03:37:30,NODE-4265,NODE-8045,FIBER,986,1206,DELAY
2025-01-01 03:37:32,NODE-3194,NODE-7628,SATCOM,115,1032,SUCCESS
2025-01-01 03:37:36,NODE-1195,NODE-2204,RF,101,1259,SUCCESS
2025-01-01 03:37:37,NODE-4730,NODE-4132,FIBER,86,625,SUCCESS
2025-01-01 03:37:39,NODE-1814,NODE-9211,FIBER,207,1339,SUCCESS
2025-01-01 03:37:41,NODE-8190,NODE-8670,RF,105,718,SUCCESS
2025-01-01 03:37:43,NODE-5934,NODE-6067,FIBER,852,1327,DELAY
2025-01-01 03:37:45,NODE-5884,NODE-9384,FIBER,193,272,SUCCESS
2025-01-01 03:37:46,NODE-5909,NODE-6350,RF,110,1398,SUCCESS
2025-01-01 03:37:48,NODE-5263,NODE-9188,FIBER,198,348,SUCCESS
2025-01-01 03:37:52,NODE-4468,NODE-8567,SATCOM,111,1141,SUCCESS
2025-01-01 03:37:54,NODE-6475,NODE-6053,RF,164,1112,SUCCESS
2025-01-01 03:37:55,NODE-1547,NODE-8913,FIBER,127,454,SUCCESS
2025-01-01 03:37:57,NODE-2273,NODE-2555,FIBER,1968,5790,FAIL
2025-01-01 03:37:58,NODE-9162,NODE-9437,SATCOM,148,400,SUCCESS
2025-01-01 03:38:02,NODE-6937,NODE-4847,RF,209,760,SUCCESS
2025-01-01 03:38:03,NODE-3969,NODE-2075,RF,85,902,SUCCESS
2025-01-01 03:38:04,NODE-8705,NODE-2906,RF,164,1190,SUCCESS
2025-01-01 03:38:06,NODE-5779,NODE-5467,RF,195,346,SUCCESS
2025-01-01 03:38:09,NODE-6534,NODE-6019,RF,236,386,SUCCESS
2025-01-01 03:38:13,NODE-2165,NODE-5547,FIBER,75,1402,SUCCESS
2025-01-01 03:38:16,NODE-9628,NODE-4002,SATCOM,71,974,SUCCESS
2025-01-01 03:38:18,NODE-9547,NODE-6349,FIBER,1048,414,DELAY
2025-01-01 03:38:20,NODE-1400,NODE-7852,RF,114,305,SUCCESS
2025-01-01 03:38:24,NODE-4739,NODE-5849,RF,1220,385,DELAY
2025-01-01 03:38:26,NODE-2430,NODE-1418,RF,173,1402,SUCCESS
2025-01-01 03:38:27,NODE-3930,NODE-9357,FIBER,98,820,SUCCESS
2025-01-01 03:38:28,NODE-5685,NODE-6462,RF,218,704,SUCCESS
2025-01-01 03:38:30,NODE-8681,NODE-2596,SATCOM,249,1324,SUCCESS
2025-01-01 03:38:31,NODE-4250,NODE-6008,RF,95,421,SUCCESS
2025-01-01 03:38:35,NODE-7987,NODE-8384,SATCOM,3137,3668,FAIL
2025-01-01 03:38:36,NODE-6618,NODE-7168,FIBER,158,790,SUCCESS
2025-01-01 03:38:38,NODE-4357,NODE-7064,FIBER,80,366,SUCCESS
2025-01-01 03:38:41,NODE-6396,NODE-5361,SATCOM,185,1287,SUCCESS
2025-01-01 03:38:43,NODE-8060,NODE-4711,SATCOM,209,1272,SUCCESS
2025-01-01 03:38:45,NODE-4363,NODE-1293,SATCOM,146,366,SUCCESS
2025-01-01 03:38:47,NODE-4032,NODE-4605,RF,46,704,SUCCESS
2025-01-01 03:38:49,NODE-2325,NODE-7698,RF,101,963,SUCCESS
2025-01-01 03:38:50,NODE-4638,NODE-8750,RF,1596,287,DELAY
2025-01-01 03:38:54,NODE-5724,NODE-3503,RF,110,1032,SUCCESS
2025-01-01 03:38:55,NODE-2115,NODE-8588,SATCOM,245,1014,SUCCESS
2025-01-01 03:38:56,NODE-6210,NODE-2025,FIBER,249,744,SUCCESS
2025-01-01 03:38:59,NODE-3596,NODE-9220,SATCOM,101,1419,SUCCESS
2025-01-01 03:39:02,NODE-8299,NODE-5224,RF,968,288,DELAY
2025-01-01 03:39:05,NODE-7313,NODE-4581,FIBER,185,915,SUCCESS
2025-01-01 03:39:09,NODE-7995,NODE-2877,RF,81,911,SUCCESS
2025-01-01 03:39:13,NODE-6366,NODE-5056,RF,162,899,SUCCESS
2025-01-01 03:39:14,NODE-8835,NODE-5200,RF,213,1041,SUCCESS
2025-01-01 03:39:17,NODE-2491,NODE-1185,RF,46,777,SUCCESS
2025-01-01 03:39:19,NODE-8619,NODE-7899,FIBER,40,1472,SUCCESS
2025-01-01 03:39:20,NODE-3333,NODE-1162,SATCOM,240,667,SUCCESS
2025-01-01 03:39:23,NODE-8840,NODE-1339,SATCOM,59,977,SUCCESS
2025-01-01 03:39:24,NODE-4231,NODE-1916,SATCOM,118,1067,SUCCESS
2025-01-01 03:39:27,NODE-4989,NODE-1575,FIBER,209,1487,SUCCESS
2025-01-01 03:39:31,NODE-1189,NODE-3207,SATCOM,826,643,DELAY
2025-01-01 03:39:35,NODE-2895,NODE-5092,RF,134,353,SUCCESS
2025-01-01 03:39:39,NODE-8356,NODE-2660,FIBER,2440,3559,FAIL
2025-01-01 03:39:40,NODE-9087,NODE-7133,RF,102,917,SUCCESS
2025-01-01 03:39:41,NODE-4549,NODE-9702,FIBER,187,343,SUCCESS
2025-01-01 03:39:45,NODE-7125,NODE-6529,RF,205,1137,SUCCESS
2025-01-01 03:39:49,NODE-2868,NODE-3029,FIBER,90,1412,SUCCESS
2025-01-01 03:39:52,NODE-8007,NODE-4114,FIBER,1054,723,DELAY
2025-01-01 03:39:56,NODE-6675,NODE-6379,SATCOM,184,516,SUCCESS
2025-01-01 03:40:00,NODE-4233,NODE-2394,RF,88,1073,SUCCESS
2025-01-01 03:40:02,NODE-3845,NODE-2520,RF,1218,739,DELAY
2025-01-01 03:40:03,NODE-2061,NODE-1587,FIBER,208,1066,SUCCESS
2025-01-01 03:40:05,NODE-6667,NODE-5092,FIBER,199,497,SUCCESS
2025-01-01 03:40:09,NODE-8155,NODE-9176,SATCOM,1296,815,DELAY
2025-01-01 03:40:10,NODE-6209,NODE-9237,RF,149,215,SUCCESS
2025-01-01 03:40:12,NODE-2366,NODE-6587,RF,244,783,SUCCESS
2025-01-01 03:40:15,NODE-4573,NODE-9167,SATCOM,46,317,SUCCESS
2025-01-01 03:40:16,NODE-9952,NODE-8775,RF,99,660,SUCCESS
2025-01-01 03:40:17,NODE-8600,NODE-5352,RF,80,1364,SUCCESS
2025-01-01 03:40:20,NODE-7097,NODE-9646,RF,85,1040,SUCCESS
2025-01-01 03:40:21,NODE-4194,NODE-9107,SATCOM,179,968,SUCCESS
2025-01-01 03:40:22,NODE-5486,NODE-8234,FIBER,91,410,SUCCESS
2025-01-01 03:40:24,NODE-7598,NODE-5717,RF,200,279,SUCCESS
2025-01-01 03:40:25,NODE-3602,NODE-1744,FIBER,51,568,SUCCESS
2025-01-01 03:40:26,NODE-9118,NODE-4915,RF,225,968,SUCCESS
2025-01-01 03:40:30,NODE-4539,NODE-1715,FIBER,69,270,SUCCESS
2025-01-01 03:40:31,NODE-7811,NODE-2528,FIBER,240,328,SUCCESS
2025-01-01 03:40:34,NODE-7595,NODE-2447,FIBER,46,252,SUCCESS
2025-01-01 03:40:35,NODE-3917,NODE-4568,SATCOM,220,497,SUCCESS
2025-01-01 03:40:37,NODE-2812,NODE-4215,FIBER,95,1446,SUCCESS
2025-01-01 03:40:38,NODE-4449,NODE-6544,FIBER,2174,6212,FAIL
2025-01-01 03:40:40,NODE-4776,NODE-4953,FIBER,239,209,SUCCESS
2025-01-01 03:40:43,NODE-3521,NODE-5330,RF,159,468,SUCCESS
2025-01-01 03:40:47,NODE-2629,NODE-1620,RF,197,1146,SUCCESS
2025-01-01 03:40:51,NODE-9120,NODE-3503,RF,95,395,SUCCESS
2025-01-01 03:40:55,NODE-3993,NODE-9756,RF,189,606,SUCCESS
2025-01-01 03:40:57,NODE-3464,NODE-7951,FIBER,206,1189,SUCCESS
2025-01-01 03:41:01,NODE-1268,NODE-9257,RF,1403,1407,DELAY
2025-01-01 03:41:04,NODE-7029,NODE-9468,RF,46,484,SUCCESS
2025-01-01 03:41:08,NODE-8548,NODE-7361,SATCOM,1366,1186,DELAY
2025-01-01 03:41:10,NODE-5650,NODE-4532,FIBER,237,315,SUCCESS
2025-01-01 03:41:11,NODE-8705,NODE-5393,FIBER,232,1068,SUCCESS
2025-01-01 03:41:14,NODE-1763,NODE-9124,RF,178,1099,SUCCESS
2025-01-01 03:41:18,NODE-7082,NODE-5349,SATCOM,75,299,SUCCESS
2025-01-01 03:41:20,NODE-4286,NODE-9962,SATCOM,49,1317,SUCCESS
2025-01-01 03:41:24,NODE-5329,NODE-2204,FIBER,166,686,SUCCESS
2025-01-01 03:41:28,NODE-1248,NODE-1205,RF,144,1443,SUCCESS
2025-01-01 03:41:29,NODE-7679,NODE-6888,RF,225,1303,SUCCESS
2025-01-01 03:41:33,NODE-8497,NODE-1575,SATCOM,107,364,SUCCESS
2025-01-01 03:41:36,NODE-3456,NODE-9771,FIBER,195,399,SUCCESS
2025-01-01 03:41:38,NODE-9644,NODE-6075,SATCOM,2680,3633,FAIL
2025-01-01 03:41:41,NODE-6865,NODE-7851,SATCOM,144,1218,SUCCESS
2025-01-01 03:41:44,NODE-2563,NODE-1644,RF,90,1417,SUCCESS
2025-01-01 03:41:46,NODE-2658,NODE-3354,FIBER,75,1032,SUCCESS
2025-01-01 03:41:50,NODE-9157,NODE-2043,FIBER,2673,5112,FAIL
2025-01-01 03:41:53,NODE-7530,NODE-9882,SATCOM,59,751,SUCCESS
2025-01-01 03:41:54,NODE-3497,NODE-4484,RF,103,1342,SUCCESS
2025-01-01 03:41:57,NODE-5138,NODE-8418,FIBER,194,1342,SUCCESS
2025-01-01 03:42:00,NODE-8263,NODE-9690,RF,144,655,SUCCESS
2025-01-01 03:42:03,NODE-5621,NODE-2029,RF,170,742,SUCCESS
2025-01-01 03:42:04,NODE-3649,NODE-3702,FIBER,91,1038,SUCCESS
2025-01-01 03:42:08,NODE-6932,NODE-3979,FIBER,1008,1425,DELAY
2025-01-01 03:42:11,NODE-8354,NODE-3485,SATCOM,168,603,SUCCESS
2025-01-01 03:42:14,NODE-7597,NODE-1928,SATCOM,130,1187,SUCCESS
2025-01-01 03:42:17,NODE-8058,NODE-5357,SATCOM,133,1500,SUCCESS
2025-01-01 03:42:18,NODE-5420,NODE-7009,FIBER,47,1305,SUCCESS
2025-01-01 03:42:22,NODE-9188,NODE-7003,FIBER,905,1467,DELAY
2025-01-01 03:42:26,NODE-2981,NODE-9516,FIBER,1438,459,DELAY
2025-01-01 03:42:30,NODE-1466,NODE-7424,RF,228,864,SUCCESS
2025-01-01 03:42:33,NODE-9805,NODE-1086,FIBER,223,362,SUCCESS
2025-01-01 03:42:35,NODE-9287,NODE-3889,FIBER,61,536,SUCCESS
2025-01-01 03:42:38,NODE-4346,NODE-3062,FIBER,132,469,SUCCESS
2025-01-01 03:42:40,NODE-8758,NODE-4172,SATCOM,192,819,SUCCESS
2025-01-01 03:42:41,NODE-1685,NODE-6977,FIBER,103,768,SUCCESS
2025-01-01 03:42:43,NODE-8379,NODE-4719,RF,81,782,SUCCESS
2025-01-01 03:42:44,NODE-1361,NODE-9765,SATCOM,89,1016,SUCCESS
2025-01-01 03:42:48,NODE-7168,NODE-6369,SATCOM,49,842,SUCCESS
2025-01-01 03:42:51,NODE-5168,NODE-5346,FIBER,2459,6911,FAIL
2025-01-01 03:42:52,NODE-5333,NODE-6466,RF,170,1390,SUCCESS
2025-01-01 03:42:54,NODE-7637,NODE-3652,FIBER,182,476,SUCCESS
2025-01-01 03:42:55,NODE-3824,NODE-7770,SATCOM,64,677,SUCCESS
2025-01-01 03:42:58,NODE-4574,NODE-5787,FIBER,245,414,SUCCESS
2025-01-01 03:42:59,NODE-7162,NODE-1561,FIBER,98,1067,SUCCESS
2025-01-01 03:43:02,NODE-6871,NODE-3525,RF,2370,6812,FAIL
2025-01-01 03:43:06,NODE-1523,NODE-6655,RF,171,858,SUCCESS
2025-01-01 03:43:09,NODE-8423,NODE-4051,FIBER,227,397,SUCCESS
2025-01-01 03:43:13,NODE-7345,NODE-9633,SATCOM,1250,753,DELAY
2025-01-01 03:43:16,NODE-1702,NODE-5801,RF,1575,794,DELAY
2025-01-01 03:43:20,NODE-7778,NODE-8835,SATCOM,202,1469,SUCCESS
2025-01-01 03:43:23,NODE-1211,NODE-8796,RF,52,1255,SUCCESS
2025-01-01 03:43:24,NODE-9106,NODE-3759,SATCOM,154,796,SUCCESS
2025-01-01 03:43:28,NODE-7462,NODE-5357,SATCOM,235,1446,SUCCESS
2025-01-01 03:43:31,NODE-6809,NODE-2528,SATCOM,189,760,SUCCESS
2025-01-01 03:43:34,NODE-1204,NODE-7606,RF,43,353,SUCCESS
2025-01-01 03:43:38,NODE-1659,NODE-4347,FIBER,988,359,DELAY
2025-01-01 03:43:39,NODE-2293,NODE-5288,FIBER,2775,3320,FAIL
2025-01-01 03:43:41,NODE-1132,NODE-6993,SATCOM,133,948,SUCCESS
2025-01-01 03:43:43,NODE-6578,NODE-2285,SATCOM,145,293,SUCCESS
2025-01-01 03:43:45,NODE-9647,NODE-7136,RF,95,1429,SUCCESS
2025-01-01 03:43:48,NODE-7965,NODE-1572,SATCOM,68,977,SUCCESS
2025-01-01 03:43:50,NODE-2255,NODE-1315,RF,107,267,SUCCESS
2025-01-01 03:43:52,NODE-2208,NODE-4240,FIBER,213,1491,SUCCESS
2025-01-01 03:43:56,NODE-5973,NODE-1055,SATCOM,2831,3081,FAIL
2025-01-01 03:43:59,NODE-6328,NODE-8359,RF,140,1248,SUCCESS
2025-01-01 03:44:02,NODE-1241,NODE-9645,SATCOM,138,1063,SUCCESS
2025-01-01 03:44:05,NODE-1525,NODE-3452,RF,154,294,SUCCESS
2025-01-01 03:44:07,NODE-3999,NODE-9663,RF,165,1365,SUCCESS
2025-01-01 03:44:09,NODE-2263,NODE-2912,RF,118,1284,SUCCESS
2025-01-01 03:44:10,NODE-9316,NODE-6246,SATCOM,167,630,SUCCESS
2025-01-01 03:44:13,NODE-2246,NODE-1516,RF,78,1242,SUCCESS
2025-01-01 03:44:15,NODE-9176,NODE-2243,FIBER,100,1421,SUCCESS
2025-01-01 03:44:19,NODE-3458,NODE-2348,SATCOM,226,1164,SUCCESS
2025-01-01 03:44:23,NODE-7424,NODE-1616,SATCOM,244,394,SUCCESS
2025-01-01 03:44:25,NODE-5650,NODE-5636,SATCOM,74,583,SUCCESS
2025-01-01 03:44:28,NODE-6804,NODE-9566,SATCOM,119,1053,SUCCESS
2025-01-01 03:44:32,NODE-9585,NODE-7925,FIBER,171,699,SUCCESS
2025-01-01 03:44:35,NODE-9288,NODE-2331,SATCOM,92,1096,SUCCESS
2025-01-01 03:44:39,NODE-8801,NODE-1505,RF,2285,4564,FAIL
2025-01-01 03:44:42,NODE-5363,NODE-3667,RF,186,411,SUCCESS
2025-01-01 03:44:46,NODE-4107,NODE-7959,SATCOM,852,693,DELAY
2025-01-01 03:44:49,NODE-3275,NODE-3253,FIBER,78,1237,SUCCESS
2025-01-01 03:44:51,NODE-7371,NODE-5102,FIBER,1475,613,DELAY
2025-01-01 03:44:52,NODE-2479,NODE-4650,FIBER,87,1478,SUCCESS
2025-01-01 03:44:55,NODE-7863,NODE-6013,SATCOM,247,339,SUCCESS
2025-01-01 03:44:57,NODE-2424,NODE-8939,SATCOM,45,1176,SUCCESS
2025-01-01 03:44:58,NODE-5725,NODE-4005,SATCOM,175,1274,SUCCESS
2025-01-01 03:45:02,NODE-5138,NODE-9898,SATCOM,125,976,SUCCESS
2025-01-01 03:45:05,NODE-7295,NODE-7349,RF,128,936,SUCCESS
2025-01-01 03:45:06,NODE-7149,NODE-5618,FIBER,872,814,DELAY
2025-01-01 03:45:07,NODE-3221,NODE-3851,SATCOM,63,977,SUCCESS
2025-01-01 03:45:10,NODE-2813,NODE-4320,SATCOM,2539,5265,FAIL
2025-01-01 03:45:13,NODE-8044,NODE-4307,FIBER,116,1297,SUCCESS
2025-01-01 03:45:14,NODE-4781,NODE-2145,FIBER,82,1046,SUCCESS
2025-01-01 03:45:15,NODE-3542,NODE-2888,SATCOM,71,1387,SUCCESS
2025-01-01 03:45:18,NODE-3247,NODE-7685,SATCOM,174,1393,SUCCESS
2025-01-01 03:45:21,NODE-1217,NODE-7633,FIBER,83,863,SUCCESS
2025-01-01 03:45:23,NODE-1279,NODE-6042,FIBER,1251,1388,DELAY
2025-01-01 03:45:26,NODE-4996,NODE-1391,RF,123,633,SUCCESS
2025-01-01 03:45:30,NODE-6849,NODE-5000,FIBER,76,962,SUCCESS
2025-01-01 03:45:34,NODE-5492,NODE-1107,FIBER,42,397,SUCCESS
2025-01-01 03:45:36,NODE-2186,NODE-8150,FIBER,1513,732,DELAY
2025-01-01 03:45:39,NODE-3520,NODE-8598,SATCOM,70,587,SUCCESS
2025-01-01 03:45:43,NODE-7002,NODE-9314,RF,215,229,SUCCESS
2025-01-01 03:45:44,NODE-2571,NODE-7201,SATCOM,177,982,SUCCESS
2025-01-01 03:45:47,NODE-7427,NODE-1551,RF,88,957,SUCCESS
2025-01-01 03:45:48,NODE-3972,NODE-9780,FIBER,80,516,SUCCESS
2025-01-01 03:45:51,NODE-4415,NODE-7181,RF,153,1173,SUCCESS
2025-01-01 03:45:54,NODE-9913,NODE-8180,FIBER,97,1264,SUCCESS
2025-01-01 03:45:56,NODE-8871,NODE-3400,SATCOM,83,336,SUCCESS
2025-01-01 03:46:00,NODE-7602,NODE-8668,RF,168,1414,SUCCESS
2025-01-01 03:46:01,NODE-6964,NODE-6918,FIBER,81,1151,SUCCESS
2025-01-01 03:46:05,NODE-4005,NODE-3641,RF,140,1413,SUCCESS
2025-01-01 03:46:07,NODE-3860,NODE-3878,SATCOM,112,409,SUCCESS
2025-01-01 03:46:10,NODE-6641,NODE-7760,FIBER,229,934,SUCCESS
2025-01-01 03:46:11,NODE-1931,NODE-3071,SATCOM,135,1353,SUCCESS
2025-01-01 03:46:15,NODE-7389,NODE-9729,RF,250,727,SUCCESS
2025-01-01 03:46:19,NODE-4340,NODE-6221,FIBER,99,424,SUCCESS
2025-01-01 03:46:23,NODE-1302,NODE-9071,FIBER,1277,976,DELAY
2025-01-01 03:46:27,NODE-1269,NODE-9008,RF,87,1344,SUCCESS
2025-01-01 03:46:28,NODE-6896,NODE-6830,RF,151,756,SUCCESS
2025-01-01 03:46:30,NODE-5043,NODE-9900,SATCOM,1461,900,DELAY
2025-01-01 03:46:32,NODE-9243,NODE-3975,FIBER,99,1091,SUCCESS
2025-01-01 03:46:33,NODE-3624,NODE-2183,RF,1073,757,DELAY
2025-01-01 03:46:35,NODE-4881,NODE-2660,FIBER,174,1307,SUCCESS
2025-01-01 03:46:38,NODE-7247,NODE-5890,SATCOM,58,1276,SUCCESS
2025-01-01 03:46:40,NODE-5582,NODE-1520,FIBER,1447,460,DELAY
2025-01-01 03:46:42,NODE-8142,NODE-1900,FIBER,133,519,SUCCESS
2025-01-01 03:46:45,NODE-8861,NODE-7243,SATCOM,147,1440,SUCCESS
2025-01-01 03:46:46,NODE-3587,NODE-4339,SATCOM,228,1112,SUCCESS
2025-01-01 03:46:49,NODE-4242,NODE-8957,SATCOM,82,1342,SUCCESS
2025-01-01 03:46:50,NODE-2446,NODE-2141,SATCOM,176,821,SUCCESS
2025-01-01 03:46:52,NODE-1484,NODE-7331,FIBER,201,916,SUCCESS
2025-01-01 03:46:55,NODE-4308,NODE-6279,SATCOM,235,755,SUCCESS
2025-01-01 03:46:57,NODE-1158,NODE-3244,FIBER,174,1084,SUCCESS
2025-01-01 03:47:00,NODE-7396,NODE-6798,FIBER,192,326,SUCCESS
2025-01-01 03:47:02,NODE-6903,NODE-1882,FIBER,148,1149,SUCCESS
2025-01-01 03:47:06,NODE-6145,NODE-6409,SATCOM,94,398,SUCCESS
2025-01-01 03:47:08,NODE-8504,NODE-2208,RF,193,218,SUCCESS
2025-01-01 03:47:11,NODE-2788,NODE-8434,SATCOM,230,961,SUCCESS
2025-01-01 03:47:15,NODE-2857,NODE-9572,FIBER,204,452,SUCCESS
2025-01-01 03:47:16,NODE-8083,NODE-9310,SATCOM,244,472,SUCCESS
2025-01-01 03:47:19,NODE-9214,NODE-8874,RF,181,1025,SUCCESS
2025-01-01 03:47:22,NODE-9328,NODE-6010,RF,245,1113,SUCCESS
2025-01-01 03:47:24,NODE-8185,NODE-3477,RF,248,699,SUCCESS
2025-01-01 03:47:25,NODE-9826,NODE-9293,FIBER,51,310,SUCCESS
2025-01-01 03:47:29,NODE-3187,NODE-8312,RF,195,1311,SUCCESS
2025-01-01 03:47:30,NODE-7538,NODE-5207,RF,44,695,SUCCESS
2025-01-01 03:47:33,NODE-1795,NODE-8589,FIBER,249,854,SUCCESS
2025-01-01 03:47:34,NODE-4004,NODE-2556,FIBER,166,734,SUCCESS
2025-01-01 03:47:38,NODE-1131,NODE-4050,RF,138,1387,SUCCESS
2025-01-01 03:47:39,NODE-3429,NODE-3478,RF,88,1179,SUCCESS
2025-01-01 03:47:41,NODE-2733,NODE-8726,RF,118,1473,SUCCESS
2025-01-01 03:47:45,NODE-8490,NODE-1991,FIBER,61,453,SUCCESS
2025-01-01 03:47:47,NODE-3059,NODE-9814,SATCOM,166,445,SUCCESS
2025-01-01 03:47:50,NODE-2652,NODE-2090,FIBER,66,598,SUCCESS
2025-01-01 03:47:51,NODE-2091,NODE-4131,RF,89,723,SUCCESS
2025-01-01 03:47:55,NODE-1955,NODE-9730,SATCOM,95,566,SUCCESS
2025-01-01 03:47:56,NODE-6615,NODE-3674,FIBER,155,1389,SUCCESS
2025-01-01 03:48:00,NODE-8087,NODE-1058,FIBER,196,604,SUCCESS
2025-01-01 03:48:01,NODE-8691,NODE-7562,SATCOM,98,867,SUCCESS
2025-01-01 03:48:04,NODE-1399,NODE-5250,SATCOM,1135,314,DELAY
2025-01-01 03:48:06,NODE-3270,NODE-8215,FIBER,1551,482,DELAY
2025-01-01 03:48:10,NODE-3307,NODE-8563,SATCOM,165,751,SUCCESS
2025-01-01 03:48:11,NODE-9684,NODE-9882,SATCOM,137,938,SUCCESS
2025-01-01 03:48:12,NODE-6715,NODE-4268,SATCOM,99,1456,SUCCESS
2025-01-01 03:48:14,NODE-3620,NODE-2713,RF,242,1448,SUCCESS
2025-01-01 03:48:17,NODE-9307,NODE-6556,SATCOM,828,925,DELAY
2025-01-01 03:48:20,NODE-8169,NODE-5230,SATCOM,2351,4613,FAIL
2025-01-01 03:48:23,NODE-9465,NODE-8971,FIBER,176,1250,SUCCESS
2025-01-01 03:48:27,NODE-4027,NODE-6550,RF,76,882,SUCCESS
2025-01-01 03:48:31,NODE-6597,NODE-3633,RF,232,1110,SUCCESS
2025-01-01 03:48:33,NODE-9977,NODE-8440,FIBER,1012,958,DELAY
2025-01-01 03:48:36,NODE-2323,NODE-7439,RF,213,533,SUCCESS
2025-01-01 03:48:38,NODE-2668,NODE-9265,RF,944,1248,DELAY
2025-01-01 03:48:42,NODE-1322,NODE-3641,SATCOM,2424,4358,FAIL
2025-01-01 03:48:43,NODE-5868,NODE-9731,SATCOM,123,736,SUCCESS
2025-01-01 03:48:44,NODE-8130,NODE-8389,FIBER,247,1398,SUCCESS
2025-01-01 03:48:48,NODE-4579,NODE-9535,RF,180,617,SUCCESS
2025-01-01 03:48:51,NODE-7770,NODE-4164,RF,150,1124,SUCCESS
2025-01-01 03:48:53,NODE-4188,NODE-9902,FIBER,1183,409,DELAY
2025-01-01 03:48:57,NODE-8227,NODE-5053,SATCOM,95,1422,SUCCESS
2025-01-01 03:49:01,NODE-2691,NODE-9664,SATCOM,1116,231,DELAY
2025-01-01 03:49:04,NODE-3118,NODE-6941,RF,80,1030,SUCCESS
2025-01-01 03:49:08,NODE-3690,NODE-6714,RF,49,1413,SUCCESS
2025-01-01 03:49:12,NODE-9952,NODE-9596,SATCOM,193,463,SUCCESS
2025-01-01 03:49:14,NODE-3930,NODE-6759,RF,166,1325,SUCCESS
2025-01-01 03:49:15,NODE-1641,NODE-6566,SATCOM,1415,1067,DELAY
2025-01-01 03:49:16,NODE-8745,NODE-9301,RF,1254,217,DELAY
2025-01-01 03:49:19,NODE-2465,NODE-6291,RF,164,951,SUCCESS
2025-01-01 03:49:22,NODE-3717,NODE-1551,SATCOM,140,655,SUCCESS
2025-01-01 03:49:24,NODE-6949,NODE-8648,FIBER,245,1072,SUCCESS
2025-01-01 03:49:25,NODE-5381,NODE-9634,RF,59,735,SUCCESS
2025-01-01 03:49:29,NODE-6824,NODE-8264,SATCOM,179,707,SUCCESS
2025-01-01 03:49:31,NODE-7653,NODE-9247,FIBER,188,342,SUCCESS
2025-01-01 03:49:32,NODE-7025,NODE-2986,FIBER,930,1038,DELAY
2025-01-01 03:49:34,NODE-1396,NODE-8783,SATCOM,121,1085,SUCCESS
2025-01-01 03:49:38,NODE-4758,NODE-7289,FIBER,223,357,SUCCESS
2025-01-01 03:49:40,NODE-7331,NODE-6082,FIBER,1870,5051,FAIL
2025-01-01 03:49:41,NODE-2875,NODE-8613,FIBER,1291,279,DELAY
2025-01-01 03:49:44,NODE-2676,NODE-9759,RF,78,915,SUCCESS
2025-01-01 03:49:48,NODE-3934,NODE-1076,RF,186,1035,SUCCESS
2025-01-01 03:49:51,NODE-7012,NODE-3317,FIBER,141,1223,SUCCESS
2025-01-01 03:49:54,NODE-9482,NODE-6447,RF,109,714,SUCCESS
2025-01-01 03:49:58,NODE-2478,NODE-9847,SATCOM,56,1240,SUCCESS
2025-01-01 03:50:00,NODE-1542,NODE-3475,RF,239,776,SUCCESS
2025-01-01 03:50:04,NODE-2796,NODE-1183,RF,134,681,SUCCESS
2025-01-01 03:50:07,NODE-3062,NODE-4613,RF,58,771,SUCCESS
2025-01-01 03:50:09,NODE-6584,NODE-2297,RF,227,1394,SUCCESS
2025-01-01 03:50:11,NODE-7020,NODE-5580,SATCOM,102,1227,SUCCESS
2025-01-01 03:50:12,NODE-2385,NODE-2635,FIBER,96,1090,SUCCESS
2025-01-01 03:50:13,NODE-5059,NODE-8211,RF,201,1194,SUCCESS
2025-01-01 03:50:15,NODE-9324,NODE-5161,FIBER,228,1406,SUCCESS
2025-01-01 03:50:19,NODE-8671,NODE-8503,SATCOM,184,539,SUCCESS
2025-01-01 03:50:21,NODE-6591,NODE-4676,SATCOM,189,1274,SUCCESS
2025-01-01 03:50:22,NODE-9790,NODE-8462,SATCOM,219,859,SUCCESS
2025-01-01 03:50:24,NODE-9611,NODE-7139,FIBER,55,1316,SUCCESS
2025-01-01 03:50:27,NODE-3500,NODE-3388,SATCOM,205,715,SUCCESS
2025-01-01 03:50:28,NODE-1771,NODE-1315,SATCOM,144,299,SUCCESS
2025-01-01 03:50:30,NODE-9889,NODE-8302,RF,108,1305,SUCCESS
2025-01-01 03:50:32,NODE-7435,NODE-6380,FIBER,136,1018,SUCCESS
2025-01-01 03:50:33,NODE-4117,NODE-6685,FIBER,43,748,SUCCESS
2025-01-01 03:50:35,NODE-8325,NODE-7619,RF,2275,3842,FAIL
2025-01-01 03:50:36,NODE-7999,NODE-9880,FIBER,1435,983,DELAY
2025-01-01 03:50:38,NODE-4364,NODE-4317,SATCOM,2952,5210,FAIL
2025-01-01 03:50:40,NODE-5976,NODE-4014,SATCOM,204,1063,SUCCESS
2025-01-01 03:50:42,NODE-3228,NODE-3481,FIBER,68,910,SUCCESS
2025-01-01 03:50:46,NODE-7292,NODE-1741,FIBER,162,1481,SUCCESS
2025-01-01 03:50:50,NODE-5097,NODE-9170,RF,57,307,SUCCESS
2025-01-01 03:50:52,NODE-1943,NODE-7272,RF,72,1208,SUCCESS
2025-01-01 03:50:56,NODE-3787,NODE-3349,RF,132,653,SUCCESS
2025-01-01 03:50:58,NODE-2965,NODE-9084,RF,61,653,SUCCESS
2025-01-01 03:51:02,NODE-2349,NODE-1816,FIBER,238,849,SUCCESS
2025-01-01 03:51:05,NODE-8582,NODE-5256,RF,60,1147,SUCCESS
2025-01-01 03:51:07,NODE-9106,NODE-9720,FIBER,126,1326,SUCCESS
2025-01-01 03:51:11,NODE-2107,NODE-1078,FIBER,240,708,SUCCESS
2025-01-01 03:51:12,NODE-1281,NODE-5144,FIBER,247,1145,SUCCESS
2025-01-01 03:51:15,NODE-2618,NODE-7286,SATCOM,99,439,SUCCESS
2025-01-01 03:51:17,NODE-6460,NODE-9210,FIBER,88,861,SUCCESS
2025-01-01 03:51:21,NODE-7357,NODE-9561,SATCOM,78,781,SUCCESS
2025-01-01 03:51:22,NODE-9729,NODE-9814,SATCOM,154,603,SUCCESS
2025-01-01 03:51:26,NODE-6171,NODE-7662,RF,100,354,SUCCESS
2025-01-01 03:51:29,NODE-3770,NODE-5303,SATCOM,239,522,SUCCESS
2025-01-01 03:51:32,NODE-5153,NODE-5013,RF,238,967,SUCCESS
2025-01-01 03:51:35,NODE-8765,NODE-1307,RF,141,259,SUCCESS
2025-01-01 03:51:37,NODE-8918,NODE-6301,SATCOM,86,763,SUCCESS
2025-01-01 03:51:38,NODE-7310,NODE-6869,SATCOM,106,704,SUCCESS
2025-01-01 03:51:39,NODE-7454,NODE-2706,FIBER,103,1460,SUCCESS
2025-01-01 03:51:43,NODE-9430,NODE-4387,FIBER,182,924,SUCCESS
2025-01-01 03:51:45,NODE-8001,NODE-3114,SATCOM,164,1279,SUCCESS
2025-01-01 03:51:47,NODE-5679,NODE-2562,RF,72,1436,SUCCESS
2025-01-01 03:51:49,NODE-5975,NODE-7527,SATCOM,242,906,SUCCESS
2025-01-01 03:51:51,NODE-5815,NODE-7065,FIBER,1338,824,DELAY
2025-01-01 03:51:55,NODE-8121,NODE-1615,FIBER,229,892,SUCCESS
2025-01-01 03:51:56,NODE-3494,NODE-9722,RF,58,746,SUCCESS
2025-01-01 03:51:58,NODE-3193,NODE-9266,FIBER,131,315,SUCCESS
2025-01-01 03:51:59,NODE-4916,NODE-9776,SATCOM,184,1393,SUCCESS
2025-01-01 03:52:01,NODE-6049,NODE-2839,SATCOM,2727,4824,FAIL
2025-01-01 03:52:03,NODE-4848,NODE-9163,SATCOM,193,347,SUCCESS
2025-01-01 03:52:07,NODE-6988,NODE-9081,FIBER,207,1240,SUCCESS
2025-01-01 03:52:10,NODE-9008,NODE-7630,FIBER,244,598,SUCCESS
2025-01-01 03:52:12,NODE-6353,NODE-7898,FIBER,237,1275,SUCCESS
2025-01-01 03:52:14,NODE-7237,NODE-2092,FIBER,66,1161,SUCCESS
2025-01-01 03:52:18,NODE-8714,NODE-5784,SATCOM,135,676,SUCCESS
2025-01-01 03:52:19,NODE-2970,NODE-7286,FIBER,163,1034,SUCCESS
2025-01-01 03:52:20,NODE-6568,NODE-9367,FIBER,250,800,SUCCESS
2025-01-01 03:52:22,NODE-5131,NODE-3745,FIBER,147,432,SUCCESS
2025-01-01 03:52:25,NODE-9182,NODE-7794,SATCOM,150,1200,SUCCESS
2025-01-01 03:52:29,NODE-1538,NODE-2967,FIBER,150,630,SUCCESS
2025-01-01 03:52:31,NODE-6371,NODE-5115,RF,223,1394,SUCCESS
2025-01-01 03:52:34,NODE-3814,NODE-1019,RF,223,969,SUCCESS
2025-01-01 03:52:36,NODE-9360,NODE-6187,RF,100,547,SUCCESS
2025-01-01 03:52:40,NODE-9660,NODE-9164,SATCOM,2688,3649,FAIL
2025-01-01 03:52:41,NODE-3037,NODE-1681,RF,111,507,SUCCESS
2025-01-01 03:52:42,NODE-7060,NODE-7278,SATCOM,1170,1121,DELAY
2025-01-01 03:52:45,NODE-6097,NODE-3469,FIBER,1265,214,DELAY
2025-01-01 03:52:46,NODE-8108,NODE-6309,FIBER,1506,716,DELAY
2025-01-01 03:52:47,NODE-4414,NODE-6212,RF,1364,1124,DELAY
2025-01-01 03:52:50,NODE-7263,NODE-6941,SATCOM,152,289,SUCCESS
2025-01-01 03:52:51,NODE-3761,NODE-8077,SATCOM,217,865,SUCCESS
2025-01-01 03:52:54,NODE-8122,NODE-4157,FIBER,62,318,SUCCESS
2025-01-01 03:52:58,NODE-6723,NODE-3150,FIBER,104,232,SUCCESS
2025-01-01 03:53:02,NODE-3491,NODE-3945,FIBER,85,1428,SUCCESS
2025-01-01 03:53:04,NODE-9452,NODE-4964,RF,93,814,SUCCESS
2025-01-01 03:53:08,NODE-9530,NODE-6645,FIBER,66,553,SUCCESS
2025-01-01 03:53:10,NODE-5084,NODE-6544,SATCOM,193,664,SUCCESS
2025-01-01 03:53:13,NODE-1753,NODE-9881,SATCOM,123,1269,SUCCESS
2025-01-01 03:53:15,NODE-5777,NODE-2220,RF,1202,1473,DELAY
2025-01-01 03:53:18,NODE-9339,NODE-1926,FIBER,107,979,SUCCESS
2025-01-01 03:53:19,NODE-1298,NODE-2913,FIBER,228,551,SUCCESS
2025-01-01 03:53:21,NODE-3485,NODE-2055,SATCOM,75,641,SUCCESS
2025-01-01 03:53:25,NODE-5738,NODE-1469,FIBER,237,924,SUCCESS
2025-01-01 03:53:29,NODE-2679,NODE-5956,SATCOM,68,831,SUCCESS
2025-01-01 03:53:32,NODE-5437,NODE-6292,RF,179,778,SUCCESS
2025-01-01 03:53:33,NODE-7292,NODE-8650,RF,129,1439,SUCCESS
2025-01-01 03:53:36,NODE-3903,NODE-6243,SATCOM,194,400,SUCCESS
2025-01-01 03:53:39,NODE-3031,NODE-7210,RF,40,1056,SUCCESS
2025-01-01 03:53:43,NODE-9960,NODE-5026,RF,89,771,SUCCESS
2025-01-01 03:53:44,NODE-7166,NODE-9153,FIBER,185,1429,SUCCESS
2025-01-01 03:53:45,NODE-5193,NODE-9801,RF,198,926,SUCCESS
2025-01-01 03:53:49,NODE-3072,NODE-6450,SATCOM,192,557,SUCCESS
2025-01-01 03:53:51,NODE-2042,NODE-5932,SATCOM,120,928,SUCCESS
2025-01-01 03:53:53,NODE-1333,NODE-8483,RF,849,1482,DELAY
2025-01-01 03:53:54,NODE-6744,NODE-4104,RF,249,346,SUCCESS
2025-01-01 03:53:57,NODE-1655,NODE-7812,SATCOM,202,377,SUCCESS
2025-01-01 03:54:01,NODE-6998,NODE-7220,FIBER,171,844,SUCCESS
2025-01-01 03:54:02,NODE-7362,NODE-7565,SATCOM,210,1449,SUCCESS
2025-01-01 03:54:05,NODE-5235,NODE-4461,FIBER,66,645,SUCCESS
2025-01-01 03:54:06,NODE-4611,NODE-7137,SATCOM,60,1443,SUCCESS
2025-01-01 03:54:07,NODE-5125,NODE-3292,FIBER,175,621,SUCCESS
2025-01-01 03:54:11,NODE-8020,NODE-3373,SATCOM,51,483,SUCCESS
2025-01-01 03:54:12,NODE-9195,NODE-7400,SATCOM,136,1302,SUCCESS
2025-01-01 03:54:16,NODE-8008,NODE-8181,SATCOM,1560,237,DELAY
2025-01-01 03:54:17,NODE-8899,NODE-5486,SATCOM,1140,1004,DELAY
2025-01-01 03:54:20,NODE-5362,NODE-3723,SATCOM,1539,1477,DELAY
2025-01-01 03:54:21,NODE-1862,NODE-2756,RF,167,1210,SUCCESS
2025-01-01 03:54:23,NODE-5029,NODE-5381,FIBER,249,663,SUCCESS
2025-01-01 03:54:26,NODE-5868,NODE-1917,SATCOM,186,1148,SUCCESS
2025-01-01 03:54:29,NODE-5315,NODE-6879,RF,192,1478,SUCCESS
2025-01-01 03:54:30,NODE-8296,NODE-5240,FIBER,70,1013,SUCCESS
2025-01-01 03:54:32,NODE-6594,NODE-1631,RF,217,1470,SUCCESS
2025-01-01 03:54:35,NODE-3355,NODE-4450,RF,186,618,SUCCESS
2025-01-01 03:54:39,NODE-9926,NODE-8041,SATCOM,141,711,SUCCESS
2025-01-01 03:54:43,NODE-4333,NODE-3984,SATCOM,64,847,SUCCESS
2025-01-01 03:54:44,NODE-4521,NODE-8668,RF,236,226,SUCCESS
2025-01-01 03:54:45,NODE-6248,NODE-8563,FIBER,3062,6631,FAIL
2025-01-01 03:54:46,NODE-7800,NODE-6367,SATCOM,226,251,SUCCESS
2025-01-01 03:54:50,NODE-9934,NODE-6121,RF,116,1137,SUCCESS
2025-01-01 03:54:52,NODE-1211,NODE-2039,RF,51,619,SUCCESS
2025-01-01 03:54:54,NODE-2357,NODE-1238,RF,212,708,SUCCESS
2025-01-01 03:54:57,NODE-9860,NODE-5372,FIBER,107,235,SUCCESS
2025-01-01 03:55:01,NODE-7717,NODE-7247,SATCOM,151,262,SUCCESS
2025-01-01 03:55:03,NODE-5571,NODE-7985,RF,71,686,SUCCESS
2025-01-01 03:55:07,NODE-7691,NODE-9550,RF,249,1391,SUCCESS
2025-01-01 03:55:11,NODE-6544,NODE-6875,RF,76,1460,SUCCESS
2025-01-01 03:55:15,NODE-9471,NODE-6701,FIBER,166,1115,SUCCESS
2025-01-01 03:55:16,NODE-5208,NODE-9271,SATCOM,62,1378,SUCCESS
2025-01-01 03:55:19,NODE-3144,NODE-8661,RF,144,813,SUCCESS
2025-01-01 03:55:20,NODE-4631,NODE-4116,RF,142,423,SUCCESS
2025-01-01 03:55:22,NODE-6677,NODE-7118,FIBER,105,1237,SUCCESS
2025-01-01 03:55:24,NODE-8507,NODE-6142,SATCOM,215,628,SUCCESS
2025-01-01 03:55:26,NODE-6547,NODE-6448,SATCOM,62,1049,SUCCESS
2025-01-01 03:55:29,NODE-6921,NODE-4081,RF,1342,552,DELAY
2025-01-01 03:55:33,NODE-5906,NODE-3411,RF,210,1344,SUCCESS
2025-01-01 03:55:34,NODE-3424,NODE-7984,SATCOM,238,1206,SUCCESS
2025-01-01 03:55:37,NODE-9609,NODE-1880,RF,114,1392,SUCCESS
2025-01-01 03:55:41,NODE-7681,NODE-5631,RF,1461,1217,DELAY
2025-01-01 03:55:45,NODE-6269,NODE-7699,SATCOM,214,288,SUCCESS
2025-01-01 03:55:47,NODE-4153,NODE-1983,FIBER,179,902,SUCCESS
2025-01-01 03:55:49,NODE-8116,NODE-1605,SATCOM,141,1066,SUCCESS
2025-01-01 03:55:50,NODE-7347,NODE-6298,RF,207,1006,SUCCESS
2025-01-01 03:55:53,NODE-4840,NODE-7864,SATCOM,2284,4707,FAIL
2025-01-01 03:55:56,NODE-8609,NODE-4127,RF,49,260,SUCCESS
2025-01-01 03:56:00,NODE-1228,NODE-5684,SATCOM,80,1402,SUCCESS
2025-01-01 03:56:02,NODE-7992,NODE-1450,SATCOM,207,216,SUCCESS
2025-01-01 03:56:04,NODE-6970,NODE-7647,FIBER,1490,839,DELAY
2025-01-01 03:56:05,NODE-6758,NODE-4173,SATCOM,76,533,SUCCESS
2025-01-01 03:56:06,NODE-4129,NODE-7790,FIBER,127,735,SUCCESS
2025-01-01 03:56:08,NODE-7919,NODE-7866,SATCOM,229,366,SUCCESS
2025-01-01 03:56:09,NODE-3889,NODE-5378,RF,137,512,SUCCESS
2025-01-01 03:56:13,NODE-2923,NODE-5045,FIBER,122,272,SUCCESS
2025-01-01 03:56:16,NODE-6755,NODE-4427,FIBER,1540,764,DELAY
2025-01-01 03:56:17,NODE-6907,NODE-8144,FIBER,86,1439,SUCCESS
2025-01-01 03:56:21,NODE-8116,NODE-9710,RF,215,1372,SUCCESS
2025-01-01 03:56:23,NODE-2277,NODE-4752,FIBER,89,896,SUCCESS
2025-01-01 03:56:27,NODE-6647,NODE-8817,SATCOM,57,1437,SUCCESS
2025-01-01 03:56:30,NODE-5611,NODE-6158,RF,139,393,SUCCESS
2025-01-01 03:56:32,NODE-3063,NODE-3717,FIBER,101,801,SUCCESS
2025-01-01 03:56:34,NODE-2073,NODE-2035,FIBER,156,967,SUCCESS
2025-01-01 03:56:38,NODE-8365,NODE-1760,RF,192,230,SUCCESS
2025-01-01 03:56:40,NODE-4613,NODE-6240,SATCOM,159,1101,SUCCESS
2025-01-01 03:56:43,NODE-6078,NODE-6712,SATCOM,111,857,SUCCESS
2025-01-01 03:56:45,NODE-2613,NODE-4223,FIBER,247,259,SUCCESS
2025-01-01 03:56:47,NODE-4845,NODE-1033,FIBER,247,555,SUCCESS
2025-01-01 03:56:49,NODE-5050,NODE-6562,FIBER,175,650,SUCCESS
2025-01-01 03:56:50,NODE-1816,NODE-6014,RF,158,1408,SUCCESS
2025-01-01 03:56:52,NODE-3001,NODE-6410,SATCOM,56,271,SUCCESS
2025-01-01 03:56:55,NODE-7458,NODE-2148,RF,1299,969,DELAY
2025-01-01 03:56:59,NODE-4750,NODE-4215,RF,150,424,SUCCESS
2025-01-01 03:57:01,NODE-3394,NODE-6550,SATCOM,1494,1304,DELAY
2025-01-01 03:57:04,NODE-5370,NODE-1529,RF,115,1429,SUCCESS
2025-01-01 03:57:08,NODE-1665,NODE-1939,FIBER,49,487,SUCCESS
2025-01-01 03:57:12,NODE-2412,NODE-8370,SATCOM,219,696,SUCCESS
2025-01-01 03:57:14,NODE-6787,NODE-8155,FIBER,1453,648,DELAY
2025-01-01 03:57:16,NODE-7823,NODE-3721,SATCOM,237,1214,SUCCESS
2025-01-01 03:57:18,NODE-7298,NODE-1373,RF,61,1186,SUCCESS
2025-01-01 03:57:20,NODE-2026,NODE-6814,SATCOM,2692,4328,FAIL
2025-01-01 03:57:22,NODE-4202,NODE-2424,FIBER,51,881,SUCCESS
2025-01-01 03:57:24,NODE-7644,NODE-3883,SATCOM,191,638,SUCCESS
2025-01-01 03:57:27,NODE-5279,NODE-3678,RF,844,654,DELAY
2025-01-01 03:57:31,NODE-3461,NODE-3710,FIBER,101,982,SUCCESS
2025-01-01 03:57:35,NODE-3701,NODE-7021,RF,72,455,SUCCESS
2025-01-01 03:57:37,NODE-6143,NODE-2001,RF,216,1451,SUCCESS
2025-01-01 03:57:40,NODE-6616,NODE-3322,SATCOM,229,1350,SUCCESS
2025-01-01 03:57:42,NODE-8376,NODE-4309,RF,121,992,SUCCESS
2025-01-01 03:57:46,NODE-7551,NODE-8959,SATCOM,134,1153,SUCCESS
2025-01-01 03:57:48,NODE-3162,NODE-8928,SATCOM,173,1019,SUCCESS
2025-01-01 03:57:52,NODE-5174,NODE-8097,RF,91,681,SUCCESS
2025-01-01 03:57:54,NODE-3731,NODE-7654,RF,86,628,SUCCESS
2025-01-01 03:57:58,NODE-4752,NODE-6596,FIBER,210,685,SUCCESS
2025-01-01 03:58:00,NODE-6926,NODE-2273,RF,60,1424,SUCCESS
2025-01-01 03:58:04,NODE-8790,NODE-8913,FIBER,57,1232,SUCCESS
2025-01-01 03:58:07,NODE-2300,NODE-8494,FIBER,121,927,SUCCESS
2025-01-01 03:58:08,NODE-3810,NODE-5793,FIBER,210,1468,SUCCESS
2025-01-01 03:58:09,NODE-9480,NODE-2677,SATCOM,3096,4368,FAIL
2025-01-01 03:58:11,NODE-8602,NODE-4920,FIBER,77,1407,SUCCESS
2025-01-01 03:58:13,NODE-2156,NODE-8102,SATCOM,1230,234,DELAY
2025-01-01 03:58:16,NODE-1895,NODE-2311,RF,170,652,SUCCESS
2025-01-01 03:58:18,NODE-3379,NODE-4635,SATCOM,171,1073,SUCCESS
2025-01-01 03:58:21,NODE-9601,NODE-3898,SATCOM,113,814,SUCCESS
2025-01-01 03:58:25,NODE-9184,NODE-8460,RF,165,734,SUCCESS
2025-01-01 03:58:28,NODE-2847,NODE-9395,RF,65,208,SUCCESS
2025-01-01 03:58:30,NODE-7073,NODE-2608,RF,2581,3225,FAIL
2025-01-01 03:58:32,NODE-9417,NODE-4618,SATCOM,146,544,SUCCESS
2025-01-01 03:58:34,NODE-8110,NODE-2729,SATCOM,75,305,SUCCESS
2025-01-01 03:58:37,NODE-8570,NODE-3877,RF,140,1207,SUCCESS
2025-01-01 03:58:40,NODE-9612,NODE-4557,SATCOM,125,591,SUCCESS
2025-01-01 03:58:44,NODE-6332,NODE-1868,RF,101,270,SUCCESS
2025-01-01 03:58:46,NODE-7227,NODE-4179,FIBER,1045,233,DELAY
2025-01-01 03:58:47,NODE-6987,NODE-9291,SATCOM,173,1449,SUCCESS
2025-01-01 03:58:49,NODE-3768,NODE-3796,FIBER,53,984,SUCCESS
2025-01-01 03:58:52,NODE-6870,NODE-1324,SATCOM,160,810,SUCCESS
2025-01-01 03:58:53,NODE-6759,NODE-8740,SATCOM,196,502,SUCCESS
2025-01-01 03:58:56,NODE-7109,NODE-8312,SATCOM,185,1112,SUCCESS
2025-01-01 03:58:57,NODE-9201,NODE-1591,FIBER,133,540,SUCCESS
2025-01-01 03:58:59,NODE-8330,NODE-7728,FIBER,154,534,SUCCESS
2025-01-01 03:59:02,NODE-1426,NODE-7504,SATCOM,193,728,SUCCESS
2025-01-01 03:59:05,NODE-6956,NODE-6487,RF,164,232,SUCCESS
2025-01-01 03:59:06,NODE-7190,NODE-8011,RF,211,1121,SUCCESS
2025-01-01 03:59:10,NODE-9012,NODE-5089,RF,96,1360,SUCCESS
2025-01-01 03:59:12,NODE-3457,NODE-9819,FIBER,196,419,SUCCESS
2025-01-01 03:59:14,NODE-8483,NODE-5790,SATCOM,114,305,SUCCESS
2025-01-01 03:59:16,NODE-1789,NODE-3699,FIBER,194,741,SUCCESS
2025-01-01 03:59:19,NODE-8766,NODE-2968,RF,87,775,SUCCESS
2025-01-01 03:59:21,NODE-4949,NODE-9723,SATCOM,1434,261,DELAY
2025-01-01 03:59:25,NODE-9548,NODE-9266,SATCOM,221,332,SUCCESS
2025-01-01 03:59:29,NODE-3256,NODE-3239,RF,102,682,SUCCESS
2025-01-01 03:59:33,NODE-4760,NODE-3804,FIBER,163,933,SUCCESS
2025-01-01 03:59:34,NODE-1662,NODE-8678,RF,230,687,SUCCESS
2025-01-01 03:59:36,NODE-2316,NODE-7485,FIBER,1456,388,DELAY
2025-01-01 03:59:39,NODE-7024,NODE-7795,SATCOM,243,1469,SUCCESS
2025-01-01 03:59:43,NODE-1016,NODE-8629,FIBER,1897,4227,FAIL
2025-01-01 03:59:44,NODE-7007,NODE-4633,RF,204,1168,SUCCESS
2025-01-01 03:59:46,NODE-5812,NODE-8909,FIBER,1209,460,DELAY
2025-01-01 03:59:47,NODE-8628,NODE-7376,FIBER,95,1209,SUCCESS
2025-01-01 03:59:48,NODE-6240,NODE-9384,FIBER,47,525,SUCCESS
2025-01-01 03:59:50,NODE-3676,NODE-9511,SATCOM,235,1336,SUCCESS
2025-01-01 03:59:51,NODE-2206,NODE-4628,FIBER,246,1283,SUCCESS
2025-01-01 03:59:54,NODE-1468,NODE-3949,RF,115,661,SUCCESS
2025-01-01 03:59:56,NODE-2861,NODE-3026,FIBER,77,1173,SUCCESS
2025-01-01 03:59:59,NODE-6506,NODE-4776,SATCOM,207,873,SUCCESS
2025-01-01 04:00:01,NODE-5400,NODE-2164,RF,1457,1007,DELAY
2025-01-01 04:00:03,NODE-6385,NODE-3604,FIBER,899,759,DELAY
2025-01-01 04:00:07,NODE-5435,NODE-4700,SATCOM,57,220,SUCCESS
2025-01-01 04:00:09,NODE-9930,NODE-1401,RF,105,219,SUCCESS
2025-01-01 04:00:12,NODE-5176,NODE-2412,SATCOM,226,950,SUCCESS
2025-01-01 04:00:13,NODE-1972,NODE-9226,SATCOM,2212,6759,FAIL
2025-01-01 04:00:17,NODE-1557,NODE-3500,FIBER,1477,1451,DELAY
2025-01-01 04:00:20,NODE-9545,NODE-1506,RF,92,948,SUCCESS
2025-01-01 04:00:21,NODE-4457,NODE-7288,SATCOM,208,809,SUCCESS
2025-01-01 04:00:23,NODE-8373,NODE-5732,SATCOM,2917,6904,FAIL
2025-01-01 04:00:27,NODE-6418,NODE-9987,FIBER,191,516,SUCCESS
2025-01-01 04:00:31,NODE-7705,NODE-1448,SATCOM,209,870,SUCCESS
2025-01-01 04:00:32,NODE-8994,NODE-7664,RF,151,1246,SUCCESS
2025-01-01 04:00:35,NODE-9564,NODE-1973,SATCOM,2690,4465,FAIL
2025-01-01 04:00:39,NODE-4105,NODE-8487,SATCOM,105,747,SUCCESS
2025-01-01 04:00:43,NODE-2725,NODE-9254,FIBER,147,1470,SUCCESS
2025-01-01 04:00:44,NODE-4463,NODE-3427,RF,124,1173,SUCCESS
2025-01-01 04:00:47,NODE-6076,NODE-3246,SATCOM,1163,773,DELAY
2025-01-01 04:00:49,NODE-9997,NODE-3658,RF,67,478,SUCCESS
2025-01-01 04:00:51,NODE-8713,NODE-5065,RF,2921,5930,FAIL
2025-01-01 04:00:54,NODE-4168,NODE-3080,RF,79,266,SUCCESS
2025-01-01 04:00:55,NODE-2402,NODE-8342,SATCOM,174,998,SUCCESS
2025-01-01 04:00:56,NODE-3952,NODE-1330,FIBER,120,407,SUCCESS
2025-01-01 04:00:58,NODE-7763,NODE-7211,RF,205,1154,SUCCESS
2025-01-01 04:01:02,NODE-2647,NODE-3990,RF,233,552,SUCCESS
2025-01-01 04:01:03,NODE-5206,NODE-7307,RF,135,1427,SUCCESS
2025-01-01 04:01:07,NODE-4091,NODE-6955,FIBER,231,641,SUCCESS
2025-01-01 04:01:11,NODE-3344,NODE-5053,RF,62,586,SUCCESS
2025-01-01 04:01:12,NODE-6845,NODE-8731,FIBER,1111,1219,DELAY
2025-01-01 04:01:13,NODE-6824,NODE-5087,SATCOM,138,375,SUCCESS
2025-01-01 04:01:14,NODE-7476,NODE-5896,SATCOM,244,930,SUCCESS
2025-01-01 04:01:16,NODE-2211,NODE-5068,RF,240,468,SUCCESS
2025-01-01 04:01:17,NODE-4463,NODE-2435,FIBER,94,1367,SUCCESS
2025-01-01 04:01:18,NODE-8750,NODE-7248,FIBER,170,414,SUCCESS
2025-01-01 04:01:19,NODE-5317,NODE-5539,RF,76,933,SUCCESS
2025-01-01 04:01:22,NODE-5049,NODE-8746,SATCOM,207,619,SUCCESS
2025-01-01 04:01:25,NODE-7628,NODE-4960,RF,72,718,SUCCESS
2025-01-01 04:01:26,NODE-4622,NODE-2987,FIBER,200,1396,SUCCESS
2025-01-01 04:01:27,NODE-4648,NODE-5133,RF,949,280,DELAY
2025-01-01 04:01:28,NODE-9073,NODE-8502,FIBER,223,1153,SUCCESS
2025-01-01 04:01:30,NODE-5427,NODE-2045,FIBER,92,453,SUCCESS
2025-01-01 04:01:33,NODE-3370,NODE-7125,FIBER,863,857,DELAY
2025-01-01 04:01:34,NODE-8021,NODE-7918,SATCOM,171,992,SUCCESS
2025-01-01 04:01:38,NODE-8740,NODE-7679,RF,78,1204,SUCCESS
2025-01-01 04:01:39,NODE-8952,NODE-1183,FIBER,66,933,SUCCESS
2025-01-01 04:01:42,NODE-2519,NODE-9350,FIBER,79,643,SUCCESS
2025-01-01 04:01:43,NODE-6716,NODE-4844,RF,149,1403,SUCCESS
2025-01-01 04:01:47,NODE-5254,NODE-6620,RF,41,222,SUCCESS
2025-01-01 04:01:50,NODE-6142,NODE-1426,RF,68,834,SUCCESS
2025-01-01 04:01:52,NODE-8371,NODE-8536,FIBER,213,505,SUCCESS
2025-01-01 04:01:56,NODE-3870,NODE-6019,RF,212,324,SUCCESS
2025-01-01 04:01:58,NODE-8425,NODE-6390,RF,135,1461,SUCCESS
2025-01-01 04:02:01,NODE-9307,NODE-7190,SATCOM,100,970,SUCCESS
2025-01-01 04:02:02,NODE-7295,NODE-2099,RF,182,737,SUCCESS
2025-01-01 04:02:05,NODE-6404,NODE-7151,RF,3084,6575,FAIL
2025-01-01 04:02:09,NODE-8575,NODE-6630,SATCOM,2317,4021,FAIL
2025-01-01 04:02:10,NODE-6878,NODE-9711,RF,190,1158,SUCCESS
2025-01-01 04:02:11,NODE-3492,NODE-6404,FIBER,42,1121,SUCCESS
2025-01-01 04:02:13,NODE-2650,NODE-8590,FIBER,58,1207,SUCCESS
2025-01-01 04:02:17,NODE-4252,NODE-3509,FIBER,53,1202,SUCCESS
2025-01-01 04:02:19,NODE-1766,NODE-4166,RF,870,1095,DELAY
2025-01-01 04:02:21,NODE-8841,NODE-9404,RF,225,696,SUCCESS
2025-01-01 04:02:24,NODE-4478,NODE-8879,RF,2466,3032,FAIL
2025-01-01 04:02:25,NODE-5430,NODE-4546,RF,134,1048,SUCCESS
2025-01-01 04:02:26,NODE-3458,NODE-5888,FIBER,84,795,SUCCESS
2025-01-01 04:02:27,NODE-4002,NODE-2075,RF,208,1295,SUCCESS
2025-01-01 04:02:28,NODE-3478,NODE-7890,RF,145,1144,SUCCESS
2025-01-01 04:02:29,NODE-1248,NODE-3514,FIBER,205,277,SUCCESS
2025-01-01 04:02:31,NODE-5627,NODE-5438,FIBER,107,489,SUCCESS
2025-01-01 04:02:33,NODE-2861,NODE-4042,SATCOM,87,851,SUCCESS
2025-01-01 04:02:36,NODE-2341,NODE-9997,SATCOM,1994,5738,FAIL
2025-01-01 04:02:38,NODE-8066,NODE-8252,FIBER,1354,635,DELAY
2025-01-01 04:02:41,NODE-2538,NODE-3623,FIBER,50,1293,SUCCESS
2025-01-01 04:02:42,NODE-3011,NODE-1775,FIBER,40,1363,SUCCESS
2025-01-01 04:02:46,NODE-6462,NODE-4473,FIBER,228,765,SUCCESS
2025-01-01 04:02:50,NODE-7424,NODE-7552,FIBER,219,1202,SUCCESS
2025-01-01 04:02:53,NODE-9995,NODE-9015,SATCOM,79,619,SUCCESS
2025-01-01 04:02:57,NODE-2139,NODE-8211,FIBER,71,1018,SUCCESS
2025-01-01 04:03:01,NODE-3755,NODE-5755,SATCOM,137,832,SUCCESS
2025-01-01 04:03:03,NODE-9127,NODE-1418,RF,41,1021,SUCCESS
2025-01-01 04:03:04,NODE-7277,NODE-6749,FIBER,52,984,SUCCESS
2025-01-01 04:03:05,NODE-1772,NODE-7865,SATCOM,150,343,SUCCESS
2025-01-01 04:03:06,NODE-3163,NODE-9411,SATCOM,859,458,DELAY
2025-01-01 04:03:10,NODE-8505,NODE-7359,FIBER,190,766,SUCCESS
2025-01-01 04:03:13,NODE-8392,NODE-7319,FIBER,84,1292,SUCCESS
2025-01-01 04:03:16,NODE-4520,NODE-7167,FIBER,185,1313,SUCCESS
2025-01-01 04:03:17,NODE-7507,NODE-5959,SATCOM,2012,5919,FAIL
2025-01-01 04:03:20,NODE-8944,NODE-4733,RF,148,602,SUCCESS
2025-01-01 04:03:23,NODE-3373,NODE-9919,FIBER,146,1124,SUCCESS
2025-01-01 04:03:26,NODE-8793,NODE-1858,RF,91,318,SUCCESS
2025-01-01 04:03:27,NODE-9104,NODE-5728,SATCOM,202,1370,SUCCESS
2025-01-01 04:03:29,NODE-2725,NODE-5973,RF,52,549,SUCCESS
2025-01-01 04:03:33,NODE-2282,NODE-9118,RF,247,1453,SUCCESS
2025-01-01 04:03:36,NODE-4932,NODE-8312,FIBER,107,1172,SUCCESS
2025-01-01 04:03:38,NODE-1177,NODE-9627,FIBER,134,1403,SUCCESS
2025-01-01 04:03:39,NODE-8406,NODE-6891,SATCOM,84,580,SUCCESS
2025-01-01 04:03:42,NODE-6316,NODE-4249,FIBER,205,1487,SUCCESS
2025-01-01 04:03:43,NODE-7068,NODE-3764,SATCOM,156,1344,SUCCESS
2025-01-01 04:03:46,NODE-3893,NODE-4332,RF,77,1295,SUCCESS
2025-01-01 04:03:50,NODE-9884,NODE-4715,FIBER,181,532,SUCCESS
2025-01-01 04:03:51,NODE-6782,NODE-5752,SATCOM,1505,923,DELAY
2025-01-01 04:03:54,NODE-4061,NODE-4406,SATCOM,40,597,SUCCESS
2025-01-01 04:03:57,NODE-4277,NODE-7064,SATCOM,77,608,SUCCESS
2025-01-01 04:03:59,NODE-3429,NODE-8456,FIBER,240,1348,SUCCESS
2025-01-01 04:04:03,NODE-3003,NODE-8861,RF,97,1301,SUCCESS
2025-01-01 04:04:04,NODE-5689,NODE-1782,RF,114,733,SUCCESS
2025-01-01 04:04:06,NODE-4601,NODE-5152,SATCOM,188,1388,SUCCESS
2025-01-01 04:04:09,NODE-6739,NODE-4814,FIBER,206,536,SUCCESS
2025-01-01 04:04:10,NODE-3044,NODE-8473,FIBER,2013,6902,FAIL
2025-01-01 04:04:13,NODE-4862,NODE-8513,RF,43,324,SUCCESS
2025-01-01 04:04:17,NODE-5996,NODE-1239,RF,104,978,SUCCESS
2025-01-01 04:04:20,NODE-2057,NODE-8483,RF,233,544,SUCCESS
2025-01-01 04:04:21,NODE-8595,NODE-3259,RF,127,466,SUCCESS
2025-01-01 04:04:22,NODE-5400,NODE-1927,FIBER,148,521,SUCCESS
2025-01-01 04:04:24,NODE-6229,NODE-3805,SATCOM,221,536,SUCCESS
2025-01-01 04:04:28,NODE-5947,NODE-9951,RF,152,388,SUCCESS
2025-01-01 04:04:29,NODE-7982,NODE-3425,RF,194,480,SUCCESS
2025-01-01 04:04:31,NODE-7282,NODE-9466,SATCOM,2716,3330,FAIL
2025-01-01 04:04:34,NODE-1372,NODE-4437,FIBER,1049,572,DELAY
2025-01-01 04:04:36,NODE-1792,NODE-2393,FIBER,228,1492,SUCCESS
2025-01-01 04:04:38,NODE-2242,NODE-2246,FIBER,232,575,SUCCESS
2025-01-01 04:04:39,NODE-9281,NODE-5163,SATCOM,208,704,SUCCESS
2025-01-01 04:04:42,NODE-1608,NODE-5042,SATCOM,42,730,SUCCESS
2025-01-01 04:04:45,NODE-9012,NODE-3724,SATCOM,89,893,SUCCESS
2025-01-01 04:04:49,NODE-3990,NODE-5574,RF,1521,1240,DELAY
2025-01-01 04:04:51,NODE-8550,NODE-9540,RF,183,975,SUCCESS
2025-01-01 04:04:52,NODE-9425,NODE-6113,RF,979,984,DELAY
2025-01-01 04:04:55,NODE-3879,NODE-3293,RF,1046,316,DELAY
2025-01-01 04:04:57,NODE-7546,NODE-1173,RF,2610,5328,FAIL
2025-01-01 04:04:58,NODE-6520,NODE-4024,RF,182,968,SUCCESS
2025-01-01 04:05:02,NODE-4355,NODE-4172,FIBER,107,1377,SUCCESS
2025-01-01 04:05:05,NODE-2601,NODE-3542,SATCOM,1365,494,DELAY
2025-01-01 04:05:07,NODE-6925,NODE-3250,SATCOM,180,788,SUCCESS
2025-01-01 04:05:11,NODE-4078,NODE-6421,RF,168,345,SUCCESS
2025-01-01 04:05:13,NODE-1009,NODE-1513,FIBER,201,854,SUCCESS
2025-01-01 04:05:17,NODE-9201,NODE-3070,FIBER,997,956,DELAY
2025-01-01 04:05:19,NODE-1262,NODE-4050,FIBER,1591,1187,DELAY
2025-01-01 04:05:20,NODE-7074,NODE-8480,FIBER,168,1012,SUCCESS
2025-01-01 04:05:22,NODE-3650,NODE-9710,RF,988,1131,DELAY
2025-01-01 04:05:24,NODE-9551,NODE-6699,RF,177,610,SUCCESS
2025-01-01 04:05:25,NODE-5506,NODE-9602,RF,199,1483,SUCCESS
2025-01-01 04:05:29,NODE-1390,NODE-3990,SATCOM,94,1088,SUCCESS
2025-01-01 04:05:30,NODE-2077,NODE-5403,RF,245,913,SUCCESS
2025-01-01 04:05:34,NODE-2839,NODE-6263,FIBER,1216,911,DELAY
2025-01-01 04:05:38,NODE-3456,NODE-4692,FIBER,166,688,SUCCESS
2025-01-01 04:05:39,NODE-2211,NODE-5684,FIBER,114,1329,SUCCESS
2025-01-01 04:05:41,NODE-8452,NODE-8047,FIBER,207,1485,SUCCESS
2025-01-01 04:05:44,NODE-4815,NODE-3486,FIBER,129,1477,SUCCESS
2025-01-01 04:05:46,NODE-2046,NODE-3863,RF,249,984,SUCCESS
2025-01-01 04:05:49,NODE-8795,NODE-3113,FIBER,130,1118,SUCCESS
2025-01-01 04:05:50,NODE-7887,NODE-6084,RF,184,261,SUCCESS
2025-01-01 04:05:52,NODE-9405,NODE-1914,RF,116,202,SUCCESS
2025-01-01 04:05:54,NODE-4382,NODE-2844,RF,57,221,SUCCESS
2025-01-01 04:05:55,NODE-2012,NODE-8009,SATCOM,199,749,SUCCESS
2025-01-01 04:05:57,NODE-4059,NODE-4876,SATCOM,201,272,SUCCESS
2025-01-01 04:05:59,NODE-4683,NODE-8444,RF,110,1267,SUCCESS
2025-01-01 04:06:03,NODE-2615,NODE-2574,SATCOM,115,1341,SUCCESS
2025-01-01 04:06:06,NODE-5394,NODE-2129,RF,200,674,SUCCESS
2025-01-01 04:06:10,NODE-4261,NODE-2812,FIBER,204,1091,SUCCESS
2025-01-01 04:06:11,NODE-7441,NODE-9077,FIBER,140,1407,SUCCESS
2025-01-01 04:06:12,NODE-9309,NODE-7175,SATCOM,1537,1299,DELAY
2025-01-01 04:06:16,NODE-1125,NODE-5741,FIBER,45,694,SUCCESS
2025-01-01 04:06:19,NODE-1361,NODE-3285,SATCOM,177,333,SUCCESS
2025-01-01 04:06:20,NODE-6567,NODE-3001,FIBER,200,1282,SUCCESS
2025-01-01 04:06:22,NODE-9205,NODE-3902,FIBER,197,1040,SUCCESS
2025-01-01 04:06:24,NODE-6432,NODE-9662,FIBER,203,1445,SUCCESS
2025-01-01 04:06:27,NODE-4140,NODE-5893,SATCOM,1450,599,DELAY
2025-01-01 04:06:29,NODE-1566,NODE-8408,SATCOM,248,742,SUCCESS
2025-01-01 04:06:32,NODE-2199,NODE-3352,RF,156,1469,SUCCESS
2025-01-01 04:06:35,NODE-3998,NODE-9846,RF,92,1132,SUCCESS
2025-01-01 04:06:38,NODE-9456,NODE-8529,RF,214,811,SUCCESS
2025-01-01 04:06:42,NODE-2311,NODE-6947,RF,172,883,SUCCESS
2025-01-01 04:06:45,NODE-5753,NODE-5076,RF,65,950,SUCCESS
2025-01-01 04:06:49,NODE-8443,NODE-1550,RF,140,1329,SUCCESS
2025-01-01 04:06:51,NODE-4030,NODE-2815,RF,120,971,SUCCESS
2025-01-01 04:06:55,NODE-1725,NODE-6071,RF,92,1123,SUCCESS
2025-01-01 04:06:59,NODE-7948,NODE-9106,FIBER,3153,6785,FAIL
2025-01-01 04:07:03,NODE-1364,NODE-9183,RF,170,481,SUCCESS
2025-01-01 04:07:04,NODE-6351,NODE-1916,RF,209,649,SUCCESS
2025-01-01 04:07:06,NODE-9407,NODE-2121,RF,186,1500,SUCCESS
2025-01-01 04:07:08,NODE-3773,NODE-2261,FIBER,85,387,SUCCESS
2025-01-01 04:07:12,NODE-8540,NODE-3093,FIBER,86,649,SUCCESS
2025-01-01 04:07:14,NODE-8054,NODE-4974,FIBER,229,913,SUCCESS
2025-01-01 04:07:15,NODE-9616,NODE-5494,RF,77,971,SUCCESS
2025-01-01 04:07:16,NODE-3354,NODE-5464,SATCOM,159,296,SUCCESS
2025-01-01 04:07:20,NODE-1857,NODE-9994,RF,158,666,SUCCESS
2025-01-01 04:07:21,NODE-4900,NODE-4354,SATCOM,92,1130,SUCCESS
2025-01-01 04:07:23,NODE-6669,NODE-5392,FIBER,149,1140,SUCCESS
2025-01-01 04:07:24,NODE-9273,NODE-9420,RF,2591,6635,FAIL
2025-01-01 04:07:26,NODE-5924,NODE-5768,RF,51,963,SUCCESS
2025-01-01 04:07:29,NODE-4583,NODE-3633,SATCOM,52,738,SUCCESS
2025-01-01 04:07:32,NODE-9419,NODE-1289,RF,58,297,SUCCESS
2025-01-01 04:07:35,NODE-9275,NODE-5936,FIBER,227,903,SUCCESS
2025-01-01 04:07:38,NODE-3418,NODE-5132,FIBER,64,912,SUCCESS
2025-01-01 04:07:41,NODE-3459,NODE-1176,SATCOM,225,1419,SUCCESS
2025-01-01 04:07:42,NODE-6467,NODE-6017,SATCOM,197,296,SUCCESS
2025-01-01 04:07:44,NODE-6723,NODE-5182,SATCOM,160,486,SUCCESS
2025-01-01 04:07:47,NODE-8823,NODE-2479,FIBER,199,1130,SUCCESS
2025-01-01 04:07:51,NODE-3116,NODE-8877,SATCOM,1437,1303,DELAY
2025-01-01 04:07:54,NODE-1754,NODE-2885,RF,199,490,SUCCESS
2025-01-01 04:07:55,NODE-4534,NODE-6835,SATCOM,2235,3299,FAIL
2025-01-01 04:07:58,NODE-1861,NODE-6440,FIBER,155,828,SUCCESS
2025-01-01 04:08:00,NODE-9171,NODE-9682,FIBER,140,287,SUCCESS
2025-01-01 04:08:04,NODE-4812,NODE-1651,RF,86,1203,SUCCESS
2025-01-01 04:08:06,NODE-1747,NODE-2056,FIBER,163,1047,SUCCESS
2025-01-01 04:08:09,NODE-3394,NODE-8487,RF,125,1012,SUCCESS
2025-01-01 04:08:10,NODE-7967,NODE-4637,SATCOM,909,332,DELAY
2025-01-01 04:08:14,NODE-1708,NODE-6001,RF,225,539,SUCCESS
2025-01-01 04:08:15,NODE-3592,NODE-3336,FIBER,176,545,SUCCESS
2025-01-01 04:08:18,NODE-2341,NODE-9888,SATCOM,112,250,SUCCESS
2025-01-01 04:08:22,NODE-6715,NODE-6371,SATCOM,210,509,SUCCESS
2025-01-01 04:08:25,NODE-5108,NODE-2625,RF,220,317,SUCCESS
2025-01-01 04:08:26,NODE-8999,NODE-4595,FIBER,148,440,SUCCESS
2025-01-01 04:08:27,NODE-4137,NODE-3447,FIBER,1284,1010,DELAY
2025-01-01 04:08:28,NODE-1544,NODE-3981,FIBER,56,1373,SUCCESS
2025-01-01 04:08:32,NODE-9310,NODE-6288,FIBER,129,1205,SUCCESS
2025-01-01 04:08:34,NODE-2350,NODE-1466,FIBER,195,561,SUCCESS
2025-01-01 04:08:38,NODE-6665,NODE-8248,FIBER,240,717,SUCCESS
2025-01-01 04:08:41,NODE-3189,NODE-8437,RF,63,335,SUCCESS
2025-01-01 04:08:44,NODE-1319,NODE-8871,RF,225,291,SUCCESS
2025-01-01 04:08:45,NODE-1882,NODE-2865,SATCOM,57,1169,SUCCESS
2025-01-01 04:08:49,NODE-6468,NODE-6465,RF,174,595,SUCCESS
2025-01-01 04:08:53,NODE-7795,NODE-4981,FIBER,941,771,DELAY
2025-01-01 04:08:54,NODE-1327,NODE-2638,RF,1215,1427,DELAY
2025-01-01 04:08:56,NODE-2222,NODE-5740,SATCOM,195,1261,SUCCESS
2025-01-01 04:09:00,NODE-4960,NODE-7938,RF,210,1052,SUCCESS
2025-01-01 04:09:04,NODE-9049,NODE-6092,SATCOM,192,843,SUCCESS
2025-01-01 04:09:05,NODE-2283,NODE-4237,RF,101,1356,SUCCESS
2025-01-01 04:09:09,NODE-8409,NODE-1622,FIBER,52,1209,SUCCESS
2025-01-01 04:09:11,NODE-3327,NODE-8516,SATCOM,225,379,SUCCESS
2025-01-01 04:09:15,NODE-1881,NODE-1463,SATCOM,67,1243,SUCCESS
2025-01-01 04:09:18,NODE-8317,NODE-5438,FIBER,124,1477,SUCCESS
2025-01-01 04:09:19,NODE-8149,NODE-8791,RF,153,1480,SUCCESS
2025-01-01 04:09:20,NODE-3697,NODE-2270,RF,163,222,SUCCESS
2025-01-01 04:09:24,NODE-9640,NODE-1564,FIBER,106,1104,SUCCESS
2025-01-01 04:09:26,NODE-8393,NODE-3905,SATCOM,90,369,SUCCESS
2025-01-01 04:09:29,NODE-4507,NODE-2127,SATCOM,131,437,SUCCESS
2025-01-01 04:09:33,NODE-6730,NODE-5654,SATCOM,86,670,SUCCESS
2025-01-01 04:09:37,NODE-5240,NODE-4658,SATCOM,154,329,SUCCESS
2025-01-01 04:09:38,NODE-4354,NODE-6072,RF,205,1321,SUCCESS
2025-01-01 04:09:42,NODE-5521,NODE-5083,RF,77,489,SUCCESS
2025-01-01 04:09:46,NODE-6890,NODE-4151,RF,54,619,SUCCESS
2025-01-01 04:09:47,NODE-5219,NODE-8939,FIBER,68,1218,SUCCESS
2025-01-01 04:09:50,NODE-9345,NODE-9664,SATCOM,113,1466,SUCCESS
2025-01-01 04:09:52,NODE-8238,NODE-4181,FIBER,1067,956,DELAY
2025-01-01 04:09:54,NODE-3237,NODE-8747,FIBER,131,524,SUCCESS
2025-01-01 04:09:57,NODE-1673,NODE-6181,FIBER,1288,604,DELAY
2025-01-01 04:09:58,NODE-1736,NODE-1186,FIBER,163,1138,SUCCESS
2025-01-01 04:09:59,NODE-2332,NODE-8396,FIBER,168,410,SUCCESS
2025-01-01 04:10:02,NODE-6805,NODE-6972,SATCOM,172,745,SUCCESS
2025-01-01 04:10:04,NODE-8393,NODE-2503,FIBER,70,272,SUCCESS
2025-01-01 04:10:07,NODE-1449,NODE-6214,FIBER,88,215,SUCCESS
2025-01-01 04:10:08,NODE-7463,NODE-7259,RF,187,1385,SUCCESS
2025-01-01 04:10:10,NODE-5117,NODE-8176,RF,104,332,SUCCESS
2025-01-01 04:10:13,NODE-9217,NODE-3442,SATCOM,1437,1322,DELAY
2025-01-01 04:10:17,NODE-3317,NODE-6050,FIBER,83,828,SUCCESS
2025-01-01 04:10:21,NODE-6555,NODE-3817,FIBER,66,248,SUCCESS
2025-01-01 04:10:24,NODE-2890,NODE-7347,RF,238,1011,SUCCESS
2025-01-01 04:10:26,NODE-4336,NODE-9141,FIBER,234,539,SUCCESS
2025-01-01 04:10:30,NODE-4786,NODE-9843,FIBER,72,358,SUCCESS
2025-01-01 04:10:34,NODE-6739,NODE-3108,FIBER,1018,606,DELAY
2025-01-01 04:10:35,NODE-9175,NODE-2937,FIBER,166,834,SUCCESS
2025-01-01 04:10:39,NODE-8040,NODE-6099,RF,1040,340,DELAY
2025-01-01 04:10:43,NODE-7722,NODE-6670,SATCOM,2349,6705,FAIL
2025-01-01 04:10:45,NODE-3752,NODE-6395,SATCOM,197,316,SUCCESS
2025-01-01 04:10:48,NODE-9200,NODE-3781,SATCOM,189,359,SUCCESS
2025-01-01 04:10:51,NODE-8311,NODE-9426,RF,136,1490,SUCCESS
2025-01-01 04:10:55,NODE-8859,NODE-9540,SATCOM,139,726,SUCCESS
2025-01-01 04:10:59,NODE-4030,NODE-6090,RF,164,1365,SUCCESS
2025-01-01 04:11:00,NODE-2329,NODE-2728,SATCOM,143,256,SUCCESS
2025-01-01 04:11:03,NODE-4089,NODE-9235,FIBER,1152,944,DELAY
2025-01-01 04:11:04,NODE-4620,NODE-3754,FIBER,149,608,SUCCESS
2025-01-01 04:11:05,NODE-6908,NODE-4547,SATCOM,62,427,SUCCESS
2025-01-01 04:11:06,NODE-1713,NODE-8495,SATCOM,63,565,SUCCESS
2025-01-01 04:11:07,NODE-4846,NODE-1012,SATCOM,127,509,SUCCESS
2025-01-01 04:11:11,NODE-7717,NODE-9450,RF,208,227,SUCCESS
2025-01-01 04:11:15,NODE-4363,NODE-5305,FIBER,1372,1359,DELAY
2025-01-01 04:11:19,NODE-3595,NODE-4903,SATCOM,154,1124,SUCCESS
2025-01-01 04:11:22,NODE-1785,NODE-9237,FIBER,89,280,SUCCESS
2025-01-01 04:11:26,NODE-2429,NODE-1468,SATCOM,81,518,SUCCESS
2025-01-01 04:11:30,NODE-9184,NODE-2817,RF,64,789,SUCCESS
2025-01-01 04:11:33,NODE-2503,NODE-6262,SATCOM,92,1475,SUCCESS
2025-01-01 04:11:37,NODE-3598,NODE-6359,RF,49,604,SUCCESS
2025-01-01 04:11:39,NODE-1171,NODE-1532,FIBER,2077,3710,FAIL
2025-01-01 04:11:40,NODE-1743,NODE-1305,RF,88,1198,SUCCESS
2025-01-01 04:11:44,NODE-6800,NODE-5360,FIBER,151,283,SUCCESS
2025-01-01 04:11:46,NODE-3044,NODE-6562,SATCOM,158,208,SUCCESS
2025-01-01 04:11:50,NODE-9807,NODE-1860,RF,205,1228,SUCCESS
2025-01-01 04:11:52,NODE-2178,NODE-8372,FIBER,98,1436,SUCCESS
2025-01-01 04:11:53,NODE-7119,NODE-6235,SATCOM,172,1010,SUCCESS
2025-01-01 04:11:56,NODE-7086,NODE-2254,FIBER,231,1100,SUCCESS
2025-01-01 04:11:57,NODE-7464,NODE-8827,RF,896,1041,DELAY
2025-01-01 04:11:59,NODE-8865,NODE-1797,RF,1471,912,DELAY
2025-01-01 04:12:02,NODE-7673,NODE-1342,RF,88,1376,SUCCESS
2025-01-01 04:12:04,NODE-5232,NODE-5531,FIBER,192,1338,SUCCESS
2025-01-01 04:12:08,NODE-4118,NODE-6956,SATCOM,1249,384,DELAY
2025-01-01 04:12:12,NODE-1941,NODE-9355,RF,214,827,SUCCESS
2025-01-01 04:12:16,NODE-6917,NODE-1071,SATCOM,210,638,SUCCESS
2025-01-01 04:12:19,NODE-4102,NODE-1178,RF,942,1050,DELAY
2025-01-01 04:12:21,NODE-5582,NODE-9865,FIBER,232,484,SUCCESS
2025-01-01 04:12:22,NODE-4180,NODE-1773,RF,168,880,SUCCESS
2025-01-01 04:12:24,NODE-3275,NODE-4201,FIBER,122,1275,SUCCESS
2025-01-01 04:12:28,NODE-9156,NODE-9026,RF,168,517,SUCCESS
2025-01-01 04:12:30,NODE-2859,NODE-6500,FIBER,145,1349,SUCCESS
2025-01-01 04:12:32,NODE-1612,NODE-8395,FIBER,158,592,SUCCESS
2025-01-01 04:12:36,NODE-3455,NODE-7172,FIBER,103,554,SUCCESS
2025-01-01 04:12:38,NODE-9073,NODE-4876,SATCOM,1550,233,DELAY
2025-01-01 04:12:41,NODE-3494,NODE-3372,RF,165,841,SUCCESS
2025-01-01 04:12:43,NODE-1036,NODE-7594,FIBER,233,1019,SUCCESS
2025-01-01 04:12:47,NODE-4620,NODE-9723,FIBER,105,393,SUCCESS
2025-01-01 04:12:49,NODE-7772,NODE-7933,RF,115,1305,SUCCESS
2025-01-01 04:12:51,NODE-6020,NODE-9390,FIBER,81,1384,SUCCESS
2025-01-01 04:12:52,NODE-8152,NODE-2300,RF,234,1363,SUCCESS
2025-01-01 04:12:53,NODE-3112,NODE-3146,SATCOM,115,752,SUCCESS
2025-01-01 04:12:54,NODE-7423,NODE-5476,SATCOM,810,1355,DELAY
2025-01-01 04:12:58,NODE-1287,NODE-5467,SATCOM,201,1103,SUCCESS
2025-01-01 04:13:02,NODE-3230,NODE-4270,SATCOM,159,1056,SUCCESS
2025-01-01 04:13:04,NODE-2762,NODE-7378,SATCOM,176,256,SUCCESS
2025-01-01 04:13:06,NODE-5289,NODE-9788,FIBER,204,204,SUCCESS
2025-01-01 04:13:08,NODE-4491,NODE-5366,FIBER,112,1272,SUCCESS
2025-01-01 04:13:09,NODE-4304,NODE-3722,SATCOM,100,569,SUCCESS
2025-01-01 04:13:11,NODE-3121,NODE-8426,RF,180,339,SUCCESS
2025-01-01 04:13:12,NODE-6308,NODE-4252,RF,60,1357,SUCCESS
2025-01-01 04:13:13,NODE-2894,NODE-4545,FIBER,171,467,SUCCESS
2025-01-01 04:13:14,NODE-1869,NODE-6358,SATCOM,2194,4837,FAIL
2025-01-01 04:13:18,NODE-9982,NODE-1040,RF,233,1200,SUCCESS
2025-01-01 04:13:22,NODE-4424,NODE-1049,RF,47,524,SUCCESS
2025-01-01 04:13:24,NODE-4929,NODE-4597,SATCOM,195,1360,SUCCESS
2025-01-01 04:13:28,NODE-5731,NODE-6664,RF,52,556,SUCCESS
2025-01-01 04:13:31,NODE-4759,NODE-5955,RF,138,832,SUCCESS
2025-01-01 04:13:35,NODE-6565,NODE-1488,SATCOM,151,988,SUCCESS
2025-01-01 04:13:38,NODE-5573,NODE-4826,RF,102,1387,SUCCESS
2025-01-01 04:13:40,NODE-1646,NODE-1456,RF,149,417,SUCCESS
2025-01-01 04:13:43,NODE-7314,NODE-8393,RF,2641,4701,FAIL
2025-01-01 04:13:44,NODE-1706,NODE-2214,RF,102,1393,SUCCESS
2025-01-01 04:13:48,NODE-8765,NODE-6698,RF,61,1370,SUCCESS
2025-01-01 04:13:50,NODE-5286,NODE-4941,RF,68,1160,SUCCESS
2025-01-01 04:13:51,NODE-7607,NODE-7785,RF,60,599,SUCCESS
2025-01-01 04:13:53,NODE-7174,NODE-6952,FIBER,195,1379,SUCCESS
2025-01-01 04:13:54,NODE-2333,NODE-2170,FIBER,113,1422,SUCCESS
2025-01-01 04:13:58,NODE-8376,NODE-3301,FIBER,152,1425,SUCCESS
2025-01-01 04:14:01,NODE-7623,NODE-9441,FIBER,228,284,SUCCESS
2025-01-01 04:14:05,NODE-7518,NODE-9532,FIBER,230,340,SUCCESS
2025-01-01 04:14:06,NODE-1620,NODE-2409,RF,202,783,SUCCESS
2025-01-01 04:14:10,NODE-9843,NODE-3873,SATCOM,140,731,SUCCESS
2025-01-01 04:14:13,NODE-9366,NODE-1328,RF,67,1434,SUCCESS
2025-01-01 04:14:14,NODE-1135,NODE-1055,FIBER,1029,748,DELAY
2025-01-01 04:14:15,NODE-9696,NODE-4698,FIBER,101,332,SUCCESS
2025-01-01 04:14:18,NODE-4576,NODE-9336,RF,2532,4426,FAIL
2025-01-01 04:14:19,NODE-7696,NODE-4249,SATCOM,175,1319,SUCCESS
2025-01-01 04:14:21,NODE-3012,NODE-4036,FIBER,55,346,SUCCESS
2025-01-01 04:14:24,NODE-1280,NODE-2294,SATCOM,248,699,SUCCESS
2025-01-01 04:14:26,NODE-2279,NODE-8159,RF,96,978,SUCCESS
2025-01-01 04:14:28,NODE-6266,NODE-1906,SATCOM,50,1094,SUCCESS
2025-01-01 04:14:32,NODE-5201,NODE-6706,SATCOM,201,1011,SUCCESS
2025-01-01 04:14:34,NODE-4699,NODE-3969,FIBER,2283,6321,FAIL
2025-01-01 04:14:38,NODE-5909,NODE-3124,SATCOM,145,1296,SUCCESS
2025-01-01 04:14:39,NODE-7472,NODE-5436,RF,40,895,SUCCESS
2025-01-01 04:14:41,NODE-8355,NODE-4701,FIBER,193,432,SUCCESS
2025-01-01 04:14:44,NODE-1051,NODE-9325,SATCOM,152,1366,SUCCESS
2025-01-01 04:14:47,NODE-8619,NODE-6942,FIBER,60,1016,SUCCESS
2025-01-01 04:14:51,NODE-1827,NODE-2328,SATCOM,98,762,SUCCESS
2025-01-01 04:14:54,NODE-2431,NODE-3153,RF,179,672,SUCCESS
2025-01-01 04:14:55,NODE-2769,NODE-2911,SATCOM,1570,1247,DELAY
2025-01-01 04:14:56,NODE-4924,NODE-2107,FIBER,120,555,SUCCESS
2025-01-01 04:14:57,NODE-1888,NODE-6801,FIBER,55,705,SUCCESS
2025-01-01 04:14:58,NODE-4726,NODE-3169,FIBER,1021,558,DELAY
2025-01-01 04:14:59,NODE-1033,NODE-2154,FIBER,236,1135,SUCCESS
2025-01-01 04:15:03,NODE-5028,NODE-1088,RF,57,620,SUCCESS
2025-01-01 04:15:07,NODE-2132,NODE-2530,FIBER,47,559,SUCCESS
2025-01-01 04:15:11,NODE-1498,NODE-3766,FIBER,228,524,SUCCESS
2025-01-01 04:15:15,NODE-1554,NODE-6496,SATCOM,1029,1054,DELAY
2025-01-01 04:15:18,NODE-4396,NODE-1440,RF,231,605,SUCCESS
2025-01-01 04:15:22,NODE-8815,NODE-2757,RF,91,1126,SUCCESS
2025-01-01 04:15:23,NODE-7086,NODE-2647,RF,181,1302,SUCCESS
2025-01-01 04:15:25,NODE-2720,NODE-2754,SATCOM,183,1436,SUCCESS
2025-01-01 04:15:26,NODE-8099,NODE-5977,FIBER,169,961,SUCCESS
2025-01-01 04:15:29,NODE-4877,NODE-5625,FIBER,89,247,SUCCESS
2025-01-01 04:15:33,NODE-1046,NODE-6982,FIBER,97,736,SUCCESS
2025-01-01 04:15:35,NODE-6931,NODE-7417,SATCOM,180,1465,SUCCESS
2025-01-01 04:15:36,NODE-5860,NODE-4556,SATCOM,135,1460,SUCCESS
2025-01-01 04:15:37,NODE-6296,NODE-2758,RF,973,564,DELAY
2025-01-01 04:15:41,NODE-4790,NODE-2103,RF,120,398,SUCCESS
2025-01-01 04:15:43,NODE-7075,NODE-3759,SATCOM,135,1431,SUCCESS
2025-01-01 04:15:45,NODE-5920,NODE-9656,FIBER,73,479,SUCCESS
2025-01-01 04:15:48,NODE-7184,NODE-1085,RF,245,760,SUCCESS
2025-01-01 04:15:51,NODE-6562,NODE-3965,SATCOM,182,1014,SUCCESS
2025-01-01 04:15:52,NODE-8174,NODE-8631,RF,151,1192,SUCCESS
2025-01-01 04:15:53,NODE-1603,NODE-6085,RF,1224,847,DELAY
2025-01-01 04:15:54,NODE-8530,NODE-3843,FIBER,185,496,SUCCESS
2025-01-01 04:15:56,NODE-2249,NODE-1390,RF,180,583,SUCCESS
2025-01-01 04:16:00,NODE-4482,NODE-5538,RF,231,516,SUCCESS
2025-01-01 04:16:01,NODE-7478,NODE-4682,FIBER,978,740,DELAY
2025-01-01 04:16:04,NODE-9884,NODE-2783,RF,185,1089,SUCCESS
2025-01-01 04:16:05,NODE-8335,NODE-1488,FIBER,170,1356,SUCCESS
2025-01-01 04:16:06,NODE-1204,NODE-9859,RF,198,706,SUCCESS
2025-01-01 04:16:07,NODE-1714,NODE-3674,RF,2726,5988,FAIL
2025-01-01 04:16:10,NODE-5496,NODE-5869,FIBER,74,1278,SUCCESS
2025-01-01 04:16:14,NODE-2700,NODE-7210,RF,141,1324,SUCCESS
2025-01-01 04:16:17,NODE-5934,NODE-4403,SATCOM,2336,6369,FAIL
2025-01-01 04:16:21,NODE-5562,NODE-5426,SATCOM,848,923,DELAY
2025-01-01 04:16:22,NODE-1686,NODE-5024,RF,124,320,SUCCESS
2025-01-01 04:16:25,NODE-5726,NODE-1851,RF,115,316,SUCCESS
2025-01-01 04:16:26,NODE-7743,NODE-2083,SATCOM,76,218,SUCCESS
2025-01-01 04:16:30,NODE-7897,NODE-9720,FIBER,194,856,SUCCESS
2025-01-01 04:16:32,NODE-5055,NODE-2398,RF,181,1442,SUCCESS
2025-01-01 04:16:36,NODE-9378,NODE-5008,SATCOM,131,894,SUCCESS
2025-01-01 04:16:38,NODE-2588,NODE-4180,RF,116,770,SUCCESS
2025-01-01 04:16:41,NODE-7645,NODE-9813,RF,191,437,SUCCESS
2025-01-01 04:16:43,NODE-1797,NODE-1255,FIBER,1260,1342,DELAY
2025-01-01 04:16:47,NODE-4803,NODE-9301,SATCOM,190,1055,SUCCESS
2025-01-01 04:16:51,NODE-1788,NODE-3906,FIBER,249,495,SUCCESS
2025-01-01 04:16:53,NODE-8549,NODE-3821,FIBER,1037,555,DELAY
2025-01-01 04:16:55,NODE-6282,NODE-1399,SATCOM,64,1125,SUCCESS
2025-01-01 04:16:56,NODE-7461,NODE-9100,FIBER,1494,1094,DELAY
2025-01-01 04:16:59,NODE-6880,NODE-9423,RF,246,630,SUCCESS
2025-01-01 04:17:03,NODE-5986,NODE-6142,FIBER,248,482,SUCCESS
2025-01-01 04:17:05,NODE-8563,NODE-8646,RF,140,1030,SUCCESS
2025-01-01 04:17:08,NODE-8491,NODE-9033,RF,63,734,SUCCESS
2025-01-01 04:17:11,NODE-5181,NODE-5869,SATCOM,202,1381,SUCCESS
2025-01-01 04:17:14,NODE-7362,NODE-2488,FIBER,84,1031,SUCCESS
2025-01-01 04:17:15,NODE-3584,NODE-4827,FIBER,66,1056,SUCCESS
2025-01-01 04:17:17,NODE-5438,NODE-3895,RF,73,1211,SUCCESS
2025-01-01 04:17:19,NODE-6181,NODE-5427,RF,859,547,DELAY
2025-01-01 04:17:20,NODE-5706,NODE-5945,RF,155,1422,SUCCESS
2025-01-01 04:17:23,NODE-4862,NODE-6083,SATCOM,142,1489,SUCCESS
2025-01-01 04:17:27,NODE-9765,NODE-3936,FIBER,1225,1053,DELAY
2025-01-01 04:17:28,NODE-6039,NODE-3353,RF,170,900,SUCCESS
2025-01-01 04:17:29,NODE-5396,NODE-8405,FIBER,221,545,SUCCESS
2025-01-01 04:17:32,NODE-8736,NODE-7046,RF,135,751,SUCCESS
2025-01-01 04:17:33,NODE-9564,NODE-1301,FIBER,169,851,SUCCESS
2025-01-01 04:17:35,NODE-5055,NODE-9380,RF,194,509,SUCCESS
2025-01-01 04:17:36,NODE-3322,NODE-3330,FIBER,143,212,SUCCESS
2025-01-01 04:17:40,NODE-2953,NODE-2749,SATCOM,157,362,SUCCESS
2025-01-01 04:17:43,NODE-7499,NODE-6322,RF,179,769,SUCCESS
2025-01-01 04:17:47,NODE-3110,NODE-5662,RF,170,963,SUCCESS
2025-01-01 04:17:51,NODE-8520,NODE-8469,SATCOM,150,743,SUCCESS
2025-01-01 04:17:54,NODE-1564,NODE-1980,FIBER,92,734,SUCCESS
2025-01-01 04:17:56,NODE-4685,NODE-3981,FIBER,66,619,SUCCESS
2025-01-01 04:18:00,NODE-1758,NODE-5519,SATCOM,51,1272,SUCCESS
2025-01-01 04:18:02,NODE-7946,NODE-2347,RF,156,1215,SUCCESS
2025-01-01 04:18:05,NODE-2469,NODE-9286,RF,1868,3486,FAIL
2025-01-01 04:18:09,NODE-5454,NODE-1322,FIBER,3088,3844,FAIL
2025-01-01 04:18:13,NODE-1974,NODE-8878,FIBER,98,738,SUCCESS
2025-01-01 04:18:15,NODE-8485,NODE-2280,RF,247,455,SUCCESS
2025-01-01 04:18:19,NODE-5896,NODE-1749,SATCOM,167,1234,SUCCESS
2025-01-01 04:18:21,NODE-2165,NODE-9842,RF,46,1044,SUCCESS
2025-01-01 04:18:24,NODE-5839,NODE-1029,RF,90,653,SUCCESS
2025-01-01 04:18:26,NODE-9225,NODE-1255,RF,1437,1290,DELAY
2025-01-01 04:18:28,NODE-5293,NODE-8851,FIBER,2114,4996,FAIL
2025-01-01 04:18:31,NODE-8758,NODE-9026,RF,165,292,SUCCESS
2025-01-01 04:18:35,NODE-8567,NODE-8276,SATCOM,153,850,SUCCESS
2025-01-01 04:18:37,NODE-2734,NODE-7565,SATCOM,125,532,SUCCESS
2025-01-01 04:18:38,NODE-8062,NODE-2631,RF,2665,3709,FAIL
2025-01-01 04:18:42,NODE-3006,NODE-8182,RF,46,499,SUCCESS
2025-01-01 04:18:43,NODE-4562,NODE-5504,RF,69,800,SUCCESS
2025-01-01 04:18:44,NODE-9432,NODE-5272,RF,223,908,SUCCESS
2025-01-01 04:18:48,NODE-6841,NODE-8120,RF,98,1177,SUCCESS
2025-01-01 04:18:50,NODE-9573,NODE-1972,SATCOM,1268,332,DELAY
2025-01-01 04:18:53,NODE-2754,NODE-4563,RF,160,1054,SUCCESS
2025-01-01 04:18:56,NODE-9644,NODE-7001,RF,106,858,SUCCESS
2025-01-01 04:18:58,NODE-5644,NODE-5879,SATCOM,62,1218,SUCCESS
2025-01-01 04:19:00,NODE-9024,NODE-4132,FIBER,63,573,SUCCESS
2025-01-01 04:19:02,NODE-8454,NODE-5476,RF,158,860,SUCCESS
2025-01-01 04:19:03,NODE-9633,NODE-5152,SATCOM,232,1170,SUCCESS
2025-01-01 04:19:07,NODE-6862,NODE-6835,FIBER,73,1254,SUCCESS
2025-01-01 04:19:10,NODE-7350,NODE-7194,RF,1505,1062,DELAY
2025-01-01 04:19:11,NODE-9582,NODE-5691,FIBER,222,826,SUCCESS
2025-01-01 04:19:12,NODE-2400,NODE-4206,SATCOM,140,861,SUCCESS
2025-01-01 04:19:14,NODE-4924,NODE-9888,SATCOM,129,1349,SUCCESS
2025-01-01 04:19:15,NODE-5502,NODE-7242,FIBER,51,1144,SUCCESS
2025-01-01 04:19:17,NODE-9108,NODE-7372,RF,218,1057,SUCCESS
2025-01-01 04:19:18,NODE-2333,NODE-7829,FIBER,1571,827,DELAY
2025-01-01 04:19:22,NODE-4262,NODE-1231,FIBER,2063,3133,FAIL
2025-01-01 04:19:24,NODE-9546,NODE-7524,SATCOM,232,1185,SUCCESS
2025-01-01 04:19:25,NODE-1760,NODE-6819,SATCOM,48,491,SUCCESS
2025-01-01 04:19:26,NODE-6822,NODE-7468,RF,1576,371,DELAY
2025-01-01 04:19:27,NODE-8905,NODE-7868,RF,227,875,SUCCESS
2025-01-01 04:19:28,NODE-4594,NODE-3887,SATCOM,244,1054,SUCCESS
2025-01-01 04:19:29,NODE-2669,NODE-8695,RF,115,874,SUCCESS
2025-01-01 04:19:33,NODE-5764,NODE-3590,FIBER,135,559,SUCCESS
2025-01-01 04:19:35,NODE-8045,NODE-5643,SATCOM,195,259,SUCCESS
2025-01-01 04:19:37,NODE-2067,NODE-4702,RF,160,327,SUCCESS
2025-01-01 04:19:38,NODE-7398,NODE-6601,FIBER,137,1048,SUCCESS
2025-01-01 04:19:41,NODE-1981,NODE-1415,RF,186,1384,SUCCESS
2025-01-01 04:19:44,NODE-8210,NODE-8122,SATCOM,134,473,SUCCESS
2025-01-01 04:19:48,NODE-1906,NODE-3622,FIBER,3151,6266,FAIL
2025-01-01 04:19:52,NODE-7191,NODE-1079,SATCOM,77,763,SUCCESS
2025-01-01 04:19:54,NODE-2168,NODE-7725,RF,897,631,DELAY
2025-01-01 04:19:57,NODE-3130,NODE-1636,FIBER,231,542,SUCCESS
2025-01-01 04:19:58,NODE-1557,NODE-5138,SATCOM,214,722,SUCCESS
2025-01-01 04:20:01,NODE-2691,NODE-4113,RF,190,1413,SUCCESS
2025-01-01 04:20:05,NODE-4665,NODE-7636,FIBER,181,558,SUCCESS
2025-01-01 04:20:07,NODE-5985,NODE-9664,FIBER,56,982,SUCCESS
2025-01-01 04:20:11,NODE-7240,NODE-3654,SATCOM,171,1043,SUCCESS
2025-01-01 04:20:13,NODE-6601,NODE-2792,RF,77,473,SUCCESS
2025-01-01 04:20:14,NODE-2900,NODE-6901,FIBER,241,525,SUCCESS
2025-01-01 04:20:16,NODE-6326,NODE-6470,RF,160,1039,SUCCESS
2025-01-01 04:20:20,NODE-5153,NODE-1230,SATCOM,60,369,SUCCESS
2025-01-01 04:20:22,NODE-6051,NODE-1802,FIBER,91,1197,SUCCESS
2025-01-01 04:20:23,NODE-9301,NODE-1897,RF,101,982,SUCCESS
2025-01-01 04:20:25,NODE-2770,NODE-6324,SATCOM,221,1291,SUCCESS
2025-01-01 04:20:28,NODE-8383,NODE-7175,FIBER,1424,781,DELAY
2025-01-01 04:20:32,NODE-6010,NODE-8928,FIBER,46,862,SUCCESS
2025-01-01 04:20:34,NODE-3647,NODE-9452,RF,1486,740,DELAY
2025-01-01 04:20:36,NODE-4073,NODE-9772,RF,127,1019,SUCCESS
2025-01-01 04:20:40,NODE-1787,NODE-3878,RF,158,828,SUCCESS
2025-01-01 04:20:44,NODE-5906,NODE-1949,SATCOM,106,849,SUCCESS
2025-01-01 04:20:45,NODE-3188,NODE-9459,RF,94,1139,SUCCESS
2025-01-01 04:20:46,NODE-9655,NODE-5769,FIBER,218,1070,SUCCESS
2025-01-01 04:20:50,NODE-6351,NODE-2815,SATCOM,70,273,SUCCESS
2025-01-01 04:20:51,NODE-1736,NODE-4740,RF,215,1326,SUCCESS
2025-01-01 04:20:55,NODE-5607,NODE-6963,SATCOM,87,826,SUCCESS
2025-01-01 04:20:56,NODE-2959,NODE-2060,RF,68,1387,SUCCESS
2025-01-01 04:20:58,NODE-7542,NODE-4910,FIBER,205,321,SUCCESS
2025-01-01 04:21:02,NODE-1868,NODE-6293,RF,234,234,SUCCESS
2025-01-01 04:21:04,NODE-1401,NODE-2689,SATCOM,99,1124,SUCCESS
2025-01-01 04:21:06,NODE-9473,NODE-9120,SATCOM,1543,1038,DELAY
2025-01-01 04:21:07,NODE-9893,NODE-6571,SATCOM,52,1021,SUCCESS
2025-01-01 04:21:10,NODE-4605,NODE-9036,RF,65,645,SUCCESS
2025-01-01 04:21:11,NODE-8865,NODE-9440,SATCOM,66,960,SUCCESS
2025-01-01 04:21:12,NODE-4142,NODE-3778,FIBER,1124,1126,DELAY
2025-01-01 04:21:13,NODE-3727,NODE-7977,SATCOM,72,1234,SUCCESS
2025-01-01 04:21:15,NODE-3750,NODE-3350,RF,151,389,SUCCESS
2025-01-01 04:21:17,NODE-6581,NODE-5416,FIBER,73,1069,SUCCESS
2025-01-01 04:21:21,NODE-6905,NODE-1273,RF,49,1395,SUCCESS
2025-01-01 04:21:24,NODE-4025,NODE-9408,FIBER,45,531,SUCCESS
2025-01-01 04:21:26,NODE-6304,NODE-5514,FIBER,104,1132,SUCCESS
2025-01-01 04:21:27,NODE-2460,NODE-8385,FIBER,1013,828,DELAY
2025-01-01 04:21:30,NODE-3189,NODE-3640,FIBER,143,828,SUCCESS
2025-01-01 04:21:32,NODE-9614,NODE-2677,RF,164,690,SUCCESS
2025-01-01 04:21:35,NODE-9288,NODE-2290,SATCOM,83,1414,SUCCESS
2025-01-01 04:21:37,NODE-4212,NODE-5443,RF,242,1004,SUCCESS
2025-01-01 04:21:40,NODE-8263,NODE-6581,FIBER,1866,6129,FAIL
2025-01-01 04:21:43,NODE-9660,NODE-1926,RF,1531,1117,DELAY
2025-01-01 04:21:47,NODE-8691,NODE-6595,FIBER,50,1409,SUCCESS
2025-01-01 04:21:50,NODE-5288,NODE-5897,FIBER,201,283,SUCCESS
2025-01-01 04:21:54,NODE-9952,NODE-9987,RF,233,1188,SUCCESS
2025-01-01 04:21:56,NODE-9061,NODE-9739,SATCOM,153,415,SUCCESS
2025-01-01 04:21:59,NODE-8997,NODE-4394,RF,43,286,SUCCESS
2025-01-01 04:22:02,NODE-2791,NODE-3339,SATCOM,145,575,SUCCESS
2025-01-01 04:22:04,NODE-7661,NODE-3357,RF,1493,883,DELAY
2025-01-01 04:22:08,NODE-3071,NODE-6003,SATCOM,190,820,SUCCESS
2025-01-01 04:22:10,NODE-2916,NODE-2284,SATCOM,129,386,SUCCESS
2025-01-01 04:22:12,NODE-1751,NODE-7243,RF,2108,4276,FAIL
2025-01-01 04:22:13,NODE-9212,NODE-6528,SATCOM,100,1223,SUCCESS
2025-01-01 04:22:17,NODE-6098,NODE-4343,RF,66,591,SUCCESS
2025-01-01 04:22:19,NODE-7476,NODE-2435,RF,248,596,SUCCESS
2025-01-01 04:22:21,NODE-4961,NODE-3265,SATCOM,101,339,SUCCESS
2025-01-01 04:22:24,NODE-9673,NODE-3768,SATCOM,59,561,SUCCESS
2025-01-01 04:22:26,NODE-5765,NODE-1183,RF,901,297,DELAY
2025-01-01 04:22:27,NODE-7838,NODE-7893,FIBER,99,906,SUCCESS
2025-01-01 04:22:30,NODE-7352,NODE-4472,FIBER,1355,313,DELAY
2025-01-01 04:22:34,NODE-8732,NODE-3345,SATCOM,62,547,SUCCESS
2025-01-01 04:22:36,NODE-4201,NODE-7590,FIBER,58,539,SUCCESS
2025-01-01 04:22:37,NODE-1309,NODE-8720,SATCOM,135,309,SUCCESS
2025-01-01 04:22:41,NODE-8461,NODE-5115,FIBER,2120,6255,FAIL
2025-01-01 04:22:44,NODE-7484,NODE-9960,SATCOM,99,795,SUCCESS
2025-01-01 04:22:45,NODE-7324,NODE-8933,RF,172,771,SUCCESS
2025-01-01 04:22:48,NODE-9254,NODE-2129,RF,123,1350,SUCCESS
2025-01-01 04:22:49,NODE-8035,NODE-8367,SATCOM,71,1170,SUCCESS
2025-01-01 04:22:50,NODE-1106,NODE-1734,RF,179,1119,SUCCESS
2025-01-01 04:22:52,NODE-9694,NODE-6304,SATCOM,83,824,SUCCESS
2025-01-01 04:22:53,NODE-1111,NODE-6416,SATCOM,117,422,SUCCESS
2025-01-01 04:22:56,NODE-6812,NODE-4932,SATCOM,52,1318,SUCCESS
2025-01-01 04:22:57,NODE-8161,NODE-5668,SATCOM,207,248,SUCCESS
2025-01-01 04:23:01,NODE-3756,NODE-8403,SATCOM,60,450,SUCCESS
2025-01-01 04:23:04,NODE-7086,NODE-3474,RF,242,535,SUCCESS
2025-01-01 04:23:05,NODE-3433,NODE-3927,FIBER,209,376,SUCCESS
2025-01-01 04:23:08,NODE-9837,NODE-2964,FIBER,81,651,SUCCESS
2025-01-01 04:23:09,NODE-9089,NODE-1185,RF,892,561,DELAY
2025-01-01 04:23:12,NODE-5515,NODE-9883,RF,2606,6733,FAIL
2025-01-01 04:23:15,NODE-3109,NODE-1547,SATCOM,120,1156,SUCCESS
2025-01-01 04:23:18,NODE-1073,NODE-5793,RF,248,807,SUCCESS
2025-01-01 04:23:22,NODE-4177,NODE-7193,RF,1859,6407,FAIL
2025-01-01 04:23:25,NODE-9706,NODE-8890,FIBER,219,865,SUCCESS
2025-01-01 04:23:29,NODE-3112,NODE-5291,RF,212,504,SUCCESS
2025-01-01 04:23:30,NODE-6818,NODE-2457,SATCOM,146,1407,SUCCESS
2025-01-01 04:23:32,NODE-7540,NODE-1855,SATCOM,152,1131,SUCCESS
2025-01-01 04:23:35,NODE-1936,NODE-4778,FIBER,169,645,SUCCESS
2025-01-01 04:23:36,NODE-7234,NODE-3637,RF,225,1181,SUCCESS
2025-01-01 04:23:37,NODE-5974,NODE-4231,FIBER,180,1092,SUCCESS
2025-01-01 04:23:40,NODE-6497,NODE-3735,FIBER,61,1372,SUCCESS
2025-01-01 04:23:42,NODE-3218,NODE-9651,FIBER,162,1326,SUCCESS
2025-01-01 04:23:45,NODE-7761,NODE-8486,RF,44,1428,SUCCESS
2025-01-01 04:23:46,NODE-7785,NODE-3521,RF,113,1320,SUCCESS
2025-01-01 04:23:48,NODE-7912,NODE-6204,RF,223,1363,SUCCESS
2025-01-01 04:23:51,NODE-1421,NODE-3469,FIBER,168,1048,SUCCESS
2025-01-01 04:23:55,NODE-1139,NODE-8062,FIBER,178,236,SUCCESS
2025-01-01 04:23:58,NODE-6899,NODE-9007,FIBER,1599,250,DELAY
2025-01-01 04:24:00,NODE-7378,NODE-3507,RF,72,1098,SUCCESS
2025-01-01 04:24:01,NODE-3711,NODE-1150,FIBER,165,1188,SUCCESS
2025-01-01 04:24:04,NODE-7748,NODE-4115,FIBER,189,1042,SUCCESS
2025-01-01 04:24:05,NODE-7255,NODE-9335,RF,205,1245,SUCCESS
2025-01-01 04:24:07,NODE-7689,NODE-9051,FIBER,172,900,SUCCESS
2025-01-01 04:24:10,NODE-9357,NODE-3795,FIBER,1382,957,DELAY
2025-01-01 04:24:11,NODE-5621,NODE-3290,RF,55,1066,SUCCESS
2025-01-01 04:24:13,NODE-7155,NODE-9626,RF,210,738,SUCCESS
2025-01-01 04:24:16,NODE-7302,NODE-6042,SATCOM,149,1288,SUCCESS
2025-01-01 04:24:17,NODE-1341,NODE-4555,FIBER,240,929,SUCCESS
2025-01-01 04:24:19,NODE-5577,NODE-9784,SATCOM,134,350,SUCCESS
2025-01-01 04:24:23,NODE-1292,NODE-1662,RF,143,1473,SUCCESS
2025-01-01 04:24:26,NODE-3568,NODE-4768,FIBER,159,976,SUCCESS
2025-01-01 04:24:29,NODE-8948,NODE-9990,SATCOM,177,546,SUCCESS
2025-01-01 04:24:30,NODE-7485,NODE-3554,RF,57,225,SUCCESS
2025-01-01 04:24:31,NODE-9379,NODE-3289,FIBER,53,647,SUCCESS
2025-01-01 04:24:34,NODE-6576,NODE-4662,SATCOM,247,1171,SUCCESS
2025-01-01 04:24:38,NODE-4170,NODE-9693,SATCOM,2123,5705,FAIL
2025-01-01 04:24:39,NODE-2344,NODE-6163,SATCOM,191,1473,SUCCESS
2025-01-01 04:24:43,NODE-7797,NODE-5905,SATCOM,146,493,SUCCESS
2025-01-01 04:24:45,NODE-7008,NODE-8889,SATCOM,80,1346,SUCCESS
2025-01-01 04:24:49,NODE-5172,NODE-2976,SATCOM,173,1359,SUCCESS
2025-01-01 04:24:50,NODE-2226,NODE-9691,RF,208,1319,SUCCESS
2025-01-01 04:24:52,NODE-2603,NODE-3669,FIBER,48,1215,SUCCESS
2025-01-01 04:24:53,NODE-6711,NODE-4448,FIBER,150,1170,SUCCESS
2025-01-01 04:24:56,NODE-5771,NODE-3505,SATCOM,2012,5345,FAIL
2025-01-01 04:24:57,NODE-2370,NODE-3715,FIBER,234,688,SUCCESS
2025-01-01 04:24:58,NODE-2556,NODE-6090,SATCOM,191,416,SUCCESS
2025-01-01 04:24:59,NODE-2161,NODE-6015,SATCOM,222,273,SUCCESS
2025-01-01 04:25:03,NODE-7725,NODE-3471,SATCOM,191,1221,SUCCESS
2025-01-01 04:25:06,NODE-3214,NODE-6351,FIBER,172,293,SUCCESS
2025-01-01 04:25:09,NODE-2837,NODE-9127,RF,1200,394,DELAY
2025-01-01 04:25:11,NODE-2148,NODE-7596,RF,150,1386,SUCCESS
2025-01-01 04:25:13,NODE-4953,NODE-9942,RF,203,305,SUCCESS
2025-01-01 04:25:15,NODE-2419,NODE-1424,FIBER,204,1205,SUCCESS
2025-01-01 04:25:17,NODE-7834,NODE-1238,SATCOM,243,895,SUCCESS
2025-01-01 04:25:21,NODE-1021,NODE-8736,RF,97,361,SUCCESS
2025-01-01 04:25:22,NODE-6004,NODE-8991,SATCOM,68,1059,SUCCESS
2025-01-01 04:25:24,NODE-6789,NODE-9842,FIBER,178,1159,SUCCESS
2025-01-01 04:25:28,NODE-9904,NODE-5442,RF,1110,994,DELAY
2025-01-01 04:25:31,NODE-8399,NODE-8659,FIBER,40,842,SUCCESS
2025-01-01 04:25:32,NODE-8834,NODE-1248,SATCOM,86,1122,SUCCESS
2025-01-01 04:25:34,NODE-3554,NODE-6732,FIBER,55,1454,SUCCESS
2025-01-01 04:25:37,NODE-4525,NODE-3826,FIBER,41,981,SUCCESS
2025-01-01 04:25:41,NODE-1431,NODE-3196,SATCOM,75,502,SUCCESS
2025-01-01 04:25:45,NODE-5293,NODE-5239,FIBER,97,1491,SUCCESS
2025-01-01 04:25:46,NODE-7352,NODE-2781,SATCOM,138,853,SUCCESS
2025-01-01 04:25:47,NODE-1251,NODE-4939,RF,1140,1202,DELAY
2025-01-01 04:25:50,NODE-4398,NODE-4695,SATCOM,47,494,SUCCESS
2025-01-01 04:25:54,NODE-9426,NODE-9572,RF,154,971,SUCCESS
2025-01-01 04:25:56,NODE-5401,NODE-8829,SATCOM,236,784,SUCCESS
2025-01-01 04:25:57,NODE-1710,NODE-3394,RF,1005,1130,DELAY
2025-01-01 04:26:01,NODE-8737,NODE-1279,RF,171,1003,SUCCESS
2025-01-01 04:26:04,NODE-6719,NODE-6023,RF,50,847,SUCCESS
2025-01-01 04:26:07,NODE-7459,NODE-7793,FIBER,172,1214,SUCCESS
2025-01-01 04:26:10,NODE-8319,NODE-2872,RF,67,981,SUCCESS
2025-01-01 04:26:11,NODE-4915,NODE-6486,RF,134,517,SUCCESS
2025-01-01 04:26:13,NODE-2152,NODE-7372,SATCOM,202,1246,SUCCESS
2025-01-01 04:26:16,NODE-1318,NODE-3048,SATCOM,195,1350,SUCCESS
2025-01-01 04:26:18,NODE-7653,NODE-8804,SATCOM,230,1052,SUCCESS
2025-01-01 04:26:22,NODE-2735,NODE-2939,SATCOM,80,1436,SUCCESS
2025-01-01 04:26:23,NODE-8460,NODE-6066,RF,100,659,SUCCESS
2025-01-01 04:26:27,NODE-4206,NODE-5230,RF,154,1342,SUCCESS
2025-01-01 04:26:31,NODE-6009,NODE-7584,SATCOM,1232,681,DELAY
2025-01-01 04:26:33,NODE-6098,NODE-4023,FIBER,172,292,SUCCESS
2025-01-01 04:26:34,NODE-7962,NODE-8324,RF,232,889,SUCCESS
2025-01-01 04:26:36,NODE-8370,NODE-2189,RF,163,1085,SUCCESS
2025-01-01 04:26:37,NODE-2910,NODE-3188,RF,178,1232,SUCCESS
2025-01-01 04:26:38,NODE-6730,NODE-9718,RF,191,251,SUCCESS
2025-01-01 04:26:39,NODE-1826,NODE-6741,RF,178,236,SUCCESS
2025-01-01 04:26:43,NODE-1367,NODE-1767,SATCOM,237,283,SUCCESS
2025-01-01 04:26:44,NODE-2182,NODE-2510,SATCOM,245,1305,SUCCESS
2025-01-01 04:26:46,NODE-8569,NODE-8209,FIBER,122,1351,SUCCESS
2025-01-01 04:26:49,NODE-9259,NODE-7089,FIBER,122,311,SUCCESS
2025-01-01 04:26:53,NODE-7487,NODE-3244,SATCOM,109,1314,SUCCESS
2025-01-01 04:26:55,NODE-4084,NODE-5122,FIBER,980,1449,DELAY
2025-01-01 04:26:59,NODE-2605,NODE-6487,FIBER,102,671,SUCCESS
2025-01-01 04:27:00,NODE-4295,NODE-6610,FIBER,133,427,SUCCESS
2025-01-01 04:27:02,NODE-8040,NODE-9569,RF,48,737,SUCCESS
2025-01-01 04:27:04,NODE-7143,NODE-7596,RF,73,1116,SUCCESS
2025-01-01 04:27:07,NODE-7682,NODE-6586,SATCOM,169,774,SUCCESS
2025-01-01 04:27:11,NODE-3895,NODE-8152,SATCOM,215,862,SUCCESS
2025-01-01 04:27:13,NODE-4502,NODE-9024,RF,214,1086,SUCCESS
2025-01-01 04:27:17,NODE-5479,NODE-7877,SATCOM,71,407,SUCCESS
2025-01-01 04:27:20,NODE-9057,NODE-2223,RF,99,726,SUCCESS
2025-01-01 04:27:23,NODE-8934,NODE-3606,FIBER,89,399,SUCCESS
2025-01-01 04:27:26,NODE-2771,NODE-4664,RF,47,259,SUCCESS
2025-01-01 04:27:28,NODE-9805,NODE-4833,FIBER,217,1214,SUCCESS
2025-01-01 04:27:30,NODE-8877,NODE-9164,FIBER,69,712,SUCCESS
2025-01-01 04:27:32,NODE-4347,NODE-7802,RF,40,1077,SUCCESS
2025-01-01 04:27:36,NODE-4826,NODE-8392,RF,73,444,SUCCESS
2025-01-01 04:27:40,NODE-2412,NODE-3593,RF,243,534,SUCCESS
2025-01-01 04:27:44,NODE-6071,NODE-3757,RF,55,306,SUCCESS
2025-01-01 04:27:45,NODE-9694,NODE-3353,FIBER,183,320,SUCCESS
2025-01-01 04:27:48,NODE-2698,NODE-5151,SATCOM,2915,5883,FAIL
2025-01-01 04:27:49,NODE-2468,NODE-5400,FIBER,96,531,SUCCESS
2025-01-01 04:27:51,NODE-8886,NODE-2833,FIBER,69,413,SUCCESS
2025-01-01 04:27:55,NODE-2135,NODE-1469,RF,150,845,SUCCESS
2025-01-01 04:27:57,NODE-8322,NODE-4592,FIBER,68,1243,SUCCESS
2025-01-01 04:28:01,NODE-2550,NODE-2798,RF,179,390,SUCCESS
2025-01-01 04:28:05,NODE-4896,NODE-8333,RF,1397,1121,DELAY
2025-01-01 04:28:06,NODE-9785,NODE-2264,FIBER,248,491,SUCCESS
2025-01-01 04:28:09,NODE-4363,NODE-9281,FIBER,821,1133,DELAY
2025-01-01 04:28:11,NODE-7177,NODE-3712,RF,184,421,SUCCESS
2025-01-01 04:28:12,NODE-4539,NODE-6980,RF,143,796,SUCCESS
2025-01-01 04:28:16,NODE-2774,NODE-8247,RF,66,1164,SUCCESS
2025-01-01 04:28:20,NODE-8111,NODE-2960,SATCOM,93,1011,SUCCESS
2025-01-01 04:28:23,NODE-4204,NODE-5634,RF,221,767,SUCCESS
2025-01-01 04:28:27,NODE-4541,NODE-5198,RF,218,815,SUCCESS
2025-01-01 04:28:28,NODE-6936,NODE-6736,FIBER,108,985,SUCCESS
2025-01-01 04:28:29,NODE-4361,NODE-5994,SATCOM,179,264,SUCCESS
2025-01-01 04:28:33,NODE-2979,NODE-3276,FIBER,154,1037,SUCCESS
2025-01-01 04:28:37,NODE-4985,NODE-8149,RF,43,279,SUCCESS
2025-01-01 04:28:40,NODE-4235,NODE-5179,FIBER,237,360,SUCCESS
2025-01-01 04:28:42,NODE-4721,NODE-6308,SATCOM,161,1413,SUCCESS
2025-01-01 04:28:45,NODE-1784,NODE-1770,FIBER,64,598,SUCCESS
2025-01-01 04:28:49,NODE-1133,NODE-4633,RF,110,402,SUCCESS
2025-01-01 04:28:53,NODE-2434,NODE-5749,FIBER,79,532,SUCCESS
2025-01-01 04:28:55,NODE-5897,NODE-3253,SATCOM,129,1183,SUCCESS
2025-01-01 04:28:59,NODE-9904,NODE-2107,FIBER,2543,3961,FAIL
2025-01-01 04:29:00,NODE-8149,NODE-3389,RF,83,876,SUCCESS
2025-01-01 04:29:01,NODE-7150,NODE-2697,FIBER,77,848,SUCCESS
2025-01-01 04:29:05,NODE-3423,NODE-7848,RF,1269,842,DELAY
2025-01-01 04:29:09,NODE-4531,NODE-5524,FIBER,159,922,SUCCESS
2025-01-01 04:29:10,NODE-1728,NODE-7707,RF,1418,1445,DELAY
2025-01-01 04:29:11,NODE-4510,NODE-9175,FIBER,57,1249,SUCCESS
2025-01-01 04:29:13,NODE-6735,NODE-7985,SATCOM,219,461,SUCCESS
2025-01-01 04:29:14,NODE-1069,NODE-9167,SATCOM,104,1461,SUCCESS
2025-01-01 04:29:18,NODE-7710,NODE-2510,SATCOM,199,1086,SUCCESS
2025-01-01 04:29:21,NODE-2819,NODE-3916,SATCOM,68,586,SUCCESS
2025-01-01 04:29:22,NODE-7937,NODE-4956,RF,147,1042,SUCCESS
2025-01-01 04:29:25,NODE-5167,NODE-9395,RF,67,246,SUCCESS
2025-01-01 04:29:27,NODE-3259,NODE-9707,SATCOM,67,811,SUCCESS
2025-01-01 04:29:31,NODE-1006,NODE-8326,RF,180,1116,SUCCESS
2025-01-01 04:29:33,NODE-5378,NODE-4553,FIBER,108,926,SUCCESS
2025-01-01 04:29:36,NODE-8613,NODE-2639,RF,230,1258,SUCCESS
2025-01-01 04:29:39,NODE-6892,NODE-6146,RF,97,447,SUCCESS
2025-01-01 04:29:40,NODE-5556,NODE-2198,RF,1088,556,DELAY
2025-01-01 04:29:43,NODE-5699,NODE-6388,SATCOM,1354,302,DELAY
2025-01-01 04:29:46,NODE-4762,NODE-3802,FIBER,240,262,SUCCESS
2025-01-01 04:29:50,NODE-8481,NODE-3123,SATCOM,2397,3270,FAIL
2025-01-01 04:29:53,NODE-3507,NODE-3117,FIBER,187,1336,SUCCESS
2025-01-01 04:29:57,NODE-2433,NODE-5265,RF,65,529,SUCCESS
2025-01-01 04:30:01,NODE-8606,NODE-4239,RF,192,418,SUCCESS
2025-01-01 04:30:03,NODE-6863,NODE-7816,FIBER,126,706,SUCCESS
2025-01-01 04:30:04,NODE-6862,NODE-7901,FIBER,2112,6578,FAIL
2025-01-01 04:30:05,NODE-1901,NODE-1084,FIBER,173,1349,SUCCESS
2025-01-01 04:30:06,NODE-4058,NODE-3705,RF,126,1121,SUCCESS
2025-01-01 04:30:07,NODE-5532,NODE-1244,SATCOM,3185,3892,FAIL
2025-01-01 04:30:10,NODE-5997,NODE-3268,RF,212,209,SUCCESS
2025-01-01 04:30:14,NODE-8455,NODE-5369,SATCOM,205,482,SUCCESS
2025-01-01 04:30:17,NODE-8000,NODE-4004,SATCOM,169,886,SUCCESS
2025-01-01 04:30:19,NODE-4319,NODE-1685,RF,192,901,SUCCESS
2025-01-01 04:30:20,NODE-1876,NODE-1455,FIBER,94,1017,SUCCESS
2025-01-01 04:30:21,NODE-7089,NODE-9604,SATCOM,2935,4291,FAIL
2025-01-01 04:30:25,NODE-1669,NODE-5234,SATCOM,173,1122,SUCCESS
2025-01-01 04:30:29,NODE-8604,NODE-8091,RF,2656,3502,FAIL
2025-01-01 04:30:31,NODE-3768,NODE-2744,SATCOM,74,519,SUCCESS
2025-01-01 04:30:32,NODE-9493,NODE-7000,SATCOM,212,295,SUCCESS
2025-01-01 04:30:33,NODE-4930,NODE-1877,SATCOM,43,1441,SUCCESS
2025-01-01 04:30:36,NODE-1782,NODE-3542,SATCOM,201,600,SUCCESS
2025-01-01 04:30:37,NODE-1415,NODE-8465,SATCOM,2818,5206,FAIL
2025-01-01 04:30:38,NODE-6533,NODE-7714,FIBER,82,1231,SUCCESS
2025-01-01 04:30:42,NODE-1711,NODE-9574,FIBER,192,332,SUCCESS
2025-01-01 04:30:45,NODE-5307,NODE-1615,SATCOM,44,618,SUCCESS
2025-01-01 04:30:47,NODE-7914,NODE-5818,FIBER,60,507,SUCCESS
2025-01-01 04:30:48,NODE-2919,NODE-4945,SATCOM,179,987,SUCCESS
2025-01-01 04:30:49,NODE-7754,NODE-3719,FIBER,154,271,SUCCESS
2025-01-01 04:30:52,NODE-4839,NODE-7033,SATCOM,53,298,SUCCESS
2025-01-01 04:30:53,NODE-8827,NODE-3633,FIBER,199,1359,SUCCESS
2025-01-01 04:30:57,NODE-1274,NODE-9260,SATCOM,191,1366,SUCCESS
2025-01-01 04:31:01,NODE-7592,NODE-5515,RF,152,1390,SUCCESS
2025-01-01 04:31:04,NODE-9380,NODE-3773,FIBER,146,500,SUCCESS
2025-01-01 04:31:06,NODE-5369,NODE-4620,RF,1288,1454,DELAY
2025-01-01 04:31:09,NODE-3523,NODE-1874,RF,236,1261,SUCCESS
2025-01-01 04:31:13,NODE-8056,NODE-7811,SATCOM,217,1102,SUCCESS
2025-01-01 04:31:14,NODE-5568,NODE-1068,RF,1244,1060,DELAY
2025-01-01 04:31:18,NODE-1032,NODE-5821,SATCOM,145,615,SUCCESS
2025-01-01 04:31:19,NODE-5453,NODE-6033,FIBER,40,1362,SUCCESS
2025-01-01 04:31:21,NODE-6727,NODE-2453,SATCOM,122,1392,SUCCESS
2025-01-01 04:31:23,NODE-8911,NODE-8781,FIBER,78,467,SUCCESS
2025-01-01 04:31:26,NODE-6758,NODE-4229,RF,2416,6176,FAIL
2025-01-01 04:31:30,NODE-5765,NODE-8551,FIBER,168,777,SUCCESS
2025-01-01 04:31:34,NODE-8291,NODE-2843,FIBER,104,968,SUCCESS
2025-01-01 04:31:36,NODE-1769,NODE-9333,SATCOM,211,1210,SUCCESS
2025-01-01 04:31:38,NODE-4992,NODE-5135,RF,1329,630,DELAY
2025-01-01 04:31:40,NODE-7629,NODE-5345,SATCOM,74,1254,SUCCESS
2025-01-01 04:31:44,NODE-5226,NODE-4603,SATCOM,69,443,SUCCESS
2025-01-01 04:31:46,NODE-1444,NODE-4377,RF,97,333,SUCCESS
2025-01-01 04:31:49,NODE-7084,NODE-5846,RF,216,1070,SUCCESS
2025-01-01 04:31:50,NODE-4864,NODE-3841,FIBER,183,367,SUCCESS
2025-01-01 04:31:54,NODE-2506,NODE-6904,RF,1534,1111,DELAY
2025-01-01 04:31:56,NODE-7212,NODE-8602,SATCOM,186,373,SUCCESS
2025-01-01 04:31:58,NODE-5411,NODE-5875,RF,81,981,SUCCESS
2025-01-01 04:32:01,NODE-3160,NODE-6732,SATCOM,201,1456,SUCCESS
2025-01-01 04:32:03,NODE-8125,NODE-5046,RF,123,797,SUCCESS
2025-01-01 04:32:07,NODE-1612,NODE-4179,FIBER,115,253,SUCCESS
2025-01-01 04:32:08,NODE-8759,NODE-2205,SATCOM,118,505,SUCCESS
2025-01-01 04:32:12,NODE-8287,NODE-2187,FIBER,109,1436,SUCCESS
2025-01-01 04:32:13,NODE-7434,NODE-8317,RF,168,339,SUCCESS
2025-01-01 04:32:15,NODE-6444,NODE-2643,SATCOM,61,786,SUCCESS
2025-01-01 04:32:17,NODE-1897,NODE-7200,RF,152,399,SUCCESS
2025-01-01 04:32:19,NODE-3368,NODE-2471,RF,97,646,SUCCESS
2025-01-01 04:32:23,NODE-2548,NODE-3711,SATCOM,48,446,SUCCESS
2025-01-01 04:32:27,NODE-3354,NODE-8708,FIBER,217,980,SUCCESS
2025-01-01 04:32:30,NODE-1305,NODE-4559,FIBER,63,1383,SUCCESS
2025-01-01 04:32:34,NODE-2093,NODE-9647,FIBER,142,485,SUCCESS
2025-01-01 04:32:38,NODE-4048,NODE-6706,RF,215,1470,SUCCESS
2025-01-01 04:32:39,NODE-2203,NODE-4283,SATCOM,102,1075,SUCCESS
2025-01-01 04:32:40,NODE-7958,NODE-7546,RF,88,1468,SUCCESS
2025-01-01 04:32:42,NODE-3632,NODE-4397,FIBER,187,1366,SUCCESS
2025-01-01 04:32:46,NODE-5696,NODE-1369,RF,75,1125,SUCCESS
2025-01-01 04:32:49,NODE-9181,NODE-1277,FIBER,168,782,SUCCESS
2025-01-01 04:32:50,NODE-2970,NODE-8276,SATCOM,129,514,SUCCESS
2025-01-01 04:32:51,NODE-1825,NODE-2834,SATCOM,230,660,SUCCESS
2025-01-01 04:32:53,NODE-6930,NODE-9138,SATCOM,67,1395,SUCCESS
2025-01-01 04:32:55,NODE-3439,NODE-3562,RF,175,1233,SUCCESS
2025-01-01 04:32:59,NODE-3714,NODE-6251,FIBER,169,655,SUCCESS
2025-01-01 04:33:02,NODE-8923,NODE-4199,RF,234,938,SUCCESS
2025-01-01 04:33:06,NODE-8334,NODE-2843,FIBER,197,212,SUCCESS
2025-01-01 04:33:10,NODE-3745,NODE-3163,RF,61,826,SUCCESS
2025-01-01 04:33:11,NODE-7052,NODE-3429,FIBER,163,742,SUCCESS
2025-01-01 04:33:15,NODE-8341,NODE-9546,SATCOM,125,494,SUCCESS
2025-01-01 04:33:18,NODE-2140,NODE-7797,FIBER,146,574,SUCCESS
2025-01-01 04:33:22,NODE-7554,NODE-8432,RF,74,1319,SUCCESS
2025-01-01 04:33:23,NODE-4513,NODE-7204,SATCOM,69,736,SUCCESS
2025-01-01 04:33:25,NODE-6427,NODE-8373,FIBER,74,1272,SUCCESS
2025-01-01 04:33:27,NODE-9474,NODE-4956,FIBER,50,841,SUCCESS
2025-01-01 04:33:29,NODE-6522,NODE-1823,RF,1207,384,DELAY
2025-01-01 04:33:33,NODE-5873,NODE-3193,SATCOM,134,534,SUCCESS
2025-01-01 04:33:37,NODE-3741,NODE-7056,FIBER,863,877,DELAY
2025-01-01 04:33:38,NODE-4146,NODE-6795,SATCOM,112,297,SUCCESS
2025-01-01 04:33:40,NODE-3962,NODE-3987,RF,42,648,SUCCESS
2025-01-01 04:33:44,NODE-5583,NODE-9776,RF,130,1392,SUCCESS
2025-01-01 04:33:46,NODE-9971,NODE-1603,RF,126,494,SUCCESS
2025-01-01 04:33:49,NODE-8280,NODE-4035,SATCOM,1290,800,DELAY
2025-01-01 04:33:52,NODE-8457,NODE-8887,FIBER,125,1108,SUCCESS
2025-01-01 04:33:56,NODE-4750,NODE-4242,SATCOM,114,373,SUCCESS
2025-01-01 04:33:58,NODE-6661,NODE-3773,SATCOM,73,825,SUCCESS
2025-01-01 04:33:59,NODE-8630,NODE-8455,SATCOM,1095,1118,DELAY
2025-01-01 04:34:00,NODE-6745,NODE-1351,FIBER,1134,1100,DELAY
2025-01-01 04:34:04,NODE-5636,NODE-5319,RF,159,969,SUCCESS
2025-01-01 04:34:08,NODE-1910,NODE-3247,SATCOM,143,1243,SUCCESS
2025-01-01 04:34:10,NODE-1649,NODE-6278,FIBER,93,1416,SUCCESS
2025-01-01 04:34:13,NODE-1904,NODE-8253,FIBER,61,983,SUCCESS
2025-01-01 04:34:15,NODE-8849,NODE-5112,FIBER,159,702,SUCCESS
2025-01-01 04:34:18,NODE-2565,NODE-5955,SATCOM,829,834,DELAY
2025-01-01 04:34:21,NODE-4698,NODE-2557,FIBER,106,1437,SUCCESS
2025-01-01 04:34:23,NODE-2710,NODE-4469,SATCOM,136,200,SUCCESS
2025-01-01 04:34:26,NODE-6118,NODE-4870,RF,1086,406,DELAY
2025-01-01 04:34:29,NODE-4088,NODE-3936,RF,145,773,SUCCESS
2025-01-01 04:34:31,NODE-3068,NODE-8977,RF,81,839,SUCCESS
2025-01-01 04:34:34,NODE-9461,NODE-4334,FIBER,65,672,SUCCESS
2025-01-01 04:34:37,NODE-2692,NODE-1206,RF,94,220,SUCCESS
2025-01-01 04:34:41,NODE-3168,NODE-7864,FIBER,142,674,SUCCESS
2025-01-01 04:34:45,NODE-3765,NODE-8028,FIBER,155,559,SUCCESS
2025-01-01 04:34:49,NODE-5793,NODE-4847,SATCOM,2122,3323,FAIL
2025-01-01 04:34:51,NODE-8032,NODE-2177,FIBER,53,1410,SUCCESS
2025-01-01 04:34:55,NODE-9429,NODE-1794,RF,103,282,SUCCESS
2025-01-01 04:34:59,NODE-3809,NODE-8531,SATCOM,201,1405,SUCCESS
2025-01-01 04:35:03,NODE-7846,NODE-6961,RF,86,352,SUCCESS
2025-01-01 04:35:05,NODE-1572,NODE-6496,RF,246,813,SUCCESS
2025-01-01 04:35:08,NODE-8320,NODE-6549,RF,212,555,SUCCESS
2025-01-01 04:35:10,NODE-4140,NODE-7444,FIBER,76,271,SUCCESS
2025-01-01 04:35:12,NODE-9273,NODE-1818,RF,155,1180,SUCCESS
2025-01-01 04:35:15,NODE-3738,NODE-6405,SATCOM,2220,5336,FAIL
2025-01-01 04:35:18,NODE-1393,NODE-7488,SATCOM,1528,1460,DELAY
2025-01-01 04:35:19,NODE-2364,NODE-8989,FIBER,1823,5421,FAIL
2025-01-01 04:35:20,NODE-5994,NODE-1881,RF,145,530,SUCCESS
2025-01-01 04:35:23,NODE-8932,NODE-9894,FIBER,173,240,SUCCESS
2025-01-01 04:35:24,NODE-6150,NODE-4403,RF,61,348,SUCCESS
2025-01-01 04:35:27,NODE-7021,NODE-9639,SATCOM,141,220,SUCCESS
2025-01-01 04:35:29,NODE-2696,NODE-8850,RF,160,437,SUCCESS
2025-01-01 04:35:33,NODE-2929,NODE-4302,FIBER,182,927,SUCCESS
2025-01-01 04:35:34,NODE-3667,NODE-3402,SATCOM,1296,1072,DELAY
2025-01-01 04:35:38,NODE-2626,NODE-8394,SATCOM,123,1270,SUCCESS
2025-01-01 04:35:41,NODE-4962,NODE-7487,SATCOM,59,1183,SUCCESS
2025-01-01 04:35:42,NODE-9447,NODE-2367,RF,191,822,SUCCESS
2025-01-01 04:35:44,NODE-3510,NODE-6615,RF,1217,373,DELAY
2025-01-01 04:35:45,NODE-1612,NODE-2799,FIBER,248,360,SUCCESS
2025-01-01 04:35:49,NODE-1604,NODE-7235,SATCOM,87,1059,SUCCESS
2025-01-01 04:35:52,NODE-2383,NODE-8318,RF,117,243,SUCCESS
2025-01-01 04:35:54,NODE-3576,NODE-7769,FIBER,166,592,SUCCESS
2025-01-01 04:35:58,NODE-3678,NODE-5122,SATCOM,164,863,SUCCESS
2025-01-01 04:35:59,NODE-2188,NODE-6157,FIBER,68,949,SUCCESS
2025-01-01 04:36:02,NODE-1337,NODE-1594,RF,103,1420,SUCCESS
2025-01-01 04:36:06,NODE-7776,NODE-6836,RF,175,435,SUCCESS
2025-01-01 04:36:08,NODE-6469,NODE-8307,FIBER,86,1442,SUCCESS
2025-01-01 04:36:10,NODE-5279,NODE-4693,RF,178,283,SUCCESS
2025-01-01 04:36:14,NODE-8528,NODE-2224,FIBER,225,555,SUCCESS
2025-01-01 04:36:16,NODE-7294,NODE-4548,SATCOM,233,1499,SUCCESS
2025-01-01 04:36:18,NODE-3193,NODE-6543,SATCOM,129,923,SUCCESS
2025-01-01 04:36:21,NODE-2411,NODE-6688,SATCOM,189,879,SUCCESS
2025-01-01 04:36:22,NODE-6267,NODE-9550,FIBER,116,1496,SUCCESS
2025-01-01 04:36:24,NODE-9492,NODE-1071,SATCOM,50,643,SUCCESS
2025-01-01 04:36:27,NODE-2935,NODE-5331,SATCOM,237,1356,SUCCESS
2025-01-01 04:36:31,NODE-5416,NODE-8255,FIBER,98,1023,SUCCESS
2025-01-01 04:36:34,NODE-7040,NODE-6513,RF,94,1287,SUCCESS
2025-01-01 04:36:38,NODE-9109,NODE-7707,RF,246,1388,SUCCESS
2025-01-01 04:36:40,NODE-5222,NODE-9607,RF,104,1006,SUCCESS
2025-01-01 04:36:43,NODE-7340,NODE-2839,SATCOM,185,1088,SUCCESS
2025-01-01 04:36:47,NODE-8844,NODE-6496,RF,41,638,SUCCESS
2025-01-01 04:36:49,NODE-1288,NODE-9044,RF,58,201,SUCCESS
2025-01-01 04:36:53,NODE-4527,NODE-7408,FIBER,208,335,SUCCESS
2025-01-01 04:36:54,NODE-3956,NODE-5265,RF,130,340,SUCCESS
2025-01-01 04:36:56,NODE-1118,NODE-5486,SATCOM,164,1183,SUCCESS
2025-01-01 04:36:57,NODE-7656,NODE-7505,RF,114,1097,SUCCESS
2025-01-01 04:37:01,NODE-3620,NODE-1688,RF,109,700,SUCCESS
2025-01-01 04:37:05,NODE-3644,NODE-8091,FIBER,86,280,SUCCESS
2025-01-01 04:37:06,NODE-9103,NODE-9228,RF,127,1149,SUCCESS
2025-01-01 04:37:08,NODE-9358,NODE-1700,RF,229,604,SUCCESS
2025-01-01 04:37:12,NODE-7379,NODE-5242,FIBER,64,1196,SUCCESS
2025-01-01 04:37:13,NODE-2242,NODE-2511,SATCOM,1086,1367,DELAY
2025-01-01 04:37:17,NODE-3875,NODE-3723,RF,219,1300,SUCCESS
2025-01-01 04:37:20,NODE-1050,NODE-1683,SATCOM,107,910,SUCCESS
2025-01-01 04:37:22,NODE-8349,NODE-4588,SATCOM,175,551,SUCCESS
2025-01-01 04:37:23,NODE-6150,NODE-1343,SATCOM,147,555,SUCCESS
2025-01-01 04:37:25,NODE-9564,NODE-1890,RF,237,390,SUCCESS
2025-01-01 04:37:28,NODE-8120,NODE-5513,FIBER,218,208,SUCCESS
2025-01-01 04:37:29,NODE-6423,NODE-2113,FIBER,190,919,SUCCESS
2025-01-01 04:37:32,NODE-7975,NODE-4095,SATCOM,82,620,SUCCESS
2025-01-01 04:37:36,NODE-8682,NODE-1288,SATCOM,239,1198,SUCCESS
2025-01-01 04:37:37,NODE-4958,NODE-1749,SATCOM,75,1425,SUCCESS
2025-01-01 04:37:39,NODE-8645,NODE-7865,RF,202,1471,SUCCESS
2025-01-01 04:37:41,NODE-8224,NODE-8164,FIBER,2144,6467,FAIL
2025-01-01 04:37:42,NODE-7526,NODE-8815,FIBER,161,580,SUCCESS
2025-01-01 04:37:46,NODE-1805,NODE-4573,RF,98,1379,SUCCESS
2025-01-01 04:37:48,NODE-6430,NODE-3643,SATCOM,220,1009,SUCCESS
2025-01-01 04:37:49,NODE-4146,NODE-2968,SATCOM,129,281,SUCCESS
2025-01-01 04:37:50,NODE-2633,NODE-2591,SATCOM,112,1332,SUCCESS
2025-01-01 04:37:51,NODE-8830,NODE-4216,FIBER,166,246,SUCCESS
2025-01-01 04:37:53,NODE-1593,NODE-3989,RF,2039,3740,FAIL
2025-01-01 04:37:55,NODE-6176,NODE-9477,SATCOM,78,1290,SUCCESS
2025-01-01 04:37:58,NODE-6624,NODE-3316,SATCOM,48,227,SUCCESS
2025-01-01 04:37:59,NODE-3999,NODE-8550,FIBER,1006,1410,DELAY
2025-01-01 04:38:00,NODE-4802,NODE-9733,FIBER,148,1004,SUCCESS
2025-01-01 04:38:03,NODE-7405,NODE-2018,FIBER,226,437,SUCCESS
2025-01-01 04:38:04,NODE-6291,NODE-4249,SATCOM,156,1070,SUCCESS
2025-01-01 04:38:06,NODE-1788,NODE-6972,SATCOM,234,209,SUCCESS
2025-01-01 04:38:09,NODE-9619,NODE-9884,SATCOM,204,618,SUCCESS
2025-01-01 04:38:13,NODE-5036,NODE-5393,SATCOM,161,721,SUCCESS
2025-01-01 04:38:14,NODE-1171,NODE-8540,RF,134,881,SUCCESS
2025-01-01 04:38:15,NODE-5643,NODE-3873,FIBER,186,320,SUCCESS
2025-01-01 04:38:19,NODE-9098,NODE-2487,RF,215,837,SUCCESS
2025-01-01 04:38:20,NODE-9517,NODE-6390,RF,132,1102,SUCCESS
2025-01-01 04:38:23,NODE-2812,NODE-3776,SATCOM,176,404,SUCCESS
2025-01-01 04:38:26,NODE-1608,NODE-1159,SATCOM,138,1323,SUCCESS
2025-01-01 04:38:29,NODE-5556,NODE-8096,RF,210,202,SUCCESS
2025-01-01 04:38:30,NODE-5863,NODE-9505,SATCOM,131,233,SUCCESS
2025-01-01 04:38:31,NODE-1229,NODE-3909,RF,177,1364,SUCCESS
2025-01-01 04:38:35,NODE-3558,NODE-9878,FIBER,55,723,SUCCESS
2025-01-01 04:38:38,NODE-9946,NODE-9539,RF,69,213,SUCCESS
2025-01-01 04:38:41,NODE-5505,NODE-7359,FIBER,207,1097,SUCCESS
2025-01-01 04:38:45,NODE-5078,NODE-5182,RF,101,1403,SUCCESS
2025-01-01 04:38:48,NODE-1756,NODE-2629,FIBER,1247,1408,DELAY
2025-01-01 04:38:52,NODE-2780,NODE-2394,FIBER,118,564,SUCCESS
2025-01-01 04:38:56,NODE-5696,NODE-2235,RF,101,1273,SUCCESS
2025-01-01 04:38:58,NODE-1846,NODE-8456,SATCOM,120,1446,SUCCESS
2025-01-01 04:38:59,NODE-1253,NODE-7197,SATCOM,238,1289,SUCCESS
2025-01-01 04:39:02,NODE-7484,NODE-6235,SATCOM,156,885,SUCCESS
2025-01-01 04:39:03,NODE-6698,NODE-1844,SATCOM,77,1395,SUCCESS
2025-01-01 04:39:04,NODE-1319,NODE-4747,SATCOM,820,665,DELAY
2025-01-01 04:39:08,NODE-3624,NODE-7844,RF,1056,602,DELAY
2025-01-01 04:39:12,NODE-7330,NODE-9004,SATCOM,1556,296,DELAY
2025-01-01 04:39:13,NODE-1000,NODE-7494,RF,173,591,SUCCESS
2025-01-01 04:39:16,NODE-2797,NODE-6658,SATCOM,68,672,SUCCESS
2025-01-01 04:39:18,NODE-6430,NODE-7156,RF,103,452,SUCCESS
2025-01-01 04:39:19,NODE-5334,NODE-7650,SATCOM,134,540,SUCCESS
2025-01-01 04:39:22,NODE-3807,NODE-3553,FIBER,2630,5437,FAIL
2025-01-01 04:39:25,NODE-6638,NODE-8649,FIBER,121,332,SUCCESS
2025-01-01 04:39:26,NODE-3294,NODE-8092,SATCOM,91,703,SUCCESS
2025-01-01 04:39:30,NODE-2440,NODE-1900,SATCOM,83,564,SUCCESS
2025-01-01 04:39:34,NODE-5984,NODE-9512,FIBER,168,1334,SUCCESS
2025-01-01 04:39:35,NODE-2068,NODE-6229,FIBER,161,1033,SUCCESS
2025-01-01 04:39:39,NODE-2781,NODE-4195,RF,102,1354,SUCCESS
2025-01-01 04:39:41,NODE-5671,NODE-5569,FIBER,929,666,DELAY
2025-01-01 04:39:44,NODE-8941,NODE-1071,SATCOM,110,720,SUCCESS
2025-01-01 04:39:48,NODE-8785,NODE-1557,FIBER,50,1044,SUCCESS
2025-01-01 04:39:49,NODE-2767,NODE-8541,SATCOM,191,1046,SUCCESS
2025-01-01 04:39:51,NODE-4298,NODE-1663,FIBER,872,362,DELAY
2025-01-01 04:39:52,NODE-7527,NODE-1007,RF,151,254,SUCCESS
2025-01-01 04:39:55,NODE-2759,NODE-4954,SATCOM,1172,606,DELAY
2025-01-01 04:39:57,NODE-5159,NODE-4266,SATCOM,95,218,SUCCESS
2025-01-01 04:40:01,NODE-2015,NODE-1009,SATCOM,2106,5237,FAIL
2025-01-01 04:40:03,NODE-7232,NODE-4645,RF,80,1237,SUCCESS
2025-01-01 04:40:04,NODE-3112,NODE-7936,RF,1103,523,DELAY
2025-01-01 04:40:08,NODE-2942,NODE-8505,RF,2514,3534,FAIL
2025-01-01 04:40:11,NODE-3691,NODE-3559,FIBER,54,365,SUCCESS
2025-01-01 04:40:15,NODE-5783,NODE-9625,SATCOM,895,447,DELAY
2025-01-01 04:40:17,NODE-1316,NODE-1391,FIBER,84,487,SUCCESS
2025-01-01 04:40:21,NODE-4618,NODE-6290,SATCOM,196,239,SUCCESS
2025-01-01 04:40:24,NODE-3288,NODE-3050,RF,91,792,SUCCESS
2025-01-01 04:40:28,NODE-5650,NODE-8595,FIBER,111,467,SUCCESS
2025-01-01 04:40:32,NODE-4680,NODE-7709,RF,1556,535,DELAY
2025-01-01 04:40:34,NODE-3713,NODE-6763,RF,82,395,SUCCESS
2025-01-01 04:40:37,NODE-8360,NODE-6872,SATCOM,186,1076,SUCCESS
2025-01-01 04:40:40,NODE-5112,NODE-6622,SATCOM,167,1353,SUCCESS
2025-01-01 04:40:43,NODE-7690,NODE-6263,FIBER,65,455,SUCCESS
2025-01-01 04:40:47,NODE-8247,NODE-9054,RF,184,1455,SUCCESS
2025-01-01 04:40:49,NODE-2665,NODE-9074,SATCOM,227,1043,SUCCESS
2025-01-01 04:40:52,NODE-4360,NODE-7663,SATCOM,44,949,SUCCESS
2025-01-01 04:40:55,NODE-8071,NODE-8270,FIBER,84,1087,SUCCESS
2025-01-01 04:40:59,NODE-6773,NODE-9940,SATCOM,88,699,SUCCESS
2025-01-01 04:41:03,NODE-1972,NODE-6890,FIBER,2612,5335,FAIL
2025-01-01 04:41:04,NODE-5816,NODE-1012,SATCOM,199,1055,SUCCESS
2025-01-01 04:41:06,NODE-7916,NODE-8483,SATCOM,104,1392,SUCCESS
2025-01-01 04:41:09,NODE-8866,NODE-3952,FIBER,184,511,SUCCESS
2025-01-01 04:41:13,NODE-7366,NODE-2921,RF,95,244,SUCCESS
2025-01-01 04:41:17,NODE-3481,NODE-1300,SATCOM,73,1357,SUCCESS
2025-01-01 04:41:21,NODE-8135,NODE-4956,RF,73,771,SUCCESS
2025-01-01 04:41:25,NODE-9936,NODE-6088,FIBER,131,1403,SUCCESS
2025-01-01 04:41:28,NODE-9092,NODE-6693,RF,95,668,SUCCESS
2025-01-01 04:41:30,NODE-9469,NODE-3744,FIBER,190,1247,SUCCESS
2025-01-01 04:41:33,NODE-7404,NODE-4942,SATCOM,127,588,SUCCESS
2025-01-01 04:41:36,NODE-5402,NODE-6262,RF,212,1366,SUCCESS
2025-01-01 04:41:40,NODE-2569,NODE-6227,SATCOM,105,757,SUCCESS
2025-01-01 04:41:44,NODE-5533,NODE-5060,FIBER,158,1251,SUCCESS
2025-01-01 04:41:47,NODE-1203,NODE-7676,SATCOM,58,472,SUCCESS
2025-01-01 04:41:50,NODE-5107,NODE-4767,FIBER,42,666,SUCCESS
2025-01-01 04:41:53,NODE-4498,NODE-6581,RF,154,1353,SUCCESS
2025-01-01 04:41:57,NODE-7653,NODE-1464,SATCOM,132,1318,SUCCESS
2025-01-01 04:42:00,NODE-1853,NODE-8370,SATCOM,2201,3126,FAIL
2025-01-01 04:42:02,NODE-1001,NODE-6408,FIBER,82,467,SUCCESS
2025-01-01 04:42:03,NODE-6659,NODE-5634,RF,220,751,SUCCESS
2025-01-01 04:42:06,NODE-9583,NODE-1239,FIBER,171,1249,SUCCESS
2025-01-01 04:42:09,NODE-5257,NODE-8989,SATCOM,59,531,SUCCESS
2025-01-01 04:42:12,NODE-7755,NODE-1739,FIBER,1580,900,DELAY
2025-01-01 04:42:15,NODE-4090,NODE-3411,FIBER,1171,268,DELAY
2025-01-01 04:42:18,NODE-1816,NODE-1606,SATCOM,167,1167,SUCCESS
2025-01-01 04:42:20,NODE-8572,NODE-4734,RF,1098,961,DELAY
2025-01-01 04:42:24,NODE-5349,NODE-8185,SATCOM,194,879,SUCCESS
2025-01-01 04:42:28,NODE-2808,NODE-8045,SATCOM,200,819,SUCCESS
2025-01-01 04:42:32,NODE-5455,NODE-2651,RF,221,755,SUCCESS
2025-01-01 04:42:36,NODE-8041,NODE-8293,SATCOM,1386,1104,DELAY
2025-01-01 04:42:40,NODE-4514,NODE-4667,SATCOM,124,1173,SUCCESS
2025-01-01 04:42:43,NODE-7987,NODE-2866,FIBER,96,302,SUCCESS
2025-01-01 04:42:46,NODE-8285,NODE-6147,RF,1308,724,DELAY
2025-01-01 04:42:47,NODE-8941,NODE-2757,SATCOM,110,272,SUCCESS
2025-01-01 04:42:48,NODE-3750,NODE-1654,RF,96,1126,SUCCESS
2025-01-01 04:42:50,NODE-5561,NODE-3055,RF,122,845,SUCCESS
2025-01-01 04:42:53,NODE-3092,NODE-2760,RF,154,1109,SUCCESS
2025-01-01 04:42:54,NODE-8802,NODE-2408,SATCOM,203,206,SUCCESS
2025-01-01 04:42:57,NODE-3741,NODE-4443,SATCOM,193,865,SUCCESS
2025-01-01 04:43:01,NODE-5345,NODE-7772,SATCOM,163,587,SUCCESS
2025-01-01 04:43:05,NODE-7629,NODE-7927,SATCOM,178,555,SUCCESS
2025-01-01 04:43:07,NODE-4431,NODE-6211,RF,1527,988,DELAY
2025-01-01 04:43:10,NODE-2915,NODE-5829,RF,2680,3384,FAIL
2025-01-01 04:43:11,NODE-2260,NODE-8486,RF,216,913,SUCCESS
2025-01-01 04:43:15,NODE-2952,NODE-8743,RF,1573,677,DELAY
2025-01-01 04:43:18,NODE-4040,NODE-4383,RF,203,977,SUCCESS
2025-01-01 04:43:20,NODE-3975,NODE-5519,SATCOM,202,264,SUCCESS
2025-01-01 04:43:22,NODE-4507,NODE-2939,RF,136,1500,SUCCESS
2025-01-01 04:43:26,NODE-3000,NODE-9581,FIBER,63,1467,SUCCESS
2025-01-01 04:43:30,NODE-7477,NODE-2080,FIBER,232,1375,SUCCESS
2025-01-01 04:43:34,NODE-6418,NODE-7956,RF,91,214,SUCCESS
2025-01-01 04:43:37,NODE-5885,NODE-2039,SATCOM,154,1133,SUCCESS
2025-01-01 04:43:41,NODE-4610,NODE-1300,SATCOM,213,852,SUCCESS
2025-01-01 04:43:43,NODE-1000,NODE-1517,SATCOM,169,770,SUCCESS
2025-01-01 04:43:46,NODE-7935,NODE-4082,RF,199,543,SUCCESS
2025-01-01 04:43:48,NODE-4408,NODE-8676,SATCOM,46,1407,SUCCESS
2025-01-01 04:43:50,NODE-8039,NODE-8183,SATCOM,138,1343,SUCCESS
2025-01-01 04:43:53,NODE-6767,NODE-7197,SATCOM,1191,1198,DELAY
2025-01-01 04:43:57,NODE-7576,NODE-4294,FIBER,229,1281,SUCCESS
2025-01-01 04:43:59,NODE-1406,NODE-2054,FIBER,187,641,SUCCESS
2025-01-01 04:44:02,NODE-5751,NODE-7107,FIBER,201,879,SUCCESS
2025-01-01 04:44:05,NODE-1625,NODE-4043,RF,57,405,SUCCESS
2025-01-01 04:44:08,NODE-2475,NODE-9361,FIBER,193,1381,SUCCESS
2025-01-01 04:44:10,NODE-8278,NODE-3996,SATCOM,140,783,SUCCESS
2025-01-01 04:44:14,NODE-5224,NODE-6393,FIBER,2537,3085,FAIL
2025-01-01 04:44:16,NODE-5835,NODE-5287,SATCOM,229,1394,SUCCESS
2025-01-01 04:44:19,NODE-8390,NODE-7724,RF,1439,1390,DELAY
2025-01-01 04:44:23,NODE-8340,NODE-9858,RF,51,937,SUCCESS
2025-01-01 04:44:27,NODE-9920,NODE-4023,SATCOM,172,1430,SUCCESS
2025-01-01 04:44:30,NODE-6060,NODE-4519,FIBER,177,1000,SUCCESS
2025-01-01 04:44:33,NODE-6773,NODE-6513,RF,52,331,SUCCESS
2025-01-01 04:44:36,NODE-3058,NODE-3010,SATCOM,129,593,SUCCESS
2025-01-01 04:44:40,NODE-8782,NODE-9376,FIBER,206,493,SUCCESS
2025-01-01 04:44:44,NODE-2425,NODE-8384,RF,204,621,SUCCESS
2025-01-01 04:44:45,NODE-3544,NODE-2794,FIBER,82,369,SUCCESS
2025-01-01 04:44:47,NODE-6123,NODE-9754,RF,73,1141,SUCCESS
2025-01-01 04:44:51,NODE-6623,NODE-3139,RF,97,330,SUCCESS
2025-01-01 04:44:54,NODE-4207,NODE-6100,SATCOM,213,622,SUCCESS
2025-01-01 04:44:57,NODE-5665,NODE-8175,RF,986,977,DELAY
2025-01-01 04:45:01,NODE-1879,NODE-5895,FIBER,110,615,SUCCESS
2025-01-01 04:45:05,NODE-2535,NODE-7601,FIBER,68,987,SUCCESS
2025-01-01 04:45:09,NODE-3139,NODE-3135,FIBER,2678,3738,FAIL
2025-01-01 04:45:13,NODE-8468,NODE-4202,RF,225,962,SUCCESS
2025-01-01 04:45:16,NODE-8990,NODE-3933,RF,212,639,SUCCESS
2025-01-01 04:45:18,NODE-3183,NODE-1415,FIBER,200,1073,SUCCESS
2025-01-01 04:45:20,NODE-2192,NODE-4841,RF,184,399,SUCCESS
2025-01-01 04:45:23,NODE-6552,NODE-8621,SATCOM,234,1102,SUCCESS
2025-01-01 04:45:24,NODE-8634,NODE-8689,FIBER,230,1289,SUCCESS
2025-01-01 04:45:27,NODE-4145,NODE-6676,SATCOM,1316,1013,DELAY
2025-01-01 04:45:28,NODE-5729,NODE-4523,FIBER,120,871,SUCCESS
2025-01-01 04:45:29,NODE-4925,NODE-7727,FIBER,107,321,SUCCESS
2025-01-01 04:45:31,NODE-9261,NODE-7705,RF,129,456,SUCCESS
2025-01-01 04:45:35,NODE-4284,NODE-4464,FIBER,135,1261,SUCCESS
2025-01-01 04:45:38,NODE-2151,NODE-7091,SATCOM,79,217,SUCCESS
2025-01-01 04:45:40,NODE-6812,NODE-2612,RF,216,1437,SUCCESS
2025-01-01 04:45:42,NODE-4735,NODE-5127,RF,828,338,DELAY
2025-01-01 04:45:44,NODE-8190,NODE-9975,SATCOM,148,576,SUCCESS
2025-01-01 04:45:45,NODE-6845,NODE-8264,RF,110,471,SUCCESS
2025-01-01 04:45:46,NODE-7592,NODE-5878,FIBER,173,1483,SUCCESS
2025-01-01 04:45:48,NODE-9065,NODE-8615,FIBER,232,1454,SUCCESS
2025-01-01 04:45:52,NODE-8101,NODE-6941,FIBER,71,707,SUCCESS
2025-01-01 04:45:53,NODE-8720,NODE-5576,SATCOM,56,1401,SUCCESS
2025-01-01 04:45:54,NODE-8275,NODE-6252,FIBER,185,1066,SUCCESS
2025-01-01 04:45:56,NODE-8798,NODE-9384,RF,205,1316,SUCCESS
2025-01-01 04:45:57,NODE-6099,NODE-5658,FIBER,1194,618,DELAY
2025-01-01 04:45:58,NODE-7320,NODE-9409,RF,101,801,SUCCESS
2025-01-01 04:45:59,NODE-1145,NODE-3680,RF,149,1223,SUCCESS
2025-01-01 04:46:03,NODE-1747,NODE-7996,SATCOM,93,348,SUCCESS
2025-01-01 04:46:05,NODE-8280,NODE-5378,RF,99,549,SUCCESS
2025-01-01 04:46:09,NODE-3548,NODE-6783,RF,204,751,SUCCESS
2025-01-01 04:46:13,NODE-6585,NODE-2532,FIBER,49,813,SUCCESS
2025-01-01 04:46:14,NODE-5856,NODE-3812,FIBER,220,688,SUCCESS
2025-01-01 04:46:17,NODE-7924,NODE-1751,FIBER,206,1318,SUCCESS
2025-01-01 04:46:19,NODE-9507,NODE-7370,FIBER,92,570,SUCCESS
2025-01-01 04:46:23,NODE-7020,NODE-2707,RF,175,1309,SUCCESS
2025-01-01 04:46:27,NODE-8482,NODE-5658,RF,150,652,SUCCESS
2025-01-01 04:46:30,NODE-5575,NODE-2254,RF,109,728,SUCCESS
2025-01-01 04:46:31,NODE-8389,NODE-5020,SATCOM,161,585,SUCCESS
2025-01-01 04:46:35,NODE-3254,NODE-2796,SATCOM,236,335,SUCCESS
2025-01-01 04:46:39,NODE-2341,NODE-4364,RF,133,1326,SUCCESS
2025-01-01 04:46:43,NODE-9660,NODE-9753,RF,99,1203,SUCCESS
2025-01-01 04:46:47,NODE-1714,NODE-1215,RF,1880,5739,FAIL
2025-01-01 04:46:50,NODE-2231,NODE-1344,SATCOM,181,938,SUCCESS
2025-01-01 04:46:52,NODE-4896,NODE-5005,SATCOM,237,1044,SUCCESS
2025-01-01 04:46:54,NODE-2107,NODE-3286,RF,179,1165,SUCCESS
2025-01-01 04:46:57,NODE-7582,NODE-1117,SATCOM,200,1268,SUCCESS
2025-01-01 04:47:00,NODE-3374,NODE-6840,SATCOM,149,632,SUCCESS
2025-01-01 04:47:01,NODE-7605,NODE-1279,FIBER,923,804,DELAY
2025-01-01 04:47:04,NODE-3911,NODE-5379,RF,152,738,SUCCESS
2025-01-01 04:47:05,NODE-7846,NODE-9930,RF,233,325,SUCCESS
2025-01-01 04:47:07,NODE-4356,NODE-3033,FIBER,200,674,SUCCESS
2025-01-01 04:47:08,NODE-6531,NODE-3169,FIBER,243,533,SUCCESS
2025-01-01 04:47:09,NODE-5503,NODE-1985,SATCOM,41,740,SUCCESS
2025-01-01 04:47:13,NODE-2186,NODE-9532,FIBER,223,443,SUCCESS
2025-01-01 04:47:14,NODE-8494,NODE-4243,SATCOM,46,1323,SUCCESS
2025-01-01 04:47:16,NODE-7250,NODE-2713,FIBER,67,211,SUCCESS
2025-01-01 04:47:19,NODE-4053,NODE-7751,RF,199,1399,SUCCESS
2025-01-01 04:47:22,NODE-1513,NODE-9133,FIBER,198,296,SUCCESS
2025-01-01 04:47:25,NODE-1426,NODE-7216,FIBER,249,1377,SUCCESS
2025-01-01 04:47:26,NODE-6684,NODE-7372,RF,50,1036,SUCCESS
2025-01-01 04:47:27,NODE-4150,NODE-8264,FIBER,244,1401,SUCCESS
2025-01-01 04:47:30,NODE-5077,NODE-4325,FIBER,66,1382,SUCCESS
2025-01-01 04:47:34,NODE-4601,NODE-6493,RF,107,922,SUCCESS
2025-01-01 04:47:35,NODE-7352,NODE-6518,FIBER,1219,229,DELAY
2025-01-01 04:47:36,NODE-3456,NODE-9799,FIBER,91,812,SUCCESS
2025-01-01 04:47:38,NODE-8509,NODE-7066,FIBER,91,1006,SUCCESS
2025-01-01 04:47:39,NODE-7069,NODE-2700,RF,248,519,SUCCESS
2025-01-01 04:47:40,NODE-2759,NODE-7646,RF,118,1422,SUCCESS
2025-01-01 04:47:42,NODE-8936,NODE-9848,RF,155,792,SUCCESS
2025-01-01 04:47:44,NODE-4962,NODE-4762,FIBER,104,1142,SUCCESS
2025-01-01 04:47:47,NODE-1341,NODE-6801,SATCOM,238,509,SUCCESS
2025-01-01 04:47:49,NODE-8931,NODE-7799,SATCOM,78,1394,SUCCESS
2025-01-01 04:47:51,NODE-3423,NODE-4621,FIBER,140,231,SUCCESS
2025-01-01 04:47:53,NODE-3018,NODE-8797,FIBER,103,537,SUCCESS
2025-01-01 04:47:54,NODE-6239,NODE-9806,SATCOM,97,837,SUCCESS
2025-01-01 04:47:56,NODE-1781,NODE-2590,RF,169,700,SUCCESS
2025-01-01 04:48:00,NODE-8138,NODE-5471,RF,115,266,SUCCESS
2025-01-01 04:48:01,NODE-5586,NODE-9587,RF,1015,718,DELAY
2025-01-01 04:48:02,NODE-7837,NODE-3930,FIBER,110,329,SUCCESS
2025-01-01 04:48:06,NODE-7026,NODE-7238,FIBER,2963,3828,FAIL
2025-01-01 04:48:07,NODE-1058,NODE-4489,RF,162,213,SUCCESS
2025-01-01 04:48:11,NODE-5275,NODE-1006,SATCOM,235,1242,SUCCESS
2025-01-01 04:48:15,NODE-8734,NODE-4997,FIBER,72,1070,SUCCESS
2025-01-01 04:48:17,NODE-5499,NODE-6855,RF,133,1148,SUCCESS
2025-01-01 04:48:19,NODE-2515,NODE-4986,FIBER,73,1177,SUCCESS
2025-01-01 04:48:22,NODE-6904,NODE-6360,SATCOM,73,466,SUCCESS
2025-01-01 04:48:24,NODE-6765,NODE-1124,FIBER,102,733,SUCCESS
2025-01-01 04:48:28,NODE-1126,NODE-6624,FIBER,93,728,SUCCESS
2025-01-01 04:48:32,NODE-3950,NODE-8055,RF,88,1078,SUCCESS
2025-01-01 04:48:35,NODE-7235,NODE-4331,FIBER,40,1317,SUCCESS
2025-01-01 04:48:39,NODE-8103,NODE-8153,SATCOM,182,689,SUCCESS
2025-01-01 04:48:43,NODE-2068,NODE-3861,RF,72,1490,SUCCESS
2025-01-01 04:48:45,NODE-7723,NODE-9882,RF,190,970,SUCCESS
2025-01-01 04:48:47,NODE-3713,NODE-6207,SATCOM,55,954,SUCCESS
2025-01-01 04:48:50,NODE-8286,NODE-8638,FIBER,87,681,SUCCESS
2025-01-01 04:48:52,NODE-5713,NODE-8454,RF,69,1291,SUCCESS
2025-01-01 04:48:54,NODE-8824,NODE-3289,RF,243,646,SUCCESS
2025-01-01 04:48:56,NODE-6831,NODE-4907,SATCOM,145,363,SUCCESS
2025-01-01 04:48:57,NODE-6453,NODE-1271,RF,1319,508,DELAY
2025-01-01 04:48:59,NODE-6076,NODE-6438,SATCOM,973,967,DELAY
2025-01-01 04:49:01,NODE-1854,NODE-8515,RF,840,506,DELAY
2025-01-01 04:49:05,NODE-9164,NODE-9647,FIBER,50,512,SUCCESS
2025-01-01 04:49:08,NODE-7956,NODE-8914,SATCOM,106,1331,SUCCESS
2025-01-01 04:49:11,NODE-9436,NODE-4507,RF,74,632,SUCCESS
2025-01-01 04:49:12,NODE-1308,NODE-3799,SATCOM,159,918,SUCCESS
2025-01-01 04:49:15,NODE-1485,NODE-4000,SATCOM,148,1189,SUCCESS
2025-01-01 04:49:16,NODE-3678,NODE-1457,RF,203,1331,SUCCESS
2025-01-01 04:49:20,NODE-3927,NODE-1883,FIBER,2521,5466,FAIL
2025-01-01 04:49:21,NODE-7473,NODE-4102,RF,62,694,SUCCESS
2025-01-01 04:49:22,NODE-7837,NODE-7901,FIBER,47,648,SUCCESS
2025-01-01 04:49:23,NODE-3085,NODE-1077,RF,94,570,SUCCESS
2025-01-01 04:49:27,NODE-8316,NODE-4678,RF,2008,4301,FAIL
2025-01-01 04:49:31,NODE-2866,NODE-2412,SATCOM,127,1223,SUCCESS
2025-01-01 04:49:35,NODE-5253,NODE-9555,RF,108,1405,SUCCESS
2025-01-01 04:49:38,NODE-4105,NODE-2474,RF,152,1103,SUCCESS
2025-01-01 04:49:40,NODE-6546,NODE-6039,RF,96,1051,SUCCESS
2025-01-01 04:49:41,NODE-8122,NODE-7371,SATCOM,220,535,SUCCESS
2025-01-01 04:49:43,NODE-1945,NODE-3667,SATCOM,222,497,SUCCESS
2025-01-01 04:49:46,NODE-6259,NODE-7867,FIBER,887,657,DELAY
2025-01-01 04:49:49,NODE-3796,NODE-4085,RF,1311,970,DELAY
2025-01-01 04:49:51,NODE-5020,NODE-4806,RF,183,739,SUCCESS
2025-01-01 04:49:54,NODE-4025,NODE-1398,RF,244,763,SUCCESS
2025-01-01 04:49:57,NODE-3243,NODE-6000,SATCOM,79,725,SUCCESS
2025-01-01 04:49:58,NODE-5285,NODE-9053,SATCOM,65,1496,SUCCESS
2025-01-01 04:50:02,NODE-2308,NODE-6535,SATCOM,76,434,SUCCESS
2025-01-01 04:50:03,NODE-8399,NODE-4417,RF,250,701,SUCCESS
2025-01-01 04:50:04,NODE-8283,NODE-7879,SATCOM,2369,3577,FAIL
2025-01-01 04:50:06,NODE-8592,NODE-8192,RF,169,913,SUCCESS
2025-01-01 04:50:08,NODE-5665,NODE-1875,FIBER,217,979,SUCCESS
2025-01-01 04:50:11,NODE-3815,NODE-3774,FIBER,78,1344,SUCCESS
2025-01-01 04:50:13,NODE-4577,NODE-1450,SATCOM,88,323,SUCCESS
2025-01-01 04:50:15,NODE-6483,NODE-8374,FIBER,68,1138,SUCCESS
2025-01-01 04:50:16,NODE-8269,NODE-3655,FIBER,120,583,SUCCESS
2025-01-01 04:50:19,NODE-4331,NODE-4248,FIBER,67,1438,SUCCESS
2025-01-01 04:50:23,NODE-4150,NODE-3428,FIBER,66,280,SUCCESS
2025-01-01 04:50:24,NODE-9659,NODE-1053,SATCOM,1437,1431,DELAY
2025-01-01 04:50:26,NODE-9322,NODE-1264,FIBER,201,1427,SUCCESS
2025-01-01 04:50:30,NODE-3181,NODE-3763,SATCOM,154,1407,SUCCESS
2025-01-01 04:50:31,NODE-4314,NODE-5551,SATCOM,200,1173,SUCCESS
2025-01-01 04:50:35,NODE-4876,NODE-1418,RF,234,827,SUCCESS
2025-01-01 04:50:39,NODE-1396,NODE-4736,SATCOM,123,1493,SUCCESS
2025-01-01 04:50:41,NODE-5078,NODE-4981,SATCOM,165,1046,SUCCESS
2025-01-01 04:50:44,NODE-1137,NODE-1512,FIBER,89,724,SUCCESS
2025-01-01 04:50:45,NODE-2731,NODE-7384,RF,46,526,SUCCESS
2025-01-01 04:50:46,NODE-8313,NODE-9789,RF,40,799,SUCCESS
2025-01-01 04:50:48,NODE-7385,NODE-3886,RF,56,1131,SUCCESS
2025-01-01 04:50:51,NODE-9950,NODE-1952,SATCOM,138,601,SUCCESS
2025-01-01 04:50:52,NODE-8411,NODE-7212,SATCOM,216,743,SUCCESS
2025-01-01 04:50:53,NODE-5645,NODE-2889,RF,186,1320,SUCCESS
2025-01-01 04:50:55,NODE-2023,NODE-8958,FIBER,75,843,SUCCESS
2025-01-01 04:50:57,NODE-6765,NODE-4016,RF,88,983,SUCCESS
2025-01-01 04:51:00,NODE-3694,NODE-8046,FIBER,81,832,SUCCESS
2025-01-01 04:51:02,NODE-8535,NODE-2607,SATCOM,156,1469,SUCCESS
2025-01-01 04:51:04,NODE-9990,NODE-1951,RF,42,932,SUCCESS
2025-01-01 04:51:05,NODE-6869,NODE-4215,RF,244,706,SUCCESS
2025-01-01 04:51:08,NODE-4013,NODE-5497,RF,169,625,SUCCESS
2025-01-01 04:51:09,NODE-9687,NODE-1546,FIBER,57,1467,SUCCESS
2025-01-01 04:51:13,NODE-7889,NODE-6635,SATCOM,945,1065,DELAY
2025-01-01 04:51:14,NODE-6279,NODE-8583,RF,168,995,SUCCESS
2025-01-01 04:51:17,NODE-5724,NODE-6435,RF,166,344,SUCCESS
2025-01-01 04:51:20,NODE-8877,NODE-6672,RF,108,1489,SUCCESS
2025-01-01 04:51:21,NODE-4622,NODE-5071,FIBER,928,796,DELAY
2025-01-01 04:51:23,NODE-5556,NODE-1811,RF,113,646,SUCCESS
2025-01-01 04:51:24,NODE-7886,NODE-6586,SATCOM,1472,611,DELAY
2025-01-01 04:51:26,NODE-3193,NODE-5093,SATCOM,1464,1323,DELAY
2025-01-01 04:51:28,NODE-3590,NODE-5488,SATCOM,1002,217,DELAY
2025-01-01 04:51:29,NODE-4966,NODE-5291,SATCOM,50,1045,SUCCESS
2025-01-01 04:51:33,NODE-9237,NODE-7111,FIBER,68,1055,SUCCESS
2025-01-01 04:51:35,NODE-3106,NODE-2376,FIBER,2646,4414,FAIL
2025-01-01 04:51:38,NODE-9882,NODE-1391,RF,223,775,SUCCESS
2025-01-01 04:51:39,NODE-1524,NODE-9494,SATCOM,172,846,SUCCESS
2025-01-01 04:51:42,NODE-1669,NODE-1615,FIBER,180,433,SUCCESS
2025-01-01 04:51:44,NODE-6273,NODE-4023,RF,108,976,SUCCESS
2025-01-01 04:51:48,NODE-7359,NODE-7066,RF,248,888,SUCCESS
2025-01-01 04:51:52,NODE-1507,NODE-9982,SATCOM,213,1124,SUCCESS
2025-01-01 04:51:56,NODE-2019,NODE-2926,RF,78,420,SUCCESS
2025-01-01 04:51:58,NODE-8748,NODE-6908,FIBER,162,1429,SUCCESS
2025-01-01 04:51:59,NODE-3722,NODE-7232,RF,96,1390,SUCCESS
2025-01-01 04:52:03,NODE-6502,NODE-7892,SATCOM,202,1189,SUCCESS
2025-01-01 04:52:07,NODE-5918,NODE-3049,FIBER,169,310,SUCCESS
2025-01-01 04:52:09,NODE-7312,NODE-3379,RF,1407,237,DELAY
2025-01-01 04:52:10,NODE-5062,NODE-3469,RF,971,1242,DELAY
2025-01-01 04:52:14,NODE-3125,NODE-1775,SATCOM,237,686,SUCCESS
2025-01-01 04:52:16,NODE-9993,NODE-4902,RF,47,598,SUCCESS
2025-01-01 04:52:20,NODE-2070,NODE-7890,SATCOM,70,1416,SUCCESS
2025-01-01 04:52:21,NODE-1038,NODE-4684,FIBER,89,1105,SUCCESS
2025-01-01 04:52:24,NODE-8771,NODE-3523,SATCOM,1040,895,DELAY
2025-01-01 04:52:27,NODE-3799,NODE-1315,RF,1128,1031,DELAY
2025-01-01 04:52:30,NODE-9873,NODE-4778,RF,239,744,SUCCESS
2025-01-01 04:52:33,NODE-6346,NODE-2231,FIBER,126,828,SUCCESS
2025-01-01 04:52:36,NODE-7678,NODE-8853,FIBER,70,1271,SUCCESS
2025-01-01 04:52:40,NODE-7007,NODE-2451,RF,119,1236,SUCCESS
2025-01-01 04:52:44,NODE-6026,NODE-3167,SATCOM,145,1379,SUCCESS
2025-01-01 04:52:48,NODE-6123,NODE-4520,SATCOM,2182,6161,FAIL
2025-01-01 04:52:50,NODE-3920,NODE-5608,FIBER,1396,993,DELAY
2025-01-01 04:52:51,NODE-5683,NODE-2992,FIBER,203,354,SUCCESS
2025-01-01 04:52:52,NODE-8433,NODE-3830,RF,156,881,SUCCESS
2025-01-01 04:52:54,NODE-4649,NODE-4027,FIBER,156,1435,SUCCESS
2025-01-01 04:52:57,NODE-5245,NODE-3193,RF,1485,949,DELAY
2025-01-01 04:52:59,NODE-7066,NODE-6002,SATCOM,79,398,SUCCESS
2025-01-01 04:53:03,NODE-4257,NODE-8343,SATCOM,156,220,SUCCESS
2025-01-01 04:53:04,NODE-9064,NODE-5907,FIBER,228,1289,SUCCESS
2025-01-01 04:53:05,NODE-4635,NODE-2295,SATCOM,224,1494,SUCCESS
2025-01-01 04:53:06,NODE-5175,NODE-3322,FIBER,173,1243,SUCCESS
2025-01-01 04:53:10,NODE-1025,NODE-1400,SATCOM,167,1263,SUCCESS
2025-01-01 04:53:14,NODE-4467,NODE-6101,SATCOM,800,1390,DELAY
2025-01-01 04:53:16,NODE-3075,NODE-6358,FIBER,64,422,SUCCESS
2025-01-01 04:53:18,NODE-2488,NODE-7333,SATCOM,103,1150,SUCCESS
2025-01-01 04:53:19,NODE-6223,NODE-8216,RF,244,305,SUCCESS
2025-01-01 04:53:23,NODE-7311,NODE-5177,FIBER,1224,812,DELAY
2025-01-01 04:53:27,NODE-8480,NODE-4161,RF,109,1290,SUCCESS
2025-01-01 04:53:29,NODE-2364,NODE-6907,SATCOM,228,450,SUCCESS
2025-01-01 04:53:30,NODE-3876,NODE-7577,FIBER,1205,489,DELAY
2025-01-01 04:53:33,NODE-6089,NODE-8499,SATCOM,175,1129,SUCCESS
2025-01-01 04:53:36,NODE-5054,NODE-2615,SATCOM,1215,1357,DELAY
2025-01-01 04:53:39,NODE-6216,NODE-7650,SATCOM,1510,1424,DELAY
2025-01-01 04:53:40,NODE-7918,NODE-2544,FIBER,170,800,SUCCESS
2025-01-01 04:53:43,NODE-3199,NODE-7882,RF,45,1173,SUCCESS
2025-01-01 04:53:46,NODE-6834,NODE-4426,SATCOM,86,717,SUCCESS
2025-01-01 04:53:50,NODE-5742,NODE-3188,FIBER,158,571,SUCCESS
2025-01-01 04:53:52,NODE-3944,NODE-2002,RF,59,382,SUCCESS
2025-01-01 04:53:55,NODE-5281,NODE-5669,RF,126,716,SUCCESS
2025-01-01 04:53:59,NODE-8635,NODE-2631,FIBER,115,642,SUCCESS
2025-01-01 04:54:03,NODE-5672,NODE-6900,SATCOM,186,398,SUCCESS
2025-01-01 04:54:07,NODE-3380,NODE-8654,SATCOM,116,804,SUCCESS
2025-01-01 04:54:11,NODE-8845,NODE-1633,FIBER,128,584,SUCCESS
2025-01-01 04:54:12,NODE-4506,NODE-2037,SATCOM,76,798,SUCCESS
2025-01-01 04:54:15,NODE-3952,NODE-4281,FIBER,172,352,SUCCESS
2025-01-01 04:54:18,NODE-8686,NODE-6633,RF,161,1035,SUCCESS
2025-01-01 04:54:19,NODE-1970,NODE-7206,RF,176,539,SUCCESS
2025-01-01 04:54:21,NODE-3957,NODE-8668,RF,172,1370,SUCCESS
2025-01-01 04:54:25,NODE-4861,NODE-1312,RF,70,477,SUCCESS
2025-01-01 04:54:29,NODE-8878,NODE-1957,FIBER,245,852,SUCCESS
2025-01-01 04:54:31,NODE-6054,NODE-3096,FIBER,77,401,SUCCESS
2025-01-01 04:54:32,NODE-4968,NODE-6430,FIBER,67,585,SUCCESS
2025-01-01 04:54:34,NODE-7236,NODE-9257,RF,2037,5863,FAIL
2025-01-01 04:54:35,NODE-3714,NODE-5728,RF,224,787,SUCCESS
2025-01-01 04:54:38,NODE-7121,NODE-1857,FIBER,115,1395,SUCCESS
2025-01-01 04:54:41,NODE-7319,NODE-7774,SATCOM,177,1209,SUCCESS
2025-01-01 04:54:45,NODE-7872,NODE-4584,RF,232,1432,SUCCESS
2025-01-01 04:54:46,NODE-7562,NODE-6992,RF,137,963,SUCCESS
2025-01-01 04:54:49,NODE-6185,NODE-9642,SATCOM,1216,613,DELAY
2025-01-01 04:54:50,NODE-2437,NODE-2708,SATCOM,2725,5280,FAIL
2025-01-01 04:54:54,NODE-7375,NODE-9741,RF,145,713,SUCCESS
2025-01-01 04:54:56,NODE-4312,NODE-6269,SATCOM,191,911,SUCCESS
2025-01-01 04:55:00,NODE-6836,NODE-5369,RF,177,308,SUCCESS
2025-01-01 04:55:04,NODE-5666,NODE-6640,RF,3003,6171,FAIL
2025-01-01 04:55:07,NODE-2273,NODE-3268,FIBER,1335,1160,DELAY
2025-01-01 04:55:10,NODE-5239,NODE-3734,FIBER,225,898,SUCCESS
2025-01-01 04:55:13,NODE-5606,NODE-6739,FIBER,227,506,SUCCESS
2025-01-01 04:55:17,NODE-5644,NODE-7214,SATCOM,71,945,SUCCESS
2025-01-01 04:55:21,NODE-5300,NODE-3203,SATCOM,118,1234,SUCCESS
2025-01-01 04:55:25,NODE-9552,NODE-2709,RF,1185,1109,DELAY
2025-01-01 04:55:26,NODE-8607,NODE-4395,FIBER,959,1310,DELAY
2025-01-01 04:55:29,NODE-1741,NODE-4783,SATCOM,191,276,SUCCESS
2025-01-01 04:55:30,NODE-6580,NODE-3427,SATCOM,216,701,SUCCESS
2025-01-01 04:55:32,NODE-1808,NODE-2297,SATCOM,194,713,SUCCESS
2025-01-01 04:55:33,NODE-9862,NODE-2564,FIBER,92,349,SUCCESS
2025-01-01 04:55:36,NODE-3639,NODE-8149,FIBER,92,1066,SUCCESS
2025-01-01 04:55:40,NODE-8465,NODE-3098,SATCOM,247,689,SUCCESS
2025-01-01 04:55:41,NODE-7644,NODE-1792,RF,2459,4132,FAIL
2025-01-01 04:55:43,NODE-8529,NODE-4814,SATCOM,2353,6052,FAIL
2025-01-01 04:55:45,NODE-5925,NODE-4796,FIBER,60,670,SUCCESS
2025-01-01 04:55:48,NODE-2662,NODE-1630,RF,1558,784,DELAY
2025-01-01 04:55:49,NODE-1023,NODE-5159,FIBER,220,1343,SUCCESS
2025-01-01 04:55:51,NODE-9331,NODE-7666,FIBER,180,1223,SUCCESS
2025-01-01 04:55:53,NODE-5662,NODE-9131,RF,75,964,SUCCESS
2025-01-01 04:55:54,NODE-5171,NODE-1124,SATCOM,164,290,SUCCESS
2025-01-01 04:55:56,NODE-8087,NODE-2768,SATCOM,237,1180,SUCCESS
2025-01-01 04:55:59,NODE-3363,NODE-9199,RF,50,682,SUCCESS
2025-01-01 04:56:02,NODE-8183,NODE-5315,FIBER,156,755,SUCCESS
2025-01-01 04:56:03,NODE-9653,NODE-6323,RF,117,587,SUCCESS
2025-01-01 04:56:07,NODE-6512,NODE-7684,FIBER,84,725,SUCCESS
2025-01-01 04:56:08,NODE-1153,NODE-1700,RF,147,713,SUCCESS
2025-01-01 04:56:10,NODE-9595,NODE-6562,SATCOM,1841,3957,FAIL
2025-01-01 04:56:13,NODE-9136,NODE-5813,SATCOM,929,359,DELAY
2025-01-01 04:56:17,NODE-6467,NODE-8914,SATCOM,229,217,SUCCESS
2025-01-01 04:56:20,NODE-1136,NODE-1047,SATCOM,238,953,SUCCESS
2025-01-01 04:56:24,NODE-6502,NODE-2766,FIBER,1427,648,DELAY
2025-01-01 04:56:27,NODE-9250,NODE-3029,RF,109,1338,SUCCESS
2025-01-01 04:56:30,NODE-2520,NODE-8725,SATCOM,148,1037,SUCCESS
2025-01-01 04:56:31,NODE-1502,NODE-6045,SATCOM,156,1068,SUCCESS
2025-01-01 04:56:32,NODE-6816,NODE-8083,SATCOM,1540,845,DELAY
2025-01-01 04:56:34,NODE-2621,NODE-5969,SATCOM,1063,792,DELAY
2025-01-01 04:56:35,NODE-5312,NODE-7887,FIBER,2228,5448,FAIL
2025-01-01 04:56:38,NODE-2146,NODE-2220,RF,170,614,SUCCESS
2025-01-01 04:56:40,NODE-2369,NODE-3822,FIBER,91,854,SUCCESS
2025-01-01 04:56:41,NODE-6431,NODE-6826,RF,208,1141,SUCCESS
2025-01-01 04:56:44,NODE-6251,NODE-2028,SATCOM,55,291,SUCCESS
2025-01-01 04:56:45,NODE-9556,NODE-5362,FIBER,237,524,SUCCESS
2025-01-01 04:56:48,NODE-4795,NODE-6163,RF,1427,759,DELAY
2025-01-01 04:56:51,NODE-7143,NODE-4369,FIBER,94,1410,SUCCESS
2025-01-01 04:56:54,NODE-2473,NODE-4440,FIBER,238,600,SUCCESS
2025-01-01 04:56:58,NODE-3987,NODE-6880,RF,1330,1465,DELAY
2025-01-01 04:57:00,NODE-9819,NODE-3516,SATCOM,190,1112,SUCCESS
2025-01-01 04:57:04,NODE-4274,NODE-7805,SATCOM,109,348,SUCCESS
2025-01-01 04:57:05,NODE-3630,NODE-9125,FIBER,98,1441,SUCCESS
2025-01-01 04:57:09,NODE-2908,NODE-6768,SATCOM,204,775,SUCCESS
2025-01-01 04:57:13,NODE-2161,NODE-8190,FIBER,92,1056,SUCCESS
2025-01-01 04:57:15,NODE-1104,NODE-1376,RF,250,935,SUCCESS
2025-01-01 04:57:18,NODE-9286,NODE-9428,RF,105,719,SUCCESS
2025-01-01 04:57:20,NODE-4325,NODE-5755,SATCOM,53,903,SUCCESS
2025-01-01 04:57:24,NODE-9077,NODE-8356,FIBER,157,1446,SUCCESS
2025-01-01 04:57:27,NODE-2054,NODE-2880,SATCOM,153,487,SUCCESS
2025-01-01 04:57:30,NODE-4492,NODE-4123,SATCOM,221,666,SUCCESS
2025-01-01 04:57:34,NODE-5275,NODE-4179,FIBER,2880,3253,FAIL
2025-01-01 04:57:37,NODE-8271,NODE-7474,FIBER,122,468,SUCCESS
2025-01-01 04:57:39,NODE-5914,NODE-8550,RF,49,283,SUCCESS
2025-01-01 04:57:41,NODE-5903,NODE-7624,RF,1177,1290,DELAY
2025-01-01 04:57:44,NODE-5888,NODE-6395,SATCOM,1833,3267,FAIL
2025-01-01 04:57:47,NODE-6167,NODE-4197,SATCOM,223,1392,SUCCESS
2025-01-01 04:57:49,NODE-8926,NODE-2647,FIBER,60,750,SUCCESS
2025-01-01 04:57:53,NODE-4672,NODE-3373,SATCOM,155,1065,SUCCESS
2025-01-01 04:57:56,NODE-5554,NODE-5636,SATCOM,227,377,SUCCESS
2025-01-01 04:57:57,NODE-6911,NODE-2890,SATCOM,66,501,SUCCESS
2025-01-01 04:57:59,NODE-8853,NODE-5155,RF,1028,262,DELAY
2025-01-01 04:58:00,NODE-2898,NODE-3473,SATCOM,152,1370,SUCCESS
2025-01-01 04:58:03,NODE-7749,NODE-1949,FIBER,54,613,SUCCESS
2025-01-01 04:58:05,NODE-7064,NODE-7981,FIBER,43,666,SUCCESS
2025-01-01 04:58:08,NODE-3219,NODE-1872,SATCOM,59,520,SUCCESS
2025-01-01 04:58:09,NODE-7105,NODE-5077,FIBER,1153,205,DELAY
2025-01-01 04:58:10,NODE-6260,NODE-8003,RF,47,458,SUCCESS
2025-01-01 04:58:12,NODE-7392,NODE-3416,FIBER,1262,1021,DELAY
2025-01-01 04:58:13,NODE-4118,NODE-7092,FIBER,127,237,SUCCESS
2025-01-01 04:58:16,NODE-5779,NODE-1723,RF,86,753,SUCCESS
2025-01-01 04:58:19,NODE-9544,NODE-8710,SATCOM,159,870,SUCCESS
2025-01-01 04:58:22,NODE-1702,NODE-9684,FIBER,227,1010,SUCCESS
2025-01-01 04:58:24,NODE-1614,NODE-7184,RF,182,1413,SUCCESS
2025-01-01 04:58:27,NODE-8073,NODE-2519,FIBER,61,1489,SUCCESS
2025-01-01 04:58:30,NODE-4627,NODE-3170,FIBER,76,1439,SUCCESS
2025-01-01 04:58:34,NODE-6430,NODE-4491,SATCOM,194,1057,SUCCESS
2025-01-01 04:58:37,NODE-1090,NODE-6319,SATCOM,146,364,SUCCESS
2025-01-01 04:58:41,NODE-5300,NODE-7212,FIBER,239,1102,SUCCESS
2025-01-01 04:58:45,NODE-1456,NODE-7734,RF,179,1133,SUCCESS
2025-01-01 04:58:46,NODE-4779,NODE-8245,SATCOM,229,1389,SUCCESS
2025-01-01 04:58:49,NODE-2362,NODE-7432,SATCOM,159,1221,SUCCESS
2025-01-01 04:58:50,NODE-5779,NODE-4892,FIBER,1276,1033,DELAY
2025-01-01 04:58:51,NODE-8356,NODE-1932,SATCOM,48,300,SUCCESS
2025-01-01 04:58:53,NODE-4923,NODE-1057,SATCOM,71,1259,SUCCESS
2025-01-01 04:58:56,NODE-2795,NODE-3837,SATCOM,111,374,SUCCESS
2025-01-01 04:58:58,NODE-1275,NODE-2600,RF,1401,1210,DELAY
2025-01-01 04:59:00,NODE-3805,NODE-4401,FIBER,224,352,SUCCESS
2025-01-01 04:59:01,NODE-9951,NODE-9059,SATCOM,91,988,SUCCESS
2025-01-01 04:59:04,NODE-9229,NODE-6408,FIBER,127,655,SUCCESS
2025-01-01 04:59:06,NODE-2060,NODE-1268,SATCOM,156,432,SUCCESS
2025-01-01 04:59:10,NODE-2259,NODE-7052,FIBER,131,1229,SUCCESS
2025-01-01 04:59:14,NODE-5458,NODE-3792,SATCOM,1406,1387,DELAY
2025-01-01 04:59:18,NODE-7858,NODE-5285,SATCOM,113,1007,SUCCESS
2025-01-01 04:59:21,NODE-5323,NODE-1041,FIBER,242,1221,SUCCESS
2025-01-01 04:59:24,NODE-9544,NODE-6447,RF,135,681,SUCCESS
2025-01-01 04:59:28,NODE-8201,NODE-2835,FIBER,169,637,SUCCESS
2025-01-01 04:59:32,NODE-6105,NODE-5610,SATCOM,133,1484,SUCCESS
2025-01-01 04:59:33,NODE-7928,NODE-4137,SATCOM,76,750,SUCCESS
2025-01-01 04:59:37,NODE-7788,NODE-5924,FIBER,1992,3833,FAIL
2025-01-01 04:59:38,NODE-2822,NODE-4558,RF,933,908,DELAY
2025-01-01 04:59:41,NODE-3081,NODE-4284,SATCOM,60,356,SUCCESS
2025-01-01 04:59:43,NODE-3284,NODE-5482,SATCOM,185,932,SUCCESS
2025-01-01 04:59:47,NODE-5379,NODE-7271,SATCOM,902,1420,DELAY
2025-01-01 04:59:48,NODE-5583,NODE-5752,FIBER,112,673,SUCCESS
2025-01-01 04:59:50,NODE-7921,NODE-5290,FIBER,128,672,SUCCESS
2025-01-01 04:59:51,NODE-5349,NODE-7738,FIBER,171,1220,SUCCESS
2025-01-01 04:59:53,NODE-8273,NODE-2886,RF,1353,318,DELAY
2025-01-01 04:59:54,NODE-8372,NODE-4258,SATCOM,155,573,SUCCESS
2025-01-01 04:59:57,NODE-1842,NODE-4455,SATCOM,200,579,SUCCESS
2025-01-01 05:00:01,NODE-2043,NODE-4803,FIBER,2521,4912,FAIL
2025-01-01 05:00:03,NODE-8215,NODE-6994,RF,1085,337,DELAY
2025-01-01 05:00:05,NODE-9583,NODE-1186,FIBER,69,1036,SUCCESS
2025-01-01 05:00:08,NODE-9348,NODE-7701,FIBER,78,1165,SUCCESS
2025-01-01 05:00:11,NODE-9341,NODE-2797,RF,214,1101,SUCCESS
2025-01-01 05:00:15,NODE-7681,NODE-9090,SATCOM,143,255,SUCCESS
2025-01-01 05:00:18,NODE-2318,NODE-3166,SATCOM,1390,1118,DELAY
2025-01-01 05:00:20,NODE-7058,NODE-2046,RF,115,1427,SUCCESS
2025-01-01 05:00:21,NODE-5000,NODE-2133,RF,179,422,SUCCESS
2025-01-01 05:00:22,NODE-8197,NODE-1535,FIBER,142,1082,SUCCESS
2025-01-01 05:00:26,NODE-7543,NODE-2918,SATCOM,183,621,SUCCESS
2025-01-01 05:00:27,NODE-4289,NODE-2013,RF,231,551,SUCCESS
2025-01-01 05:00:31,NODE-4370,NODE-2686,FIBER,213,212,SUCCESS
2025-01-01 05:00:34,NODE-6691,NODE-2810,RF,114,965,SUCCESS
2025-01-01 05:00:36,NODE-3878,NODE-3607,SATCOM,62,850,SUCCESS
2025-01-01 05:00:39,NODE-4482,NODE-4717,RF,2425,6000,FAIL
2025-01-01 05:00:42,NODE-9276,NODE-6413,RF,850,510,DELAY
2025-01-01 05:00:45,NODE-9998,NODE-1717,SATCOM,208,689,SUCCESS
2025-01-01 05:00:47,NODE-8117,NODE-8559,SATCOM,129,1343,SUCCESS
2025-01-01 05:00:48,NODE-7942,NODE-2099,RF,236,1124,SUCCESS
2025-01-01 05:00:52,NODE-9003,NODE-2354,FIBER,168,289,SUCCESS
2025-01-01 05:00:53,NODE-6265,NODE-5140,SATCOM,226,1471,SUCCESS
2025-01-01 05:00:56,NODE-2217,NODE-4538,SATCOM,186,988,SUCCESS
2025-01-01 05:00:58,NODE-2212,NODE-7823,FIBER,134,1424,SUCCESS
2025-01-01 05:01:02,NODE-7798,NODE-5395,RF,55,1390,SUCCESS
2025-01-01 05:01:04,NODE-1957,NODE-7533,SATCOM,87,1247,SUCCESS
2025-01-01 05:01:06,NODE-6998,NODE-9660,FIBER,151,962,SUCCESS
2025-01-01 05:01:08,NODE-9624,NODE-9762,RF,244,703,SUCCESS
2025-01-01 05:01:10,NODE-6326,NODE-8269,SATCOM,167,1355,SUCCESS
2025-01-01 05:01:12,NODE-7339,NODE-2874,FIBER,42,525,SUCCESS
2025-01-01 05:01:16,NODE-6542,NODE-1038,RF,47,512,SUCCESS
2025-01-01 05:01:17,NODE-3367,NODE-5583,FIBER,214,540,SUCCESS
2025-01-01 05:01:20,NODE-2486,NODE-3590,SATCOM,92,810,SUCCESS
2025-01-01 05:01:22,NODE-6758,NODE-5409,SATCOM,155,1105,SUCCESS
2025-01-01 05:01:25,NODE-1913,NODE-4677,SATCOM,193,1276,SUCCESS
2025-01-01 05:01:26,NODE-5860,NODE-7207,SATCOM,122,1211,SUCCESS
2025-01-01 05:01:29,NODE-3584,NODE-6093,FIBER,198,1043,SUCCESS
2025-01-01 05:01:30,NODE-6550,NODE-7032,RF,193,265,SUCCESS
2025-01-01 05:01:34,NODE-1153,NODE-9797,FIBER,122,418,SUCCESS
2025-01-01 05:01:35,NODE-3902,NODE-7315,SATCOM,178,1280,SUCCESS
2025-01-01 05:01:37,NODE-4737,NODE-1256,FIBER,179,411,SUCCESS
2025-01-01 05:01:38,NODE-5094,NODE-8425,RF,245,1329,SUCCESS
2025-01-01 05:01:39,NODE-9782,NODE-8580,SATCOM,232,491,SUCCESS
2025-01-01 05:01:43,NODE-5289,NODE-8293,RF,95,986,SUCCESS
2025-01-01 05:01:46,NODE-5450,NODE-1285,SATCOM,75,856,SUCCESS
2025-01-01 05:01:49,NODE-2028,NODE-9302,SATCOM,99,1145,SUCCESS
2025-01-01 05:01:52,NODE-2835,NODE-2607,SATCOM,243,801,SUCCESS
2025-01-01 05:01:54,NODE-7074,NODE-1420,RF,218,907,SUCCESS
2025-01-01 05:01:58,NODE-9500,NODE-5468,RF,71,1334,SUCCESS
2025-01-01 05:02:01,NODE-2002,NODE-3976,SATCOM,147,621,SUCCESS
2025-01-01 05:02:03,NODE-9260,NODE-8143,SATCOM,209,757,SUCCESS
2025-01-01 05:02:05,NODE-2597,NODE-8715,RF,238,970,SUCCESS
2025-01-01 05:02:07,NODE-4429,NODE-4804,RF,234,687,SUCCESS
2025-01-01 05:02:11,NODE-6101,NODE-1537,SATCOM,240,977,SUCCESS
2025-01-01 05:02:15,NODE-3409,NODE-6788,FIBER,111,340,SUCCESS
2025-01-01 05:02:17,NODE-3131,NODE-9818,RF,167,903,SUCCESS
2025-01-01 05:02:18,NODE-9060,NODE-6204,RF,48,918,SUCCESS
2025-01-01 05:02:21,NODE-7712,NODE-9382,SATCOM,2578,5980,FAIL
2025-01-01 05:02:22,NODE-7997,NODE-3184,RF,241,335,SUCCESS
2025-01-01 05:02:24,NODE-6028,NODE-9459,RF,94,1132,SUCCESS
2025-01-01 05:02:25,NODE-4225,NODE-7400,RF,72,1306,SUCCESS
2025-01-01 05:02:26,NODE-7728,NODE-6538,SATCOM,2177,5298,FAIL
2025-01-01 05:02:29,NODE-6926,NODE-3216,RF,1360,999,DELAY
2025-01-01 05:02:30,NODE-1744,NODE-6062,FIBER,113,1043,SUCCESS
2025-01-01 05:02:33,NODE-6442,NODE-8051,FIBER,134,1110,SUCCESS
2025-01-01 05:02:35,NODE-5115,NODE-6470,SATCOM,245,266,SUCCESS
2025-01-01 05:02:38,NODE-1986,NODE-2421,RF,163,307,SUCCESS
2025-01-01 05:02:42,NODE-1680,NODE-2071,FIBER,116,1428,SUCCESS
2025-01-01 05:02:43,NODE-6616,NODE-6585,FIBER,223,1035,SUCCESS
2025-01-01 05:02:44,NODE-4057,NODE-2714,RF,107,1431,SUCCESS
2025-01-01 05:02:46,NODE-7310,NODE-2083,FIBER,2566,5036,FAIL
2025-01-01 05:02:47,NODE-8889,NODE-1156,SATCOM,205,1135,SUCCESS
2025-01-01 05:02:48,NODE-3349,NODE-5620,RF,1295,512,DELAY
2025-01-01 05:02:49,NODE-2279,NODE-5360,RF,208,1326,SUCCESS
2025-01-01 05:02:51,NODE-4784,NODE-8624,SATCOM,140,1329,SUCCESS
2025-01-01 05:02:53,NODE-4588,NODE-2290,RF,172,211,SUCCESS
2025-01-01 05:02:57,NODE-6132,NODE-5419,FIBER,216,1182,SUCCESS
2025-01-01 05:03:01,NODE-8014,NODE-8971,FIBER,112,288,SUCCESS
2025-01-01 05:03:02,NODE-7070,NODE-2924,FIBER,120,1027,SUCCESS
2025-01-01 05:03:04,NODE-1395,NODE-3025,RF,1448,468,DELAY
2025-01-01 05:03:05,NODE-6592,NODE-3270,RF,110,1426,SUCCESS
2025-01-01 05:03:09,NODE-4566,NODE-8124,SATCOM,111,901,SUCCESS
2025-01-01 05:03:13,NODE-6127,NODE-8494,FIBER,175,1487,SUCCESS
2025-01-01 05:03:15,NODE-8857,NODE-3227,RF,63,474,SUCCESS
2025-01-01 05:03:19,NODE-7731,NODE-3812,RF,1177,208,DELAY
2025-01-01 05:03:21,NODE-9553,NODE-7273,SATCOM,47,1256,SUCCESS
2025-01-01 05:03:22,NODE-1296,NODE-6811,FIBER,169,1401,SUCCESS
2025-01-01 05:03:26,NODE-3292,NODE-3203,RF,46,406,SUCCESS
2025-01-01 05:03:28,NODE-5016,NODE-2029,SATCOM,65,347,SUCCESS
2025-01-01 05:03:31,NODE-4227,NODE-1580,SATCOM,1381,1447,DELAY
2025-01-01 05:03:33,NODE-9075,NODE-2086,FIBER,1456,1146,DELAY
2025-01-01 05:03:34,NODE-7704,NODE-5826,FIBER,131,1366,SUCCESS
2025-01-01 05:03:38,NODE-7393,NODE-1243,RF,42,270,SUCCESS
2025-01-01 05:03:39,NODE-3395,NODE-7491,RF,77,1057,SUCCESS
2025-01-01 05:03:41,NODE-5471,NODE-1286,SATCOM,80,1369,SUCCESS
2025-01-01 05:03:42,NODE-9169,NODE-9276,RF,210,906,SUCCESS
2025-01-01 05:03:46,NODE-3977,NODE-4507,SATCOM,77,1205,SUCCESS
2025-01-01 05:03:48,NODE-9055,NODE-2628,SATCOM,58,906,SUCCESS
2025-01-01 05:03:50,NODE-6143,NODE-6707,RF,123,1371,SUCCESS
2025-01-01 05:03:51,NODE-4614,NODE-6488,FIBER,135,529,SUCCESS
2025-01-01 05:03:52,NODE-8280,NODE-6588,SATCOM,55,540,SUCCESS
2025-01-01 05:03:56,NODE-2677,NODE-8160,RF,161,425,SUCCESS
2025-01-01 05:04:00,NODE-8614,NODE-8478,RF,198,1120,SUCCESS
2025-01-01 05:04:02,NODE-9126,NODE-7015,FIBER,148,1155,SUCCESS
2025-01-01 05:04:04,NODE-4392,NODE-2644,FIBER,69,352,SUCCESS
2025-01-01 05:04:06,NODE-3112,NODE-1977,RF,184,1296,SUCCESS
2025-01-01 05:04:07,NODE-3151,NODE-9898,SATCOM,156,1297,SUCCESS
2025-01-01 05:04:10,NODE-2645,NODE-6434,SATCOM,82,826,SUCCESS
2025-01-01 05:04:12,NODE-5717,NODE-6687,FIBER,79,952,SUCCESS
2025-01-01 05:04:14,NODE-9118,NODE-7716,FIBER,118,335,SUCCESS
2025-01-01 05:04:15,NODE-1990,NODE-1301,FIBER,113,396,SUCCESS
2025-01-01 05:04:18,NODE-3587,NODE-4672,SATCOM,130,1292,SUCCESS
2025-01-01 05:04:19,NODE-4786,NODE-8706,RF,834,724,DELAY
2025-01-01 05:04:23,NODE-2973,NODE-1459,FIBER,88,354,SUCCESS
2025-01-01 05:04:24,NODE-2601,NODE-8570,FIBER,117,833,SUCCESS
2025-01-01 05:04:28,NODE-8489,NODE-1759,SATCOM,92,1196,SUCCESS
2025-01-01 05:04:30,NODE-6864,NODE-4763,FIBER,119,473,SUCCESS
2025-01-01 05:04:31,NODE-3402,NODE-7796,FIBER,187,1296,SUCCESS
2025-01-01 05:04:32,NODE-2317,NODE-9403,RF,250,948,SUCCESS
2025-01-01 05:04:33,NODE-1187,NODE-6429,RF,187,1168,SUCCESS
2025-01-01 05:04:36,NODE-5212,NODE-9590,RF,179,434,SUCCESS
2025-01-01 05:04:37,NODE-2744,NODE-7934,RF,179,437,SUCCESS
2025-01-01 05:04:39,NODE-8386,NODE-2882,FIBER,230,356,SUCCESS
2025-01-01 05:04:41,NODE-5626,NODE-5751,RF,149,1299,SUCCESS
2025-01-01 05:04:45,NODE-3922,NODE-3864,SATCOM,190,630,SUCCESS
2025-01-01 05:04:46,NODE-1917,NODE-9057,SATCOM,209,747,SUCCESS
2025-01-01 05:04:49,NODE-2478,NODE-9208,SATCOM,117,1240,SUCCESS
2025-01-01 05:04:51,NODE-9888,NODE-9881,FIBER,930,1315,DELAY
2025-01-01 05:04:54,NODE-2561,NODE-7063,SATCOM,1276,656,DELAY
2025-01-01 05:04:58,NODE-8766,NODE-6410,RF,102,984,SUCCESS
2025-01-01 05:05:02,NODE-6222,NODE-3798,SATCOM,1012,456,DELAY
2025-01-01 05:05:04,NODE-6025,NODE-9012,SATCOM,239,674,SUCCESS
2025-01-01 05:05:08,NODE-8482,NODE-3125,RF,111,413,SUCCESS
2025-01-01 05:05:12,NODE-1102,NODE-9868,FIBER,242,512,SUCCESS
2025-01-01 05:05:14,NODE-9041,NODE-2338,SATCOM,105,570,SUCCESS
2025-01-01 05:05:16,NODE-3096,NODE-3216,SATCOM,186,936,SUCCESS
2025-01-01 05:05:17,NODE-7187,NODE-8336,SATCOM,167,513,SUCCESS
2025-01-01 05:05:18,NODE-1081,NODE-4073,FIBER,224,917,SUCCESS
2025-01-01 05:05:21,NODE-2450,NODE-4466,SATCOM,136,839,SUCCESS
2025-01-01 05:05:23,NODE-4074,NODE-3259,FIBER,184,1415,SUCCESS
2025-01-01 05:05:24,NODE-8571,NODE-7617,SATCOM,128,736,SUCCESS
2025-01-01 05:05:26,NODE-6691,NODE-8271,FIBER,109,472,SUCCESS
2025-01-01 05:05:30,NODE-7570,NODE-6722,SATCOM,68,238,SUCCESS
2025-01-01 05:05:34,NODE-5045,NODE-7260,RF,162,651,SUCCESS
2025-01-01 05:05:37,NODE-1768,NODE-6615,RF,145,623,SUCCESS
2025-01-01 05:05:39,NODE-6230,NODE-3632,RF,45,1328,SUCCESS
2025-01-01 05:05:40,NODE-9861,NODE-9853,SATCOM,223,288,SUCCESS
2025-01-01 05:05:41,NODE-8315,NODE-3060,FIBER,121,994,SUCCESS
2025-01-01 05:05:45,NODE-3630,NODE-9137,SATCOM,218,847,SUCCESS
2025-01-01 05:05:47,NODE-1681,NODE-6324,FIBER,177,261,SUCCESS
2025-01-01 05:05:50,NODE-9955,NODE-5728,SATCOM,156,1436,SUCCESS
2025-01-01 05:05:52,NODE-9257,NODE-8433,FIBER,71,488,SUCCESS
2025-01-01 05:05:56,NODE-1888,NODE-1825,FIBER,1136,356,DELAY
2025-01-01 05:05:58,NODE-6608,NODE-2119,SATCOM,178,859,SUCCESS
2025-01-01 05:06:01,NODE-1527,NODE-1528,RF,159,638,SUCCESS
2025-01-01 05:06:02,NODE-3110,NODE-6019,RF,1088,408,DELAY
2025-01-01 05:06:05,NODE-7698,NODE-4608,SATCOM,2177,4311,FAIL
2025-01-01 05:06:06,NODE-8197,NODE-9108,SATCOM,57,1314,SUCCESS
2025-01-01 05:06:08,NODE-9508,NODE-7406,SATCOM,2632,6044,FAIL
2025-01-01 05:06:12,NODE-6368,NODE-5972,SATCOM,167,736,SUCCESS
2025-01-01 05:06:14,NODE-6430,NODE-9429,FIBER,978,467,DELAY
2025-01-01 05:06:17,NODE-2013,NODE-3721,RF,1426,547,DELAY
2025-01-01 05:06:21,NODE-4886,NODE-6809,RF,95,635,SUCCESS
2025-01-01 05:06:22,NODE-3523,NODE-5432,RF,196,1338,SUCCESS
2025-01-01 05:06:26,NODE-6124,NODE-1164,SATCOM,58,884,SUCCESS
2025-01-01 05:06:29,NODE-8239,NODE-3756,FIBER,1905,5484,FAIL
2025-01-01 05:06:30,NODE-8411,NODE-3362,RF,111,848,SUCCESS
2025-01-01 05:06:34,NODE-1438,NODE-7068,SATCOM,80,870,SUCCESS
2025-01-01 05:06:35,NODE-6977,NODE-3830,SATCOM,224,848,SUCCESS
2025-01-01 05:06:38,NODE-1524,NODE-3013,FIBER,219,1316,SUCCESS
2025-01-01 05:06:39,NODE-8759,NODE-6459,RF,1559,1062,DELAY
2025-01-01 05:06:43,NODE-2832,NODE-7089,FIBER,162,402,SUCCESS
2025-01-01 05:06:47,NODE-7404,NODE-6061,SATCOM,234,636,SUCCESS
2025-01-01 05:06:49,NODE-4627,NODE-2933,RF,184,312,SUCCESS
2025-01-01 05:06:51,NODE-6892,NODE-1665,RF,237,561,SUCCESS
2025-01-01 05:06:55,NODE-9198,NODE-3165,SATCOM,146,510,SUCCESS
2025-01-01 05:06:59,NODE-9959,NODE-5795,FIBER,44,1160,SUCCESS
2025-01-01 05:07:02,NODE-3828,NODE-7242,RF,155,210,SUCCESS
2025-01-01 05:07:06,NODE-7615,NODE-2118,FIBER,210,1016,SUCCESS
2025-01-01 05:07:09,NODE-5810,NODE-3304,SATCOM,1291,1471,DELAY
2025-01-01 05:07:13,NODE-9663,NODE-8429,RF,67,1152,SUCCESS
2025-01-01 05:07:15,NODE-2656,NODE-1222,FIBER,75,730,SUCCESS
2025-01-01 05:07:19,NODE-6565,NODE-5774,RF,2386,3671,FAIL
2025-01-01 05:07:22,NODE-6875,NODE-6498,RF,244,1269,SUCCESS
2025-01-01 05:07:25,NODE-5665,NODE-8673,FIBER,62,1283,SUCCESS
2025-01-01 05:07:28,NODE-7540,NODE-3905,FIBER,199,359,SUCCESS
2025-01-01 05:07:29,NODE-4049,NODE-9739,SATCOM,2051,4867,FAIL
2025-01-01 05:07:32,NODE-1465,NODE-3319,SATCOM,81,730,SUCCESS
2025-01-01 05:07:36,NODE-7389,NODE-8366,SATCOM,221,1229,SUCCESS
2025-01-01 05:07:38,NODE-3812,NODE-8186,FIBER,1218,444,DELAY
2025-01-01 05:07:39,NODE-5257,NODE-9812,RF,151,1319,SUCCESS
2025-01-01 05:07:41,NODE-8544,NODE-8533,FIBER,177,970,SUCCESS
2025-01-01 05:07:42,NODE-5484,NODE-4502,SATCOM,224,1101,SUCCESS
2025-01-01 05:07:45,NODE-1563,NODE-8987,FIBER,51,1113,SUCCESS
2025-01-01 05:07:48,NODE-4778,NODE-8896,RF,229,1028,SUCCESS
2025-01-01 05:07:50,NODE-5521,NODE-5919,RF,111,1021,SUCCESS
2025-01-01 05:07:52,NODE-9839,NODE-5929,RF,56,599,SUCCESS
2025-01-01 05:07:54,NODE-5486,NODE-1719,SATCOM,68,1306,SUCCESS
2025-01-01 05:07:57,NODE-1137,NODE-6763,FIBER,191,949,SUCCESS
2025-01-01 05:08:00,NODE-1481,NODE-2095,SATCOM,177,1479,SUCCESS
2025-01-01 05:08:03,NODE-8406,NODE-1391,SATCOM,71,964,SUCCESS
2025-01-01 05:08:05,NODE-4574,NODE-3353,SATCOM,47,217,SUCCESS
2025-01-01 05:08:09,NODE-4996,NODE-7877,RF,991,564,DELAY
2025-01-01 05:08:10,NODE-4426,NODE-4848,RF,73,1267,SUCCESS
2025-01-01 05:08:14,NODE-5650,NODE-3230,SATCOM,191,1144,SUCCESS
2025-01-01 05:08:17,NODE-7230,NODE-3898,SATCOM,48,918,SUCCESS
2025-01-01 05:08:19,NODE-4243,NODE-7691,FIBER,240,216,SUCCESS
2025-01-01 05:08:23,NODE-7848,NODE-5969,RF,63,1144,SUCCESS
2025-01-01 05:08:26,NODE-6577,NODE-3039,RF,99,667,SUCCESS
2025-01-01 05:08:30,NODE-9420,NODE-5196,RF,162,288,SUCCESS
2025-01-01 05:08:33,NODE-1847,NODE-6122,RF,1181,564,DELAY
2025-01-01 05:08:37,NODE-5275,NODE-2524,SATCOM,146,369,SUCCESS
2025-01-01 05:08:40,NODE-9836,NODE-5363,RF,182,272,SUCCESS
2025-01-01 05:08:43,NODE-7379,NODE-9614,FIBER,164,1214,SUCCESS
2025-01-01 05:08:46,NODE-2973,NODE-8845,FIBER,211,205,SUCCESS
2025-01-01 05:08:47,NODE-5167,NODE-5984,SATCOM,49,289,SUCCESS
2025-01-01 05:08:49,NODE-2558,NODE-2775,FIBER,193,1462,SUCCESS
2025-01-01 05:08:50,NODE-6596,NODE-1159,RF,1493,1285,DELAY
2025-01-01 05:08:52,NODE-2990,NODE-1430,RF,200,1434,SUCCESS
2025-01-01 05:08:54,NODE-7332,NODE-8661,RF,109,1443,SUCCESS
2025-01-01 05:08:57,NODE-3729,NODE-5787,SATCOM,119,713,SUCCESS
2025-01-01 05:09:00,NODE-2818,NODE-6252,FIBER,83,912,SUCCESS
2025-01-01 05:09:02,NODE-3803,NODE-1880,SATCOM,146,422,SUCCESS
2025-01-01 05:09:05,NODE-8464,NODE-8075,RF,139,994,SUCCESS
2025-01-01 05:09:07,NODE-4076,NODE-2087,FIBER,1527,687,DELAY
2025-01-01 05:09:09,NODE-4182,NODE-3070,FIBER,212,1019,SUCCESS
2025-01-01 05:09:12,NODE-8425,NODE-9328,SATCOM,62,1115,SUCCESS
2025-01-01 05:09:16,NODE-3971,NODE-6083,RF,233,1146,SUCCESS
2025-01-01 05:09:18,NODE-7045,NODE-8234,RF,221,1176,SUCCESS
2025-01-01 05:09:19,NODE-5041,NODE-7784,FIBER,1183,884,DELAY
2025-01-01 05:09:23,NODE-6503,NODE-3201,RF,102,1332,SUCCESS
2025-01-01 05:09:24,NODE-4626,NODE-9206,FIBER,189,1028,SUCCESS
2025-01-01 05:09:25,NODE-8495,NODE-9387,RF,128,945,SUCCESS
2025-01-01 05:09:28,NODE-2854,NODE-3717,RF,116,1461,SUCCESS
2025-01-01 05:09:30,NODE-5503,NODE-8678,RF,945,1486,DELAY
2025-01-01 05:09:33,NODE-3547,NODE-2854,RF,61,1040,SUCCESS
2025-01-01 05:09:35,NODE-5124,NODE-4740,SATCOM,147,1402,SUCCESS
2025-01-01 05:09:36,NODE-2981,NODE-1958,FIBER,178,833,SUCCESS
2025-01-01 05:09:38,NODE-8279,NODE-8569,RF,2858,5128,FAIL
2025-01-01 05:09:39,NODE-5413,NODE-4104,SATCOM,163,960,SUCCESS
2025-01-01 05:09:41,NODE-5488,NODE-6714,RF,75,891,SUCCESS
2025-01-01 05:09:42,NODE-7514,NODE-5780,FIBER,214,1137,SUCCESS
2025-01-01 05:09:46,NODE-6942,NODE-3862,RF,1205,290,DELAY
2025-01-01 05:09:48,NODE-1523,NODE-5746,SATCOM,184,303,SUCCESS
2025-01-01 05:09:50,NODE-1617,NODE-2932,SATCOM,40,621,SUCCESS
2025-01-01 05:09:51,NODE-9140,NODE-1372,RF,244,897,SUCCESS
2025-01-01 05:09:53,NODE-9512,NODE-5704,FIBER,72,1350,SUCCESS
2025-01-01 05:09:56,NODE-6026,NODE-4988,RF,191,482,SUCCESS
2025-01-01 05:09:59,NODE-3664,NODE-5677,FIBER,185,463,SUCCESS
2025-01-01 05:10:00,NODE-2367,NODE-5020,FIBER,227,1280,SUCCESS
2025-01-01 05:10:02,NODE-4241,NODE-7180,FIBER,215,1461,SUCCESS
2025-01-01 05:10:06,NODE-1278,NODE-7026,SATCOM,142,691,SUCCESS
2025-01-01 05:10:08,NODE-3926,NODE-3510,SATCOM,894,1358,DELAY
2025-01-01 05:10:12,NODE-4704,NODE-4036,RF,74,899,SUCCESS
2025-01-01 05:10:14,NODE-9479,NODE-1577,FIBER,160,1371,SUCCESS
2025-01-01 05:10:15,NODE-2373,NODE-5583,RF,1201,1365,DELAY
2025-01-01 05:10:19,NODE-3774,NODE-9927,FIBER,3121,6157,FAIL
2025-01-01 05:10:21,NODE-8374,NODE-6705,RF,157,212,SUCCESS
2025-01-01 05:10:25,NODE-3367,NODE-8501,FIBER,153,319,SUCCESS
2025-01-01 05:10:26,NODE-5055,NODE-9867,SATCOM,1076,886,DELAY
2025-01-01 05:10:27,NODE-6681,NODE-5847,FIBER,1051,614,DELAY
2025-01-01 05:10:28,NODE-9165,NODE-8116,RF,247,1314,SUCCESS
2025-01-01 05:10:29,NODE-1961,NODE-5209,RF,101,1083,SUCCESS
2025-01-01 05:10:31,NODE-1078,NODE-6651,RF,231,1202,SUCCESS
2025-01-01 05:10:34,NODE-7296,NODE-7938,SATCOM,123,284,SUCCESS
2025-01-01 05:10:38,NODE-1726,NODE-5652,SATCOM,95,260,SUCCESS
2025-01-01 05:10:42,NODE-1772,NODE-9895,RF,1553,1177,DELAY
2025-01-01 05:10:45,NODE-9859,NODE-4188,FIBER,165,1056,SUCCESS
2025-01-01 05:10:48,NODE-3477,NODE-8274,FIBER,210,716,SUCCESS
2025-01-01 05:10:50,NODE-2400,NODE-4533,SATCOM,2305,5876,FAIL
2025-01-01 05:10:54,NODE-8056,NODE-3446,FIBER,174,349,SUCCESS
2025-01-01 05:10:58,NODE-7146,NODE-7678,FIBER,189,570,SUCCESS
2025-01-01 05:11:02,NODE-5645,NODE-8639,RF,193,566,SUCCESS
2025-01-01 05:11:03,NODE-1667,NODE-5258,SATCOM,209,263,SUCCESS
2025-01-01 05:11:05,NODE-4823,NODE-8941,SATCOM,170,1392,SUCCESS
2025-01-01 05:11:06,NODE-5838,NODE-6503,RF,217,720,SUCCESS
2025-01-01 05:11:08,NODE-9666,NODE-8360,SATCOM,228,1482,SUCCESS
2025-01-01 05:11:10,NODE-5248,NODE-3021,FIBER,183,727,SUCCESS
2025-01-01 05:11:12,NODE-9508,NODE-5287,SATCOM,1541,1403,DELAY
2025-01-01 05:11:16,NODE-3360,NODE-3488,FIBER,1210,1040,DELAY
2025-01-01 05:11:19,NODE-7094,NODE-6939,SATCOM,107,1187,SUCCESS
2025-01-01 05:11:23,NODE-9462,NODE-9571,FIBER,153,296,SUCCESS
2025-01-01 05:11:24,NODE-5259,NODE-4972,SATCOM,103,810,SUCCESS
2025-01-01 05:11:25,NODE-2157,NODE-9098,FIBER,154,236,SUCCESS
2025-01-01 05:11:28,NODE-7545,NODE-7809,RF,1511,1418,DELAY
2025-01-01 05:11:29,NODE-3633,NODE-2469,RF,123,1185,SUCCESS
2025-01-01 05:11:30,NODE-4834,NODE-1794,RF,207,1337,SUCCESS
2025-01-01 05:11:31,NODE-6944,NODE-2369,FIBER,60,1215,SUCCESS
2025-01-01 05:11:34,NODE-5578,NODE-1623,FIBER,137,1499,SUCCESS
2025-01-01 05:11:36,NODE-9482,NODE-6033,FIBER,54,900,SUCCESS
2025-01-01 05:11:37,NODE-9965,NODE-8121,RF,2609,4600,FAIL
2025-01-01 05:11:39,NODE-3605,NODE-7161,RF,180,244,SUCCESS
2025-01-01 05:11:40,NODE-2833,NODE-9355,SATCOM,237,1222,SUCCESS
2025-01-01 05:11:41,NODE-1259,NODE-1953,RF,223,594,SUCCESS
2025-01-01 05:11:45,NODE-8436,NODE-2967,RF,186,1216,SUCCESS
2025-01-01 05:11:49,NODE-7401,NODE-5419,RF,217,1249,SUCCESS
2025-01-01 05:11:52,NODE-4550,NODE-9779,RF,156,901,SUCCESS
2025-01-01 05:11:54,NODE-1869,NODE-6573,SATCOM,1507,768,DELAY
2025-01-01 05:11:56,NODE-2482,NODE-6657,FIBER,114,613,SUCCESS
2025-01-01 05:11:59,NODE-1110,NODE-1469,FIBER,68,1345,SUCCESS
2025-01-01 05:12:00,NODE-1474,NODE-4915,RF,180,977,SUCCESS
2025-01-01 05:12:04,NODE-1048,NODE-6121,FIBER,165,1431,SUCCESS
2025-01-01 05:12:07,NODE-6470,NODE-7100,RF,144,387,SUCCESS
2025-01-01 05:12:09,NODE-5984,NODE-1842,SATCOM,250,1303,SUCCESS
2025-01-01 05:12:10,NODE-1148,NODE-5608,RF,105,889,SUCCESS
2025-01-01 05:12:11,NODE-3124,NODE-9538,SATCOM,97,780,SUCCESS
2025-01-01 05:12:13,NODE-3144,NODE-1727,SATCOM,63,549,SUCCESS
2025-01-01 05:12:17,NODE-9076,NODE-9509,SATCOM,246,638,SUCCESS
2025-01-01 05:12:19,NODE-1530,NODE-5226,RF,210,391,SUCCESS
2025-01-01 05:12:20,NODE-3454,NODE-1974,RF,182,1092,SUCCESS
2025-01-01 05:12:22,NODE-3883,NODE-3722,SATCOM,102,277,SUCCESS
2025-01-01 05:12:25,NODE-7557,NODE-3431,SATCOM,168,1086,SUCCESS
2025-01-01 05:12:26,NODE-5936,NODE-6742,FIBER,114,237,SUCCESS
2025-01-01 05:12:27,NODE-7437,NODE-8906,SATCOM,133,1436,SUCCESS
2025-01-01 05:12:28,NODE-2852,NODE-8718,FIBER,116,397,SUCCESS
2025-01-01 05:12:30,NODE-5546,NODE-9463,RF,62,1426,SUCCESS
2025-01-01 05:12:33,NODE-7342,NODE-3992,RF,245,815,SUCCESS
2025-01-01 05:12:36,NODE-7472,NODE-9126,FIBER,81,501,SUCCESS
2025-01-01 05:12:38,NODE-4354,NODE-6873,FIBER,161,498,SUCCESS
2025-01-01 05:12:42,NODE-9967,NODE-8036,RF,230,810,SUCCESS
2025-01-01 05:12:46,NODE-4548,NODE-7547,SATCOM,95,255,SUCCESS
2025-01-01 05:12:48,NODE-2260,NODE-6863,FIBER,208,731,SUCCESS
2025-01-01 05:12:51,NODE-5251,NODE-5071,RF,1440,990,DELAY
2025-01-01 05:12:55,NODE-9401,NODE-9048,SATCOM,231,624,SUCCESS
2025-01-01 05:12:58,NODE-3691,NODE-5832,SATCOM,50,1388,SUCCESS
2025-01-01 05:13:01,NODE-6744,NODE-9258,FIBER,236,670,SUCCESS
2025-01-01 05:13:03,NODE-7138,NODE-2627,FIBER,48,1201,SUCCESS
2025-01-01 05:13:06,NODE-3648,NODE-9222,FIBER,912,839,DELAY
2025-01-01 05:13:09,NODE-5745,NODE-2006,SATCOM,178,994,SUCCESS
2025-01-01 05:13:12,NODE-9409,NODE-5078,SATCOM,157,482,SUCCESS
2025-01-01 05:13:14,NODE-8411,NODE-3186,RF,128,299,SUCCESS
2025-01-01 05:13:15,NODE-1096,NODE-4634,FIBER,1426,1366,DELAY
2025-01-01 05:13:18,NODE-2660,NODE-1447,FIBER,169,432,SUCCESS
2025-01-01 05:13:19,NODE-8010,NODE-6588,RF,134,811,SUCCESS
2025-01-01 05:13:22,NODE-4072,NODE-4765,FIBER,117,474,SUCCESS
2025-01-01 05:13:24,NODE-6494,NODE-9590,RF,1538,605,DELAY
2025-01-01 05:13:28,NODE-2198,NODE-1037,FIBER,137,1431,SUCCESS
2025-01-01 05:13:29,NODE-2692,NODE-4674,SATCOM,233,1223,SUCCESS
2025-01-01 05:13:32,NODE-9719,NODE-6050,FIBER,1280,1219,DELAY
2025-01-01 05:13:35,NODE-8162,NODE-4378,SATCOM,138,217,SUCCESS
2025-01-01 05:13:36,NODE-1078,NODE-4240,RF,77,696,SUCCESS
2025-01-01 05:13:37,NODE-8460,NODE-5164,SATCOM,198,1304,SUCCESS
2025-01-01 05:13:39,NODE-5043,NODE-6581,FIBER,212,726,SUCCESS
2025-01-01 05:13:43,NODE-5794,NODE-3158,SATCOM,101,818,SUCCESS
2025-01-01 05:13:44,NODE-9025,NODE-5941,SATCOM,3010,3409,FAIL
2025-01-01 05:13:48,NODE-3148,NODE-8762,RF,105,452,SUCCESS
2025-01-01 05:13:52,NODE-4941,NODE-1804,RF,212,252,SUCCESS
2025-01-01 05:13:54,NODE-2523,NODE-8802,FIBER,884,1033,DELAY
2025-01-01 05:13:55,NODE-9022,NODE-7462,RF,1218,1477,DELAY
2025-01-01 05:13:56,NODE-7181,NODE-5827,SATCOM,185,860,SUCCESS
2025-01-01 05:13:58,NODE-9686,NODE-8937,SATCOM,190,1428,SUCCESS
2025-01-01 05:14:01,NODE-6060,NODE-6027,SATCOM,240,794,SUCCESS
2025-01-01 05:14:04,NODE-9500,NODE-3181,SATCOM,1507,1057,DELAY
2025-01-01 05:14:07,NODE-2036,NODE-5921,RF,2445,3140,FAIL
2025-01-01 05:14:10,NODE-1523,NODE-4006,FIBER,50,654,SUCCESS
2025-01-01 05:14:14,NODE-1719,NODE-6040,RF,2915,3977,FAIL
2025-01-01 05:14:17,NODE-5415,NODE-3772,RF,84,640,SUCCESS
2025-01-01 05:14:19,NODE-6127,NODE-1541,SATCOM,224,1391,SUCCESS
2025-01-01 05:14:20,NODE-9745,NODE-1610,FIBER,220,1455,SUCCESS
2025-01-01 05:14:23,NODE-2903,NODE-5641,FIBER,2178,3277,FAIL
2025-01-01 05:14:27,NODE-2036,NODE-8437,FIBER,81,515,SUCCESS
2025-01-01 05:14:30,NODE-4142,NODE-9098,FIBER,123,253,SUCCESS
2025-01-01 05:14:32,NODE-6258,NODE-1180,SATCOM,970,431,DELAY
2025-01-01 05:14:34,NODE-3977,NODE-1673,FIBER,121,1058,SUCCESS
2025-01-01 05:14:35,NODE-9943,NODE-2042,SATCOM,99,230,SUCCESS
2025-01-01 05:14:38,NODE-5720,NODE-3741,SATCOM,143,1028,SUCCESS
2025-01-01 05:14:40,NODE-4432,NODE-8181,RF,140,649,SUCCESS
2025-01-01 05:14:42,NODE-5624,NODE-4489,FIBER,242,217,SUCCESS
2025-01-01 05:14:44,NODE-4471,NODE-3022,SATCOM,52,496,SUCCESS
2025-01-01 05:14:48,NODE-8118,NODE-7643,SATCOM,54,1334,SUCCESS
2025-01-01 05:14:52,NODE-4557,NODE-2493,FIBER,104,1038,SUCCESS
2025-01-01 05:14:53,NODE-7069,NODE-7000,RF,210,817,SUCCESS
2025-01-01 05:14:55,NODE-4772,NODE-5026,SATCOM,158,1003,SUCCESS
2025-01-01 05:14:59,NODE-7423,NODE-8657,SATCOM,186,1195,SUCCESS
2025-01-01 05:15:02,NODE-6601,NODE-5631,FIBER,159,700,SUCCESS
2025-01-01 05:15:06,NODE-2163,NODE-8807,SATCOM,197,1157,SUCCESS
2025-01-01 05:15:09,NODE-6273,NODE-4779,RF,56,898,SUCCESS
2025-01-01 05:15:10,NODE-7556,NODE-5989,SATCOM,219,1261,SUCCESS
2025-01-01 05:15:13,NODE-1275,NODE-8237,RF,238,1289,SUCCESS
2025-01-01 05:15:16,NODE-5434,NODE-3487,FIBER,210,1348,SUCCESS
2025-01-01 05:15:18,NODE-8102,NODE-8761,SATCOM,47,489,SUCCESS
2025-01-01 05:15:19,NODE-8124,NODE-8922,FIBER,207,1183,SUCCESS
2025-01-01 05:15:22,NODE-6508,NODE-6921,RF,67,1157,SUCCESS
2025-01-01 05:15:23,NODE-3293,NODE-6696,SATCOM,181,1440,SUCCESS
2025-01-01 05:15:24,NODE-1030,NODE-3580,FIBER,136,887,SUCCESS
2025-01-01 05:15:25,NODE-5607,NODE-2090,RF,840,1239,DELAY
2025-01-01 05:15:28,NODE-1776,NODE-3601,SATCOM,180,912,SUCCESS
2025-01-01 05:15:30,NODE-3118,NODE-2864,FIBER,1368,676,DELAY
2025-01-01 05:15:34,NODE-9692,NODE-1937,SATCOM,235,1041,SUCCESS
2025-01-01 05:15:35,NODE-6252,NODE-2065,FIBER,196,669,SUCCESS
2025-01-01 05:15:38,NODE-1765,NODE-1713,FIBER,160,1472,SUCCESS
2025-01-01 05:15:39,NODE-6737,NODE-5885,RF,1464,569,DELAY
2025-01-01 05:15:41,NODE-8524,NODE-8571,FIBER,233,212,SUCCESS
2025-01-01 05:15:43,NODE-3140,NODE-8140,RF,54,1456,SUCCESS
2025-01-01 05:15:44,NODE-1615,NODE-3554,FIBER,210,1368,SUCCESS
2025-01-01 05:15:46,NODE-4623,NODE-1947,FIBER,152,1492,SUCCESS
2025-01-01 05:15:50,NODE-8369,NODE-2402,FIBER,58,700,SUCCESS
2025-01-01 05:15:51,NODE-8030,NODE-9807,SATCOM,167,222,SUCCESS
2025-01-01 05:15:52,NODE-3970,NODE-3600,FIBER,69,1057,SUCCESS
2025-01-01 05:15:54,NODE-1517,NODE-9536,RF,248,840,SUCCESS
2025-01-01 05:15:57,NODE-7049,NODE-8138,SATCOM,197,592,SUCCESS
2025-01-01 05:15:59,NODE-4125,NODE-4474,SATCOM,105,855,SUCCESS
2025-01-01 05:16:02,NODE-7916,NODE-2829,RF,43,331,SUCCESS
2025-01-01 05:16:03,NODE-8275,NODE-8442,FIBER,146,467,SUCCESS
2025-01-01 05:16:07,NODE-1571,NODE-3002,FIBER,73,976,SUCCESS
2025-01-01 05:16:08,NODE-7910,NODE-9989,RF,233,332,SUCCESS
2025-01-01 05:16:09,NODE-2690,NODE-8527,FIBER,1875,5745,FAIL
2025-01-01 05:16:12,NODE-7209,NODE-6551,SATCOM,177,986,SUCCESS
2025-01-01 05:16:13,NODE-3354,NODE-2963,RF,160,1360,SUCCESS
2025-01-01 05:16:17,NODE-8972,NODE-5849,RF,49,726,SUCCESS
2025-01-01 05:16:21,NODE-4868,NODE-4824,FIBER,94,1483,SUCCESS
2025-01-01 05:16:24,NODE-7257,NODE-2931,SATCOM,101,595,SUCCESS
2025-01-01 05:16:26,NODE-8394,NODE-3523,FIBER,1437,1062,DELAY
2025-01-01 05:16:29,NODE-6002,NODE-3959,FIBER,1188,1167,DELAY
2025-01-01 05:16:32,NODE-1166,NODE-5802,SATCOM,41,449,SUCCESS
2025-01-01 05:16:33,NODE-7847,NODE-1761,SATCOM,1010,512,DELAY
2025-01-01 05:16:37,NODE-4273,NODE-4302,RF,967,1223,DELAY
2025-01-01 05:16:40,NODE-4756,NODE-1525,SATCOM,1108,991,DELAY
2025-01-01 05:16:43,NODE-4601,NODE-8177,FIBER,44,529,SUCCESS
2025-01-01 05:16:47,NODE-3994,NODE-4605,SATCOM,61,1161,SUCCESS
2025-01-01 05:16:50,NODE-8234,NODE-9209,SATCOM,227,931,SUCCESS
2025-01-01 05:16:53,NODE-9421,NODE-6727,SATCOM,128,859,SUCCESS
2025-01-01 05:16:55,NODE-6933,NODE-5206,FIBER,215,312,SUCCESS
2025-01-01 05:16:59,NODE-2844,NODE-2112,FIBER,120,871,SUCCESS
2025-01-01 05:17:03,NODE-1508,NODE-1629,RF,118,884,SUCCESS
2025-01-01 05:17:05,NODE-4134,NODE-2045,RF,1575,1178,DELAY
2025-01-01 05:17:09,NODE-4616,NODE-4464,SATCOM,1108,1270,DELAY
2025-01-01 05:17:10,NODE-6568,NODE-6904,RF,132,242,SUCCESS
2025-01-01 05:17:11,NODE-6195,NODE-8082,FIBER,2367,5280,FAIL
2025-01-01 05:17:14,NODE-7207,NODE-2899,SATCOM,227,1448,SUCCESS
2025-01-01 05:17:16,NODE-7149,NODE-7028,SATCOM,193,917,SUCCESS
2025-01-01 05:17:19,NODE-4243,NODE-6386,SATCOM,223,769,SUCCESS
2025-01-01 05:17:21,NODE-2533,NODE-2615,SATCOM,129,1169,SUCCESS
2025-01-01 05:17:25,NODE-5566,NODE-1143,SATCOM,1031,707,DELAY
2025-01-01 05:17:27,NODE-8628,NODE-3527,FIBER,152,628,SUCCESS
2025-01-01 05:17:31,NODE-5153,NODE-9292,SATCOM,244,452,SUCCESS
2025-01-01 05:17:32,NODE-2914,NODE-9290,RF,1293,490,DELAY
2025-01-01 05:17:33,NODE-8856,NODE-2921,FIBER,990,663,DELAY
2025-01-01 05:17:34,NODE-9909,NODE-4527,SATCOM,1340,696,DELAY
2025-01-01 05:17:35,NODE-4553,NODE-4768,SATCOM,807,357,DELAY
2025-01-01 05:17:37,NODE-6868,NODE-1045,SATCOM,167,1079,SUCCESS
2025-01-01 05:17:39,NODE-4339,NODE-8951,RF,110,761,SUCCESS
2025-01-01 05:17:42,NODE-3999,NODE-5940,FIBER,116,1370,SUCCESS
2025-01-01 05:17:44,NODE-6411,NODE-2498,RF,105,1216,SUCCESS
2025-01-01 05:17:48,NODE-3697,NODE-1893,FIBER,126,971,SUCCESS
2025-01-01 05:17:50,NODE-7001,NODE-8990,FIBER,93,733,SUCCESS
2025-01-01 05:17:52,NODE-3486,NODE-2398,FIBER,92,833,SUCCESS
2025-01-01 05:17:54,NODE-1910,NODE-6362,RF,126,1218,SUCCESS
2025-01-01 05:17:55,NODE-7424,NODE-9081,FIBER,95,361,SUCCESS
2025-01-01 05:17:58,NODE-5106,NODE-7079,RF,102,1213,SUCCESS
2025-01-01 05:18:02,NODE-8229,NODE-8692,FIBER,179,1203,SUCCESS
2025-01-01 05:18:06,NODE-4409,NODE-9014,RF,209,283,SUCCESS
2025-01-01 05:18:09,NODE-5938,NODE-5256,RF,1370,1121,DELAY
2025-01-01 05:18:11,NODE-6427,NODE-2780,RF,108,879,SUCCESS
2025-01-01 05:18:13,NODE-2882,NODE-9977,SATCOM,192,402,SUCCESS
2025-01-01 05:18:15,NODE-9937,NODE-9589,SATCOM,69,319,SUCCESS
2025-01-01 05:18:19,NODE-3034,NODE-1273,SATCOM,153,838,SUCCESS
2025-01-01 05:18:20,NODE-3166,NODE-7848,SATCOM,118,1303,SUCCESS
2025-01-01 05:18:21,NODE-4026,NODE-1949,FIBER,60,1352,SUCCESS
2025-01-01 05:18:22,NODE-3638,NODE-4782,SATCOM,148,318,SUCCESS
2025-01-01 05:18:23,NODE-2329,NODE-4922,FIBER,189,331,SUCCESS
2025-01-01 05:18:25,NODE-5809,NODE-1440,RF,205,1449,SUCCESS
2025-01-01 05:18:27,NODE-1648,NODE-3153,SATCOM,83,1210,SUCCESS
2025-01-01 05:18:31,NODE-1066,NODE-2791,RF,242,399,SUCCESS
2025-01-01 05:18:34,NODE-1906,NODE-1720,SATCOM,139,909,SUCCESS
2025-01-01 05:18:35,NODE-3266,NODE-3106,FIBER,220,365,SUCCESS
2025-01-01 05:18:37,NODE-9663,NODE-2797,RF,1380,1478,DELAY
2025-01-01 05:18:41,NODE-9263,NODE-8326,FIBER,100,836,SUCCESS
2025-01-01 05:18:44,NODE-9194,NODE-9653,SATCOM,142,650,SUCCESS
2025-01-01 05:18:45,NODE-2174,NODE-6353,RF,967,626,DELAY
2025-01-01 05:18:47,NODE-1052,NODE-3453,SATCOM,152,717,SUCCESS
2025-01-01 05:18:48,NODE-6616,NODE-7417,FIBER,124,689,SUCCESS
2025-01-01 05:18:49,NODE-9825,NODE-2204,SATCOM,211,265,SUCCESS
2025-01-01 05:18:51,NODE-1007,NODE-6391,SATCOM,152,452,SUCCESS
2025-01-01 05:18:54,NODE-8994,NODE-7869,RF,210,926,SUCCESS
2025-01-01 05:18:57,NODE-6455,NODE-1516,SATCOM,146,1101,SUCCESS
2025-01-01 05:18:59,NODE-7031,NODE-3608,SATCOM,231,843,SUCCESS
2025-01-01 05:19:02,NODE-5921,NODE-2286,SATCOM,214,787,SUCCESS
2025-01-01 05:19:04,NODE-7224,NODE-4869,SATCOM,55,1426,SUCCESS
2025-01-01 05:19:06,NODE-7469,NODE-8971,RF,148,798,SUCCESS
2025-01-01 05:19:08,NODE-2557,NODE-6989,SATCOM,98,370,SUCCESS
2025-01-01 05:19:12,NODE-4457,NODE-9069,SATCOM,92,208,SUCCESS
2025-01-01 05:19:14,NODE-9448,NODE-9514,FIBER,163,843,SUCCESS
2025-01-01 05:19:18,NODE-5005,NODE-5659,SATCOM,76,565,SUCCESS
2025-01-01 05:19:19,NODE-6958,NODE-6458,SATCOM,228,542,SUCCESS
2025-01-01 05:19:21,NODE-4419,NODE-6525,FIBER,95,482,SUCCESS
2025-01-01 05:19:25,NODE-7366,NODE-5753,FIBER,141,1330,SUCCESS
2025-01-01 05:19:29,NODE-5621,NODE-8146,SATCOM,41,379,SUCCESS
2025-01-01 05:19:30,NODE-4369,NODE-2186,RF,242,976,SUCCESS
2025-01-01 05:19:32,NODE-5331,NODE-4849,SATCOM,196,1045,SUCCESS
2025-01-01 05:19:36,NODE-1026,NODE-6709,SATCOM,817,287,DELAY
2025-01-01 05:19:40,NODE-9073,NODE-7134,RF,2852,4221,FAIL
2025-01-01 05:19:42,NODE-3156,NODE-1254,FIBER,175,792,SUCCESS
2025-01-01 05:19:45,NODE-8514,NODE-8470,SATCOM,244,316,SUCCESS
2025-01-01 05:19:47,NODE-8267,NODE-8104,RF,117,866,SUCCESS
2025-01-01 05:19:50,NODE-8715,NODE-7937,SATCOM,49,294,SUCCESS
2025-01-01 05:19:52,NODE-8693,NODE-8550,RF,967,1054,DELAY
2025-01-01 05:19:53,NODE-4891,NODE-8340,RF,144,795,SUCCESS
2025-01-01 05:19:56,NODE-8468,NODE-8177,FIBER,179,1158,SUCCESS
2025-01-01 05:19:58,NODE-2363,NODE-6387,FIBER,149,1017,SUCCESS
2025-01-01 05:20:01,NODE-2947,NODE-9148,FIBER,86,497,SUCCESS
2025-01-01 05:20:05,NODE-4167,NODE-6187,FIBER,148,1172,SUCCESS
2025-01-01 05:20:06,NODE-7722,NODE-4030,FIBER,138,836,SUCCESS
2025-01-01 05:20:09,NODE-2397,NODE-3987,FIBER,102,705,SUCCESS
2025-01-01 05:20:12,NODE-7070,NODE-9981,SATCOM,106,975,SUCCESS
2025-01-01 05:20:15,NODE-1035,NODE-9178,RF,58,996,SUCCESS
2025-01-01 05:20:17,NODE-6735,NODE-6054,RF,102,865,SUCCESS
2025-01-01 05:20:21,NODE-8416,NODE-8942,FIBER,80,1369,SUCCESS
2025-01-01 05:20:23,NODE-8069,NODE-3372,FIBER,129,384,SUCCESS
2025-01-01 05:20:27,NODE-6691,NODE-3722,FIBER,108,381,SUCCESS
2025-01-01 05:20:28,NODE-2846,NODE-6951,FIBER,111,1334,SUCCESS
2025-01-01 05:20:32,NODE-7497,NODE-3882,FIBER,1315,815,DELAY
2025-01-01 05:20:36,NODE-6648,NODE-4706,FIBER,44,1491,SUCCESS
2025-01-01 05:20:37,NODE-6883,NODE-7373,RF,185,703,SUCCESS
2025-01-01 05:20:39,NODE-6257,NODE-1521,SATCOM,146,1391,SUCCESS
2025-01-01 05:20:41,NODE-5175,NODE-3385,SATCOM,231,1357,SUCCESS
2025-01-01 05:20:42,NODE-7198,NODE-1579,SATCOM,170,563,SUCCESS
2025-01-01 05:20:44,NODE-7091,NODE-1078,FIBER,209,765,SUCCESS
2025-01-01 05:20:48,NODE-7727,NODE-6209,FIBER,3062,4644,FAIL
2025-01-01 05:20:51,NODE-4968,NODE-3543,RF,2066,4842,FAIL
2025-01-01 05:20:55,NODE-7171,NODE-3545,SATCOM,83,760,SUCCESS
2025-01-01 05:20:56,NODE-9956,NODE-1627,RF,102,658,SUCCESS
2025-01-01 05:21:00,NODE-9773,NODE-3342,FIBER,159,425,SUCCESS
2025-01-01 05:21:01,NODE-8949,NODE-3586,RF,141,1438,SUCCESS
2025-01-01 05:21:03,NODE-1145,NODE-2869,SATCOM,149,476,SUCCESS
2025-01-01 05:21:04,NODE-9963,NODE-5454,FIBER,190,418,SUCCESS
2025-01-01 05:21:08,NODE-3035,NODE-5811,SATCOM,1532,613,DELAY
2025-01-01 05:21:11,NODE-4634,NODE-1528,FIBER,143,776,SUCCESS
2025-01-01 05:21:13,NODE-7214,NODE-8419,SATCOM,74,1095,SUCCESS
2025-01-01 05:21:14,NODE-7339,NODE-7683,RF,93,1495,SUCCESS
2025-01-01 05:21:18,NODE-1169,NODE-9651,SATCOM,225,1341,SUCCESS
2025-01-01 05:21:19,NODE-6545,NODE-9168,FIBER,170,445,SUCCESS
2025-01-01 05:21:23,NODE-4131,NODE-8442,SATCOM,215,528,SUCCESS
2025-01-01 05:21:27,NODE-8286,NODE-1562,SATCOM,117,632,SUCCESS
2025-01-01 05:21:29,NODE-9225,NODE-9248,SATCOM,130,1055,SUCCESS
2025-01-01 05:21:30,NODE-7975,NODE-9544,FIBER,48,729,SUCCESS
2025-01-01 05:21:32,NODE-2899,NODE-4510,FIBER,194,1108,SUCCESS
2025-01-01 05:21:34,NODE-4281,NODE-3854,FIBER,199,463,SUCCESS
2025-01-01 05:21:36,NODE-2830,NODE-5784,RF,148,1420,SUCCESS
2025-01-01 05:21:40,NODE-7883,NODE-5955,FIBER,238,202,SUCCESS
2025-01-01 05:21:43,NODE-3135,NODE-2526,FIBER,239,1107,SUCCESS
2025-01-01 05:21:47,NODE-9172,NODE-1248,FIBER,237,434,SUCCESS
2025-01-01 05:21:48,NODE-8938,NODE-6056,SATCOM,238,1291,SUCCESS
2025-01-01 05:21:50,NODE-9967,NODE-3688,RF,152,1157,SUCCESS
2025-01-01 05:21:51,NODE-5941,NODE-7784,SATCOM,164,1286,SUCCESS
2025-01-01 05:21:54,NODE-3984,NODE-6272,RF,117,735,SUCCESS
2025-01-01 05:21:56,NODE-7231,NODE-1779,FIBER,114,982,SUCCESS
2025-01-01 05:21:59,NODE-2284,NODE-5733,SATCOM,47,1373,SUCCESS
2025-01-01 05:22:02,NODE-1263,NODE-2331,SATCOM,204,1247,SUCCESS
2025-01-01 05:22:04,NODE-2410,NODE-5767,SATCOM,104,207,SUCCESS
2025-01-01 05:22:07,NODE-4732,NODE-7281,FIBER,119,802,SUCCESS
2025-01-01 05:22:11,NODE-7414,NODE-9035,RF,1589,1058,DELAY
2025-01-01 05:22:12,NODE-4830,NODE-4343,SATCOM,196,983,SUCCESS
2025-01-01 05:22:16,NODE-3316,NODE-3544,SATCOM,242,711,SUCCESS
2025-01-01 05:22:20,NODE-2478,NODE-9662,FIBER,217,500,SUCCESS
2025-01-01 05:22:21,NODE-6967,NODE-2773,FIBER,183,1182,SUCCESS
2025-01-01 05:22:25,NODE-3913,NODE-4733,SATCOM,178,645,SUCCESS
2025-01-01 05:22:26,NODE-8027,NODE-7119,SATCOM,199,520,SUCCESS
2025-01-01 05:22:27,NODE-5255,NODE-7513,RF,218,203,SUCCESS
2025-01-01 05:22:29,NODE-2271,NODE-9048,SATCOM,149,1266,SUCCESS
2025-01-01 05:22:31,NODE-7423,NODE-4492,FIBER,184,624,SUCCESS
2025-01-01 05:22:34,NODE-6910,NODE-5725,SATCOM,102,990,SUCCESS
2025-01-01 05:22:35,NODE-7444,NODE-8531,FIBER,181,583,SUCCESS
2025-01-01 05:22:38,NODE-8902,NODE-3103,RF,158,996,SUCCESS
2025-01-01 05:22:39,NODE-8082,NODE-3339,RF,233,1328,SUCCESS
2025-01-01 05:22:43,NODE-2720,NODE-5308,RF,957,624,DELAY
2025-01-01 05:22:44,NODE-4786,NODE-2868,RF,112,271,SUCCESS
2025-01-01 05:22:47,NODE-5754,NODE-5487,FIBER,75,287,SUCCESS
2025-01-01 05:22:51,NODE-3928,NODE-3875,FIBER,1163,1446,DELAY
2025-01-01 05:22:53,NODE-2858,NODE-4217,FIBER,1034,1119,DELAY
2025-01-01 05:22:54,NODE-8457,NODE-4263,RF,202,814,SUCCESS
2025-01-01 05:22:56,NODE-2884,NODE-4461,RF,1184,1430,DELAY
2025-01-01 05:22:58,NODE-7514,NODE-1316,FIBER,126,452,SUCCESS
2025-01-01 05:23:01,NODE-5660,NODE-5789,FIBER,54,962,SUCCESS
2025-01-01 05:23:05,NODE-3669,NODE-1717,FIBER,71,698,SUCCESS
2025-01-01 05:23:08,NODE-6679,NODE-9070,SATCOM,1543,510,DELAY
2025-01-01 05:23:10,NODE-1468,NODE-5073,RF,169,700,SUCCESS
2025-01-01 05:23:12,NODE-5647,NODE-2595,SATCOM,98,570,SUCCESS
2025-01-01 05:23:15,NODE-5769,NODE-3349,SATCOM,163,1370,SUCCESS
2025-01-01 05:23:16,NODE-4401,NODE-2442,FIBER,85,401,SUCCESS
2025-01-01 05:23:17,NODE-9419,NODE-2406,SATCOM,56,1495,SUCCESS
2025-01-01 05:23:19,NODE-9518,NODE-8467,SATCOM,1174,822,DELAY
2025-01-01 05:23:23,NODE-7147,NODE-8043,SATCOM,241,340,SUCCESS
2025-01-01 05:23:27,NODE-2682,NODE-9817,SATCOM,184,610,SUCCESS
2025-01-01 05:23:30,NODE-8340,NODE-1701,SATCOM,3054,3883,FAIL
2025-01-01 05:23:31,NODE-2582,NODE-4275,RF,114,210,SUCCESS
2025-01-01 05:23:33,NODE-1900,NODE-4223,SATCOM,71,1124,SUCCESS
2025-01-01 05:23:34,NODE-2515,NODE-3385,RF,239,834,SUCCESS
2025-01-01 05:23:35,NODE-4320,NODE-3542,RF,86,1041,SUCCESS
2025-01-01 05:23:38,NODE-6679,NODE-2198,FIBER,146,755,SUCCESS
2025-01-01 05:23:42,NODE-7120,NODE-6806,RF,108,941,SUCCESS
2025-01-01 05:23:46,NODE-7131,NODE-8122,RF,189,723,SUCCESS
2025-01-01 05:23:50,NODE-1031,NODE-4477,SATCOM,1493,498,DELAY
2025-01-01 05:23:52,NODE-8656,NODE-2614,RF,83,726,SUCCESS
2025-01-01 05:23:56,NODE-8223,NODE-1065,RF,121,1313,SUCCESS
2025-01-01 05:23:58,NODE-9228,NODE-2630,FIBER,120,1191,SUCCESS
2025-01-01 05:23:59,NODE-9460,NODE-4247,FIBER,185,208,SUCCESS
2025-01-01 05:24:01,NODE-6546,NODE-4800,FIBER,942,1305,DELAY
2025-01-01 05:24:04,NODE-8309,NODE-7023,SATCOM,221,410,SUCCESS
2025-01-01 05:24:07,NODE-9426,NODE-8073,SATCOM,212,247,SUCCESS
2025-01-01 05:24:08,NODE-1752,NODE-1863,RF,182,1183,SUCCESS
2025-01-01 05:24:12,NODE-4835,NODE-4150,FIBER,224,556,SUCCESS
2025-01-01 05:24:16,NODE-9028,NODE-5285,RF,135,1094,SUCCESS
2025-01-01 05:24:19,NODE-7352,NODE-4936,RF,232,1334,SUCCESS
2025-01-01 05:24:20,NODE-9108,NODE-4546,SATCOM,1310,791,DELAY
2025-01-01 05:24:24,NODE-5983,NODE-1577,SATCOM,228,342,SUCCESS
2025-01-01 05:24:26,NODE-6381,NODE-8449,SATCOM,161,218,SUCCESS
2025-01-01 05:24:30,NODE-2981,NODE-1528,FIBER,229,963,SUCCESS
2025-01-01 05:24:31,NODE-7134,NODE-6355,SATCOM,202,799,SUCCESS
2025-01-01 05:24:34,NODE-2295,NODE-1447,RF,180,206,SUCCESS
2025-01-01 05:24:37,NODE-5223,NODE-7946,FIBER,1842,6436,FAIL
2025-01-01 05:24:38,NODE-5226,NODE-7674,RF,60,828,SUCCESS
2025-01-01 05:24:40,NODE-7732,NODE-6688,FIBER,63,677,SUCCESS
2025-01-01 05:24:42,NODE-6474,NODE-1761,FIBER,191,1259,SUCCESS
2025-01-01 05:24:44,NODE-5117,NODE-7479,SATCOM,227,1287,SUCCESS
2025-01-01 05:24:45,NODE-6670,NODE-6579,SATCOM,1397,489,DELAY
2025-01-01 05:24:49,NODE-8765,NODE-8945,FIBER,108,1328,SUCCESS
2025-01-01 05:24:53,NODE-6634,NODE-9365,SATCOM,172,906,SUCCESS
2025-01-01 05:24:55,NODE-3176,NODE-7752,SATCOM,1124,1140,DELAY
2025-01-01 05:24:56,NODE-1266,NODE-6453,FIBER,132,384,SUCCESS
2025-01-01 05:25:00,NODE-7559,NODE-1651,SATCOM,96,1441,SUCCESS
2025-01-01 05:25:02,NODE-7375,NODE-4678,FIBER,62,561,SUCCESS
2025-01-01 05:25:03,NODE-7828,NODE-3519,FIBER,109,1299,SUCCESS
2025-01-01 05:25:05,NODE-5024,NODE-8716,SATCOM,3075,3893,FAIL
2025-01-01 05:25:08,NODE-4797,NODE-9441,RF,53,929,SUCCESS
2025-01-01 05:25:10,NODE-3903,NODE-4185,FIBER,118,1096,SUCCESS
2025-01-01 05:25:13,NODE-6158,NODE-3798,SATCOM,89,441,SUCCESS
2025-01-01 05:25:14,NODE-4056,NODE-4069,RF,171,883,SUCCESS
2025-01-01 05:25:18,NODE-1381,NODE-2775,SATCOM,145,733,SUCCESS
2025-01-01 05:25:20,NODE-1312,NODE-5669,RF,209,1452,SUCCESS
2025-01-01 05:25:24,NODE-8634,NODE-9597,RF,88,817,SUCCESS
2025-01-01 05:25:28,NODE-8925,NODE-8680,RF,73,1181,SUCCESS
2025-01-01 05:25:29,NODE-9166,NODE-6280,RF,65,934,SUCCESS
2025-01-01 05:25:32,NODE-5481,NODE-6113,SATCOM,81,908,SUCCESS
2025-01-01 05:25:35,NODE-3820,NODE-6208,FIBER,247,1187,SUCCESS
2025-01-01 05:25:38,NODE-8619,NODE-3989,SATCOM,95,860,SUCCESS
2025-01-01 05:25:41,NODE-1407,NODE-6397,SATCOM,145,1370,SUCCESS
2025-01-01 05:25:45,NODE-8634,NODE-5243,FIBER,200,429,SUCCESS
2025-01-01 05:25:47,NODE-1030,NODE-7071,SATCOM,149,1249,SUCCESS
2025-01-01 05:25:51,NODE-8915,NODE-3135,RF,96,836,SUCCESS
2025-01-01 05:25:55,NODE-8820,NODE-1459,RF,194,410,SUCCESS
2025-01-01 05:25:56,NODE-7699,NODE-5937,SATCOM,154,1356,SUCCESS
2025-01-01 05:26:00,NODE-5792,NODE-9727,RF,56,541,SUCCESS
2025-01-01 05:26:01,NODE-5394,NODE-7205,FIBER,130,822,SUCCESS
2025-01-01 05:26:02,NODE-8035,NODE-6301,FIBER,53,965,SUCCESS
2025-01-01 05:26:04,NODE-9375,NODE-6309,RF,99,988,SUCCESS
2025-01-01 05:26:05,NODE-2275,NODE-9045,FIBER,211,1493,SUCCESS
2025-01-01 05:26:08,NODE-1632,NODE-7718,FIBER,237,742,SUCCESS
2025-01-01 05:26:09,NODE-9751,NODE-4850,SATCOM,175,1072,SUCCESS
2025-01-01 05:26:12,NODE-3176,NODE-1058,SATCOM,1435,840,DELAY
2025-01-01 05:26:15,NODE-1581,NODE-8834,RF,982,642,DELAY
2025-01-01 05:26:16,NODE-9141,NODE-2349,SATCOM,44,1182,SUCCESS
2025-01-01 05:26:19,NODE-8421,NODE-6584,FIBER,187,1462,SUCCESS
2025-01-01 05:26:23,NODE-9703,NODE-7095,RF,202,418,SUCCESS
2025-01-01 05:26:24,NODE-3985,NODE-3809,RF,177,1119,SUCCESS
2025-01-01 05:26:28,NODE-7039,NODE-5383,RF,94,576,SUCCESS
2025-01-01 05:26:30,NODE-4833,NODE-5995,SATCOM,243,976,SUCCESS
2025-01-01 05:26:31,NODE-1032,NODE-6183,RF,223,413,SUCCESS
2025-01-01 05:26:32,NODE-3979,NODE-2250,FIBER,244,822,SUCCESS
2025-01-01 05:26:36,NODE-5420,NODE-4130,SATCOM,171,675,SUCCESS
2025-01-01 05:26:37,NODE-5609,NODE-2583,RF,100,808,SUCCESS
2025-01-01 05:26:41,NODE-6901,NODE-6664,FIBER,100,1441,SUCCESS
2025-01-01 05:26:44,NODE-2938,NODE-7075,SATCOM,229,1394,SUCCESS
2025-01-01 05:26:47,NODE-4727,NODE-1355,SATCOM,249,378,SUCCESS
2025-01-01 05:26:51,NODE-2025,NODE-7775,FIBER,219,322,SUCCESS
2025-01-01 05:26:52,NODE-8821,NODE-2622,FIBER,95,569,SUCCESS
2025-01-01 05:26:53,NODE-8190,NODE-6195,SATCOM,78,307,SUCCESS
2025-01-01 05:26:57,NODE-1129,NODE-5062,RF,116,1352,SUCCESS
2025-01-01 05:26:58,NODE-8996,NODE-8570,FIBER,2911,4975,FAIL
2025-01-01 05:27:02,NODE-3363,NODE-9525,FIBER,190,877,SUCCESS
2025-01-01 05:27:03,NODE-1516,NODE-7455,RF,232,849,SUCCESS
2025-01-01 05:27:06,NODE-4637,NODE-3867,RF,142,1342,SUCCESS
2025-01-01 05:27:08,NODE-7939,NODE-8843,FIBER,179,757,SUCCESS
2025-01-01 05:27:12,NODE-7189,NODE-3709,SATCOM,246,609,SUCCESS
2025-01-01 05:27:15,NODE-7483,NODE-4956,SATCOM,136,953,SUCCESS
2025-01-01 05:27:19,NODE-3958,NODE-2572,SATCOM,994,1197,DELAY
2025-01-01 05:27:22,NODE-6301,NODE-9838,FIBER,184,559,SUCCESS
2025-01-01 05:27:26,NODE-8443,NODE-6615,FIBER,245,458,SUCCESS
2025-01-01 05:27:30,NODE-9071,NODE-4883,SATCOM,105,1002,SUCCESS
2025-01-01 05:27:31,NODE-6644,NODE-3932,SATCOM,188,863,SUCCESS
2025-01-01 05:27:32,NODE-2528,NODE-3713,RF,232,1281,SUCCESS
2025-01-01 05:27:34,NODE-4272,NODE-3281,FIBER,160,210,SUCCESS
2025-01-01 05:27:35,NODE-2344,NODE-1786,FIBER,185,257,SUCCESS
2025-01-01 05:27:37,NODE-8269,NODE-9341,FIBER,41,705,SUCCESS
2025-01-01 05:27:41,NODE-4014,NODE-8467,SATCOM,108,1387,SUCCESS
2025-01-01 05:27:45,NODE-8533,NODE-7906,RF,218,268,SUCCESS
2025-01-01 05:27:46,NODE-8776,NODE-1682,FIBER,85,349,SUCCESS
2025-01-01 05:27:49,NODE-9291,NODE-3071,SATCOM,188,1318,SUCCESS
2025-01-01 05:27:52,NODE-6621,NODE-8392,RF,2909,4078,FAIL
2025-01-01 05:27:55,NODE-7611,NODE-2534,RF,246,1324,SUCCESS
2025-01-01 05:27:57,NODE-6004,NODE-6122,SATCOM,1303,690,DELAY
2025-01-01 05:28:00,NODE-5855,NODE-1510,FIBER,162,1274,SUCCESS
2025-01-01 05:28:01,NODE-6670,NODE-2609,SATCOM,134,626,SUCCESS
2025-01-01 05:28:05,NODE-3874,NODE-5487,RF,88,539,SUCCESS
2025-01-01 05:28:06,NODE-5952,NODE-4175,RF,840,1301,DELAY
2025-01-01 05:28:07,NODE-8478,NODE-2911,SATCOM,75,441,SUCCESS
2025-01-01 05:28:08,NODE-5371,NODE-7250,RF,109,1226,SUCCESS
2025-01-01 05:28:11,NODE-3912,NODE-9837,FIBER,148,248,SUCCESS
2025-01-01 05:28:14,NODE-5247,NODE-7055,RF,191,1439,SUCCESS
2025-01-01 05:28:18,NODE-1765,NODE-8303,FIBER,1332,590,DELAY
2025-01-01 05:28:20,NODE-1381,NODE-7178,SATCOM,193,454,SUCCESS
2025-01-01 05:28:21,NODE-5634,NODE-5345,SATCOM,223,474,SUCCESS
2025-01-01 05:28:24,NODE-9724,NODE-1553,FIBER,142,1107,SUCCESS
2025-01-01 05:28:26,NODE-9049,NODE-4381,SATCOM,100,1432,SUCCESS
2025-01-01 05:28:28,NODE-5375,NODE-5087,SATCOM,242,1248,SUCCESS
2025-01-01 05:28:30,NODE-9151,NODE-9472,FIBER,195,915,SUCCESS
2025-01-01 05:28:31,NODE-9483,NODE-9058,SATCOM,88,923,SUCCESS
2025-01-01 05:28:35,NODE-1867,NODE-8953,SATCOM,240,1290,SUCCESS
2025-01-01 05:28:38,NODE-5857,NODE-7897,RF,65,1281,SUCCESS
2025-01-01 05:28:41,NODE-6098,NODE-7659,RF,120,904,SUCCESS
2025-01-01 05:28:45,NODE-7423,NODE-8357,FIBER,163,783,SUCCESS
2025-01-01 05:28:46,NODE-2389,NODE-9858,SATCOM,166,1382,SUCCESS
2025-01-01 05:28:47,NODE-8772,NODE-6478,FIBER,138,703,SUCCESS
2025-01-01 05:28:49,NODE-5831,NODE-2481,SATCOM,980,926,DELAY
2025-01-01 05:28:51,NODE-5772,NODE-7587,SATCOM,226,1250,SUCCESS
2025-01-01 05:28:55,NODE-4201,NODE-5619,FIBER,166,1347,SUCCESS
2025-01-01 05:28:59,NODE-9274,NODE-5783,RF,1182,792,DELAY
2025-01-01 05:29:01,NODE-2325,NODE-9159,RF,192,1340,SUCCESS
2025-01-01 05:29:04,NODE-8574,NODE-2269,RF,99,1129,SUCCESS
2025-01-01 05:29:07,NODE-1798,NODE-5668,SATCOM,184,1237,SUCCESS
2025-01-01 05:29:08,NODE-2269,NODE-7869,SATCOM,197,546,SUCCESS
2025-01-01 05:29:11,NODE-6347,NODE-8566,SATCOM,108,476,SUCCESS
2025-01-01 05:29:15,NODE-9605,NODE-8589,FIBER,45,424,SUCCESS
2025-01-01 05:29:18,NODE-6803,NODE-9733,FIBER,2342,5625,FAIL
2025-01-01 05:29:20,NODE-5987,NODE-1122,RF,974,489,DELAY
2025-01-01 05:29:24,NODE-7713,NODE-1720,RF,940,1385,DELAY
2025-01-01 05:29:26,NODE-1985,NODE-5689,SATCOM,246,1109,SUCCESS
2025-01-01 05:29:28,NODE-5326,NODE-9440,RF,51,403,SUCCESS
2025-01-01 05:29:31,NODE-6246,NODE-5142,SATCOM,168,200,SUCCESS
2025-01-01 05:29:34,NODE-5991,NODE-8593,RF,108,1401,SUCCESS
2025-01-01 05:29:35,NODE-5976,NODE-1852,SATCOM,63,957,SUCCESS
2025-01-01 05:29:39,NODE-2473,NODE-3593,SATCOM,2221,6630,FAIL
2025-01-01 05:29:40,NODE-5361,NODE-8517,SATCOM,236,421,SUCCESS
2025-01-01 05:29:42,NODE-8505,NODE-8893,RF,49,1091,SUCCESS
2025-01-01 05:29:46,NODE-6005,NODE-9473,RF,136,587,SUCCESS
2025-01-01 05:29:47,NODE-5004,NODE-4013,FIBER,246,283,SUCCESS
2025-01-01 05:29:49,NODE-5323,NODE-4964,RF,141,300,SUCCESS
2025-01-01 05:29:50,NODE-1220,NODE-2892,SATCOM,64,756,SUCCESS
2025-01-01 05:29:54,NODE-7393,NODE-5889,RF,243,912,SUCCESS
2025-01-01 05:29:57,NODE-8196,NODE-3222,RF,142,1427,SUCCESS
2025-01-01 05:30:00,NODE-1603,NODE-8109,FIBER,1049,323,DELAY
2025-01-01 05:30:04,NODE-9096,NODE-4350,SATCOM,147,1333,SUCCESS
2025-01-01 05:30:08,NODE-5609,NODE-9491,RF,1310,1210,DELAY
2025-01-01 05:30:09,NODE-3174,NODE-8901,SATCOM,225,976,SUCCESS
2025-01-01 05:30:10,NODE-8309,NODE-8830,FIBER,105,335,SUCCESS
2025-01-01 05:30:13,NODE-9272,NODE-7493,RF,190,215,SUCCESS
2025-01-01 05:30:14,NODE-5216,NODE-1766,FIBER,99,1238,SUCCESS
2025-01-01 05:30:17,NODE-3729,NODE-2427,FIBER,890,769,DELAY
2025-01-01 05:30:20,NODE-8391,NODE-5939,RF,241,1030,SUCCESS
2025-01-01 05:30:24,NODE-7823,NODE-2649,RF,160,774,SUCCESS
2025-01-01 05:30:28,NODE-9890,NODE-7264,FIBER,2069,5700,FAIL
2025-01-01 05:30:31,NODE-6306,NODE-7335,FIBER,132,1162,SUCCESS
2025-01-01 05:30:32,NODE-3848,NODE-5560,RF,2143,4964,FAIL
2025-01-01 05:30:36,NODE-1355,NODE-2106,SATCOM,136,1410,SUCCESS
2025-01-01 05:30:40,NODE-8861,NODE-8125,RF,804,1104,DELAY
2025-01-01 05:30:43,NODE-5094,NODE-9997,SATCOM,141,979,SUCCESS
2025-01-01 05:30:47,NODE-1205,NODE-6727,SATCOM,243,1236,SUCCESS
2025-01-01 05:30:48,NODE-6756,NODE-9049,SATCOM,44,951,SUCCESS
2025-01-01 05:30:52,NODE-2717,NODE-4446,SATCOM,2514,4445,FAIL
2025-01-01 05:30:54,NODE-1057,NODE-1877,SATCOM,1377,1324,DELAY
2025-01-01 05:30:56,NODE-7851,NODE-7927,FIBER,92,856,SUCCESS
2025-01-01 05:31:00,NODE-2801,NODE-4255,SATCOM,134,1307,SUCCESS
2025-01-01 05:31:02,NODE-6994,NODE-5917,SATCOM,89,1365,SUCCESS
2025-01-01 05:31:04,NODE-3250,NODE-3586,RF,191,220,SUCCESS
2025-01-01 05:31:06,NODE-8411,NODE-3690,SATCOM,81,607,SUCCESS
2025-01-01 05:31:08,NODE-5121,NODE-5947,FIBER,159,454,SUCCESS
2025-01-01 05:31:10,NODE-7852,NODE-8188,SATCOM,244,334,SUCCESS
2025-01-01 05:31:11,NODE-1420,NODE-5245,SATCOM,206,1105,SUCCESS
2025-01-01 05:31:14,NODE-3487,NODE-3056,SATCOM,206,1207,SUCCESS
2025-01-01 05:31:18,NODE-2635,NODE-6547,FIBER,222,813,SUCCESS
2025-01-01 05:31:22,NODE-9748,NODE-4339,FIBER,216,355,SUCCESS
2025-01-01 05:31:23,NODE-2631,NODE-4872,SATCOM,181,605,SUCCESS
2025-01-01 05:31:25,NODE-4097,NODE-9985,SATCOM,193,537,SUCCESS
2025-01-01 05:31:28,NODE-3254,NODE-8551,RF,198,480,SUCCESS
2025-01-01 05:31:30,NODE-8647,NODE-2853,SATCOM,175,848,SUCCESS
2025-01-01 05:31:33,NODE-5393,NODE-1918,FIBER,91,961,SUCCESS
2025-01-01 05:31:36,NODE-8506,NODE-1995,RF,1109,868,DELAY
2025-01-01 05:31:39,NODE-3278,NODE-2581,RF,160,283,SUCCESS
2025-01-01 05:31:41,NODE-9965,NODE-9292,RF,1066,231,DELAY
2025-01-01 05:31:43,NODE-4672,NODE-6014,RF,173,305,SUCCESS
2025-01-01 05:31:47,NODE-3163,NODE-7201,RF,65,381,SUCCESS
2025-01-01 05:31:49,NODE-6061,NODE-9473,FIBER,113,565,SUCCESS
2025-01-01 05:31:52,NODE-6269,NODE-5117,SATCOM,66,301,SUCCESS
2025-01-01 05:31:56,NODE-8906,NODE-3885,FIBER,124,415,SUCCESS
2025-01-01 05:31:57,NODE-5795,NODE-8138,SATCOM,40,1465,SUCCESS
2025-01-01 05:32:01,NODE-8306,NODE-9066,RF,1507,908,DELAY
2025-01-01 05:32:05,NODE-9241,NODE-1021,FIBER,1241,1204,DELAY
2025-01-01 05:32:07,NODE-6103,NODE-1779,RF,100,1303,SUCCESS
2025-01-01 05:32:11,NODE-4107,NODE-8128,FIBER,136,1438,SUCCESS
2025-01-01 05:32:14,NODE-6806,NODE-1576,SATCOM,78,381,SUCCESS
2025-01-01 05:32:16,NODE-3237,NODE-8564,SATCOM,43,724,SUCCESS
2025-01-01 05:32:20,NODE-5525,NODE-4022,FIBER,47,751,SUCCESS
2025-01-01 05:32:23,NODE-4797,NODE-3115,SATCOM,210,1375,SUCCESS
2025-01-01 05:32:27,NODE-5472,NODE-9626,RF,136,811,SUCCESS
2025-01-01 05:32:28,NODE-8603,NODE-1603,FIBER,175,343,SUCCESS
2025-01-01 05:32:29,NODE-6428,NODE-2428,FIBER,61,1227,SUCCESS
